START TRANSACTION;
/*!40101 SET NAMES utf8, SQL_MODE='NO_AUTO_VALUE_ON_ZERO' */;
/*!40103 SET TIME_ZONE='+00:00' */;
/*!40014 SET UNIQUE_CHECKS=0, FOREIGN_KEY_CHECKS=0 */;
/*!40111 SET SQL_NOTES=0 */;
CREATE TABLE `xlite_address_field` (
  `id` int(11) NOT NULL AUTO_INCREMENT,
  `serviceName` varchar(128) COLLATE utf8_unicode_ci NOT NULL,
  `viewGetterName` varchar(128) COLLATE utf8_unicode_ci NOT NULL,
  `schemaClass` varchar(256) COLLATE utf8_unicode_ci NOT NULL,
  `additional` tinyint(1) NOT NULL,
  `required` tinyint(1) NOT NULL,
  `enabled` tinyint(1) NOT NULL,
  `position` int(11) NOT NULL,
  PRIMARY KEY (`id`),
  UNIQUE KEY `UNIQ_2A531832912ABBB5` (`serviceName`)
) ENGINE=InnoDB DEFAULT CHARSET=utf8 COLLATE=utf8_unicode_ci;
INSERT INTO `xlite_address_field` VALUES (1,'title','','\\XLite\\View\\FormField\\Select\\Title',0,0,0,0),(2,'firstname','','\\XLite\\View\\FormField\\Input\\Text',0,1,1,0),(3,'lastname','','\\XLite\\View\\FormField\\Input\\Text',0,1,1,0),(4,'street','','\\XLite\\View\\FormField\\Input\\Text',0,1,1,0),(5,'city','','\\XLite\\View\\FormField\\Input\\Text',0,1,1,0),(6,'country_code','country_name','\\XLite\\View\\FormField\\Select\\Country',0,1,1,0),(7,'state_id','state_name','\\XLite\\View\\FormField\\Select\\State',0,0,1,0),(8,'custom_state','state_name','\\XLite\\View\\FormField\\Input\\Text',0,0,1,0),(9,'zipcode','','\\XLite\\View\\FormField\\Input\\Text',0,1,1,0),(10,'phone','','\\XLite\\View\\FormField\\Input\\Text',0,1,1,0),(11,'type','type_name','\\XLite\\View\\FormField\\Select\\AddressType',0,0,0,0);
CREATE TABLE `xlite_address_field_translation` (
  `label_id` int(11) NOT NULL AUTO_INCREMENT,
  `id` int(11) DEFAULT NULL,
  `name` varchar(255) COLLATE utf8_unicode_ci NOT NULL,
  `code` char(2) COLLATE utf8_unicode_ci NOT NULL,
  PRIMARY KEY (`label_id`),
  KEY `IDX_430F4FF2BF396750` (`id`),
  CONSTRAINT `FK_430F4FF2BF396750` FOREIGN KEY (`id`) REFERENCES `xlite_address_field` (`id`) ON DELETE CASCADE
) ENGINE=InnoDB DEFAULT CHARSET=utf8 COLLATE=utf8_unicode_ci;
INSERT INTO `xlite_address_field_translation` VALUES (1,1,'Title','en'),(2,2,'First name','en'),(3,3,'Last name','en'),(4,4,'Address','en'),(5,5,'City','en'),(6,6,'Country','en'),(7,7,'State','en'),(8,8,'State','en'),(9,9,'Zip code','en'),(10,10,'Phone','en'),(11,11,'Address type','en');
CREATE TABLE `xlite_address_field_value` (
  `id` int(11) NOT NULL AUTO_INCREMENT,
  `address_field_id` int(11) DEFAULT NULL,
  `address_id` int(11) DEFAULT NULL,
  `value` varchar(255) COLLATE utf8_unicode_ci DEFAULT NULL,
  PRIMARY KEY (`id`),
  KEY `IDX_620FAD37BAB8F931` (`address_field_id`),
  KEY `IDX_620FAD37F5B7AF75` (`address_id`),
  CONSTRAINT `FK_620FAD37F5B7AF75` FOREIGN KEY (`address_id`) REFERENCES `xlite_profile_addresses` (`address_id`) ON DELETE CASCADE,
  CONSTRAINT `FK_620FAD37BAB8F931` FOREIGN KEY (`address_field_id`) REFERENCES `xlite_address_field` (`id`) ON DELETE SET NULL
) ENGINE=InnoDB DEFAULT CHARSET=utf8 COLLATE=utf8_unicode_ci;
INSERT INTO `xlite_address_field_value` VALUES (1,8,1,'Oklahoma'),(2,1,1,'Mr.'),(3,2,1,'Guest'),(4,3,1,'Guest'),(5,10,1,'0123456789'),(6,4,1,'51 apt, 87 street'),(7,5,1,'Edmond'),(8,7,1,'595'),(9,6,1,'US'),(10,9,1,'73003'),(11,8,2,'Oklahoma'),(12,1,2,'Mr.'),(13,2,2,'Guest'),(14,3,2,'Guest'),(15,10,2,'0123456789'),(16,4,2,'51 apt, 87 street'),(17,5,2,'Edmond'),(18,7,2,'595'),(19,6,2,'US'),(20,9,2,'73003'),(21,8,3,'Oklahoma'),(22,1,3,'Mr.'),(23,2,3,'Guest'),(24,3,3,'Guest'),(25,10,3,'0123456789'),(26,4,3,'51 apt, 87 street'),(27,5,3,'Edmond'),(28,7,3,'595'),(29,6,3,'US'),(30,9,3,'73003'),(31,8,4,'Oklahoma'),(32,1,4,'Mr.'),(33,2,4,'Guest'),(34,3,4,'Guest'),(35,10,4,'0123456789'),(36,4,4,'51 apt, 87 street'),(37,5,4,'Edmond'),(38,7,4,'595'),(39,6,4,'US'),(40,9,4,'73003'),(41,8,5,'Oklahoma'),(42,1,5,'Mr.'),(43,2,5,'Guest'),(44,3,5,'Guest'),(45,10,5,'0123456789'),(46,4,5,'51 apt, 87 street'),(47,5,5,'Edmond'),(48,7,5,'595'),(49,6,5,'US'),(50,9,5,'73003'),(51,8,6,'Oklahoma'),(52,1,6,'Mr.'),(53,2,6,'Guest'),(54,3,6,'Guest'),(55,10,6,'0123456789'),(56,4,6,'51 apt, 87 street'),(57,5,6,'Edmond'),(58,7,6,'595'),(59,6,6,'US'),(60,9,6,'73003'),(61,8,7,'Oklahoma'),(62,1,7,'Mr.'),(63,2,7,'Guest'),(64,3,7,'Guest'),(65,10,7,'0123456789'),(66,4,7,'51 apt, 87 street'),(67,5,7,'Edmond'),(68,7,7,'595'),(69,6,7,'US'),(70,9,7,'73003'),(71,8,8,'Oklahoma'),(72,1,8,'Mr.'),(73,2,8,'Guest'),(74,3,8,'Guest'),(75,10,8,'0123456789'),(76,4,8,'51 apt, 87 street'),(77,5,8,'Edmond'),(78,7,8,'595'),(79,6,8,'US'),(80,9,8,'73003'),(81,8,9,'Oklahoma'),(82,1,9,'Mr.'),(83,2,9,'Guest'),(84,3,9,'Guest'),(85,10,9,'0123456789'),(86,4,9,'51 apt, 87 street'),(87,5,9,'Edmond'),(88,7,9,'595'),(89,6,9,'US'),(90,9,9,'73003');
CREATE TABLE `xlite_attribute_group_translations` (
  `label_id` int(11) NOT NULL AUTO_INCREMENT,
  `id` int(10) unsigned DEFAULT NULL,
  `name` varchar(255) COLLATE utf8_unicode_ci NOT NULL,
  `code` char(2) COLLATE utf8_unicode_ci NOT NULL,
  PRIMARY KEY (`label_id`),
  KEY `IDX_8C43909EBF396750` (`id`),
  KEY `ci` (`code`,`id`),
  CONSTRAINT `FK_8C43909EBF396750` FOREIGN KEY (`id`) REFERENCES `xlite_attribute_groups` (`id`) ON DELETE CASCADE
) ENGINE=InnoDB DEFAULT CHARSET=utf8 COLLATE=utf8_unicode_ci;
CREATE TABLE `xlite_attribute_groups` (
  `id` int(10) unsigned NOT NULL AUTO_INCREMENT,
  `product_class_id` int(10) unsigned DEFAULT NULL,
  `position` int(11) NOT NULL,
  PRIMARY KEY (`id`),
  KEY `IDX_59E382E821B06187` (`product_class_id`),
  CONSTRAINT `FK_59E382E821B06187` FOREIGN KEY (`product_class_id`) REFERENCES `xlite_product_classes` (`id`) ON DELETE CASCADE
) ENGINE=InnoDB DEFAULT CHARSET=utf8 COLLATE=utf8_unicode_ci;
CREATE TABLE `xlite_attribute_option_translations` (
  `label_id` int(11) NOT NULL AUTO_INCREMENT,
  `id` int(10) unsigned DEFAULT NULL,
  `name` varchar(255) COLLATE utf8_unicode_ci NOT NULL,
  `code` char(2) COLLATE utf8_unicode_ci NOT NULL,
  PRIMARY KEY (`label_id`),
  KEY `IDX_31550B83BF396750` (`id`),
  KEY `ci` (`code`,`id`),
  CONSTRAINT `FK_31550B83BF396750` FOREIGN KEY (`id`) REFERENCES `xlite_attribute_options` (`id`) ON DELETE CASCADE
) ENGINE=InnoDB DEFAULT CHARSET=utf8 COLLATE=utf8_unicode_ci;
INSERT INTO `xlite_attribute_option_translations` VALUES (1,1,'S','en'),(2,2,'M','en'),(3,3,'L','en'),(4,4,'XL','en'),(5,5,'XXL','en'),(6,6,'Bimini','en'),(7,7,'Storm Blue','en'),(8,8,'XXXL','en'),(9,9,'Short','en'),(10,10,'Long','en'),(11,11,'White','en'),(12,12,'Black','en'),(13,13,'Retro Red','en'),(14,14,'Retro Silver','en'),(15,15,'Red','en'),(16,16,'White','en'),(17,17,'Blue LED','en'),(18,18,'Red LED','en'),(19,19,'1/24 Green','en'),(20,20,'1/16 Gray','en'),(21,21,'Basic Hamacron','en'),(22,22,'T-Rex','en'),(23,23,'Triceratops','en'),(24,24,'Music Box Kit','en'),(25,25,'Refill Pack','en'),(31,31,'Solar Blue','en'),(32,32,'Dark Matter','en'),(33,33,'Atmosphere','en'),(34,34,'Aliene Ooze','en'),(35,35,'Martian Sea','en'),(36,36,'Sunburst','en'),(37,37,'Oil Slick','en'),(38,38,'Twilight','en'),(109,109,'IndependentApparel','en'),(110,110,'YourStyle','en'),(111,111,'MyBestDress','en'),(112,112,'Toyty','en'),(113,113,'FunnyChildren','en'),(114,114,'MindSet','en'),(115,115,'GoodyBrand','en'),(116,116,'iBoutique','en'),(1001,1,'S','ru'),(1002,2,'M','ru'),(1003,3,'L','ru'),(1004,4,'XL','ru'),(1005,5,'XXL','ru'),(1006,6,'Bimini','ru'),(1007,7,'Storm Blue','ru'),(1008,8,'XXXL','ru'),(1009,9,'Short','ru'),(1010,10,'Long','ru'),(1011,11,'White','ru'),(1012,12,'Black','ru'),(1013,13,'Retro Red','ru'),(1014,14,'Retro Silver','ru'),(1015,15,'Red','ru'),(1016,16,'White','ru'),(1017,17,'Blue LED','ru'),(1018,18,'Red LED','ru'),(1019,19,'1/24 Green','ru'),(1020,20,'1/16 Gray','ru'),(1021,21,'Basic Hamacron','ru'),(1022,22,'T-Rex','ru'),(1023,23,'Triceratops','ru'),(1024,24,'Music Box Kit','ru'),(1025,25,'Refill Pack','ru'),(1031,31,'Solar Blue','ru'),(1032,32,'Dark Matter','ru'),(1033,33,'Atmosphere','ru'),(1034,34,'Aliene Ooze','ru'),(1035,35,'Martian Sea','ru'),(1036,36,'Sunburst','ru'),(1037,37,'Oil Slick','ru'),(1038,38,'Twilight','ru'),(1109,109,'IndependentApparel','ru'),(1110,110,'YourStyle','ru'),(1111,111,'MyBestDress','ru'),(1112,112,'Toyty','ru'),(1113,113,'FunnyChildren','ru'),(1114,114,'MindSet','ru'),(1115,115,'GoodyBrand','ru'),(1116,116,'iBoutique','ru');
CREATE TABLE `xlite_attribute_options` (
  `id` int(10) unsigned NOT NULL AUTO_INCREMENT,
  `attribute_id` int(10) unsigned DEFAULT NULL,
  `addToNew` tinyint(1) NOT NULL,
  PRIMARY KEY (`id`),
  KEY `IDX_2E486F4AB6E62EFA` (`attribute_id`),
  CONSTRAINT `FK_2E486F4AB6E62EFA` FOREIGN KEY (`attribute_id`) REFERENCES `xlite_attributes` (`id`) ON DELETE CASCADE
) ENGINE=InnoDB DEFAULT CHARSET=utf8 COLLATE=utf8_unicode_ci;
INSERT INTO `xlite_attribute_options` VALUES (1,1,0),(2,1,0),(3,1,0),(4,1,0),(5,1,0),(6,2,0),(7,2,0),(8,1,0),(9,3,0),(10,3,0),(11,4,0),(12,4,0),(13,4,0),(14,4,0),(15,5,0),(16,5,0),(17,6,0),(18,6,0),(19,7,0),(20,7,0),(21,8,0),(22,8,0),(23,8,0),(24,9,0),(25,9,0),(31,12,0),(32,12,0),(33,12,0),(34,12,0),(35,12,0),(36,12,0),(37,12,0),(38,12,0),(109,50,0),(110,50,0),(111,50,0),(112,50,0),(113,50,0),(114,50,0),(115,50,0),(116,50,0);
CREATE TABLE `xlite_attribute_properties` (
  `id` int(10) unsigned NOT NULL AUTO_INCREMENT,
  `product_id` int(10) unsigned DEFAULT NULL,
  `attribute_id` int(10) unsigned DEFAULT NULL,
  `position` int(11) NOT NULL,
  PRIMARY KEY (`id`),
  KEY `IDX_3C3647F44584665A` (`product_id`),
  KEY `IDX_3C3647F4B6E62EFA` (`attribute_id`),
  CONSTRAINT `FK_3C3647F4B6E62EFA` FOREIGN KEY (`attribute_id`) REFERENCES `xlite_attributes` (`id`) ON DELETE CASCADE,
  CONSTRAINT `FK_3C3647F44584665A` FOREIGN KEY (`product_id`) REFERENCES `xlite_products` (`product_id`) ON DELETE CASCADE
) ENGINE=InnoDB DEFAULT CHARSET=utf8 COLLATE=utf8_unicode_ci;
CREATE TABLE `xlite_attribute_translations` (
  `label_id` int(11) NOT NULL AUTO_INCREMENT,
  `id` int(10) unsigned DEFAULT NULL,
  `name` varchar(255) COLLATE utf8_unicode_ci NOT NULL,
  `unit` varchar(255) COLLATE utf8_unicode_ci NOT NULL,
  `code` char(2) COLLATE utf8_unicode_ci NOT NULL,
  PRIMARY KEY (`label_id`),
  KEY `IDX_8BBAD04BBF396750` (`id`),
  KEY `ci` (`code`,`id`),
  CONSTRAINT `FK_8BBAD04BBF396750` FOREIGN KEY (`id`) REFERENCES `xlite_attributes` (`id`) ON DELETE CASCADE
) ENGINE=InnoDB DEFAULT CHARSET=utf8 COLLATE=utf8_unicode_ci;
INSERT INTO `xlite_attribute_translations` VALUES (1,1,'Size','','en'),(2,2,'Color','','en'),(3,3,'Sleeve','','en'),(4,4,'Color','','en'),(5,5,'Color','','en'),(6,6,'Color','','en'),(7,7,'Scale','','en'),(8,8,'Choice','','en'),(9,9,'Choice','','en'),(12,12,'Choice','','en'),(50,50,'Manufacturer','','en'),(51,1,'Размер','','ru'),(52,2,'Цвет','','ru'),(53,3,'Тип рукава','','ru'),(54,4,'Цвет','','ru'),(55,5,'Цвет','','ru'),(56,6,'Цвет','','ru'),(57,7,'Тип','','ru'),(58,8,'Выбор','','ru'),(59,9,'Выбор','','ru'),(62,12,'Выбор','','ru'),(100,50,'Производитель','','ru');
CREATE TABLE `xlite_attribute_values_checkbox` (
  `id` int(10) unsigned NOT NULL AUTO_INCREMENT,
  `product_id` int(10) unsigned DEFAULT NULL,
  `attribute_id` int(10) unsigned DEFAULT NULL,
  `value` tinyint(1) NOT NULL,
  `priceModifier` decimal(14,4) NOT NULL,
  `priceModifierType` char(1) COLLATE utf8_unicode_ci NOT NULL,
  `weightModifier` decimal(14,4) NOT NULL,
  `weightModifierType` char(1) COLLATE utf8_unicode_ci NOT NULL,
  `defaultValue` tinyint(1) NOT NULL,
  PRIMARY KEY (`id`),
  KEY `IDX_3CA3503B4584665A` (`product_id`),
  KEY `IDX_3CA3503BB6E62EFA` (`attribute_id`),
  KEY `value` (`value`),
  CONSTRAINT `FK_3CA3503BB6E62EFA` FOREIGN KEY (`attribute_id`) REFERENCES `xlite_attributes` (`id`) ON DELETE CASCADE,
  CONSTRAINT `FK_3CA3503B4584665A` FOREIGN KEY (`product_id`) REFERENCES `xlite_products` (`product_id`) ON DELETE CASCADE
) ENGINE=InnoDB DEFAULT CHARSET=utf8 COLLATE=utf8_unicode_ci;
CREATE TABLE `xlite_attribute_values_checkbox_translations` (
  `label_id` int(11) NOT NULL AUTO_INCREMENT,
  `id` int(10) unsigned DEFAULT NULL,
  `code` char(2) COLLATE utf8_unicode_ci NOT NULL,
  PRIMARY KEY (`label_id`),
  KEY `IDX_5A770E51BF396750` (`id`),
  KEY `ci` (`code`,`id`),
  CONSTRAINT `FK_5A770E51BF396750` FOREIGN KEY (`id`) REFERENCES `xlite_attribute_values_checkbox` (`id`) ON DELETE CASCADE
) ENGINE=InnoDB DEFAULT CHARSET=utf8 COLLATE=utf8_unicode_ci;
CREATE TABLE `xlite_attribute_values_select` (
  `id` int(10) unsigned NOT NULL AUTO_INCREMENT,
  `attribute_option_id` int(10) unsigned DEFAULT NULL,
  `product_id` int(10) unsigned DEFAULT NULL,
  `attribute_id` int(10) unsigned DEFAULT NULL,
  `priceModifier` decimal(14,4) NOT NULL,
  `priceModifierType` char(1) COLLATE utf8_unicode_ci NOT NULL,
  `weightModifier` decimal(14,4) NOT NULL,
  `weightModifierType` char(1) COLLATE utf8_unicode_ci NOT NULL,
  `defaultValue` tinyint(1) NOT NULL,
  PRIMARY KEY (`id`),
  KEY `IDX_65258CAB1AE56DE9` (`attribute_option_id`),
  KEY `IDX_65258CAB4584665A` (`product_id`),
  KEY `IDX_65258CABB6E62EFA` (`attribute_id`),
  CONSTRAINT `FK_65258CABB6E62EFA` FOREIGN KEY (`attribute_id`) REFERENCES `xlite_attributes` (`id`) ON DELETE CASCADE,
  CONSTRAINT `FK_65258CAB1AE56DE9` FOREIGN KEY (`attribute_option_id`) REFERENCES `xlite_attribute_options` (`id`) ON DELETE CASCADE,
  CONSTRAINT `FK_65258CAB4584665A` FOREIGN KEY (`product_id`) REFERENCES `xlite_products` (`product_id`) ON DELETE CASCADE
) ENGINE=InnoDB DEFAULT CHARSET=utf8 COLLATE=utf8_unicode_ci;
INSERT INTO `xlite_attribute_values_select` VALUES (1,1,1,1,0.0000,'a',0.0000,'a',0),(2,2,1,1,0.0000,'a',0.0000,'a',0),(3,3,1,1,0.0000,'a',0.0000,'a',0),(4,4,1,1,0.0000,'a',0.0000,'a',0),(5,1,2,1,0.0000,'a',0.0000,'a',0),(6,2,2,1,0.0000,'a',0.0000,'a',0),(7,3,2,1,0.0000,'a',0.0000,'a',0),(8,4,2,1,0.0000,'a',0.0000,'a',0),(9,5,2,1,1.5000,'a',0.0000,'a',0),(10,1,17,1,0.0000,'a',0.0000,'a',0),(11,2,17,1,0.0000,'a',0.0000,'a',0),(12,3,17,1,0.0000,'a',0.0000,'a',0),(13,4,17,1,0.0000,'a',0.0000,'a',0),(14,5,17,1,0.0000,'a',0.0000,'a',0),(15,1,22,1,0.0000,'a',0.0000,'a',0),(16,2,22,1,0.0000,'a',0.0000,'a',0),(17,3,22,1,0.0000,'a',0.0000,'a',0),(18,4,22,1,0.0000,'a',0.0000,'a',0),(19,5,22,1,0.0000,'a',0.0000,'a',0),(20,6,22,2,0.0000,'a',0.0000,'a',0),(21,7,22,2,0.0000,'a',0.0000,'a',0),(22,1,20,1,0.0000,'a',0.0000,'a',0),(23,2,20,1,0.0000,'a',0.0000,'a',0),(24,3,20,1,0.0000,'a',0.0000,'a',0),(25,4,20,1,0.0000,'a',0.0000,'a',0),(26,5,20,1,0.0000,'a',0.0000,'a',0),(27,8,20,1,0.0000,'a',0.0000,'a',0),(28,9,20,3,0.0000,'a',0.0000,'a',0),(29,10,20,3,0.0000,'a',0.0000,'a',0),(30,1,3,1,0.0000,'a',0.0000,'a',0),(31,2,3,1,0.0000,'a',0.0000,'a',0),(32,3,3,1,0.0000,'a',0.0000,'a',0),(33,4,3,1,0.0000,'a',0.0000,'a',0),(34,5,3,1,0.0000,'a',0.0000,'a',0),(35,1,21,1,0.0000,'a',0.0000,'a',0),(36,2,21,1,0.0000,'a',0.0000,'a',0),(37,3,21,1,0.0000,'a',0.0000,'a',0),(38,4,21,1,0.0000,'a',0.0000,'a',0),(39,5,21,1,0.0000,'a',0.0000,'a',0),(40,8,21,1,0.0000,'a',0.0000,'a',0),(41,1,18,1,0.0000,'a',0.0000,'a',0),(42,2,18,1,0.0000,'a',0.0000,'a',0),(43,3,18,1,0.0000,'a',0.0000,'a',0),(44,4,18,1,0.0000,'a',0.0000,'a',0),(45,5,18,1,0.0000,'a',0.0000,'a',0),(46,1,19,1,0.0000,'a',0.0000,'a',0),(47,2,19,1,0.0000,'a',0.0000,'a',0),(48,4,19,1,0.0000,'a',0.0000,'a',0),(49,11,15,4,0.0000,'a',0.0000,'a',0),(50,12,15,4,0.0000,'a',0.0000,'a',0),(51,13,15,4,0.0000,'a',0.0000,'a',0),(52,14,15,4,0.0000,'a',0.0000,'a',0),(53,15,16,5,0.0000,'a',0.0000,'a',0),(54,16,16,5,0.0000,'a',0.0000,'a',0),(55,17,24,6,0.0000,'a',0.0000,'a',0),(56,18,24,6,0.0000,'a',0.0000,'a',0),(57,19,31,7,0.0000,'a',0.0000,'a',0),(58,20,31,7,50.0000,'a',0.0000,'a',0),(59,21,38,8,40.0000,'a',0.0000,'a',0),(60,22,38,8,0.0000,'a',0.0000,'a',0),(61,23,38,8,0.0000,'a',0.0000,'a',0),(62,24,33,9,0.0000,'a',0.0000,'a',0),(63,25,33,9,-8.0000,'a',0.0000,'a',0),(195,114,37,50,0.0000,'a',0.0000,'a',0),(197,114,27,50,0.0000,'a',0.0000,'a',0),(198,114,39,50,0.0000,'a',0.0000,'a',0),(199,114,14,50,0.0000,'a',0.0000,'a',0),(200,114,38,50,0.0000,'a',0.0000,'a',0),(201,114,12,50,0.0000,'a',0.0000,'a',0),(203,112,5,50,0.0000,'a',0.0000,'a',0),(208,112,11,50,0.0000,'a',0.0000,'a',0),(220,113,34,50,0.0000,'a',0.0000,'a',0),(221,113,13,50,0.0000,'a',0.0000,'a',0),(222,114,35,50,0.0000,'a',0.0000,'a',0),(223,114,36,50,0.0000,'a',0.0000,'a',0),(224,113,30,50,0.0000,'a',0.0000,'a',0),(225,113,31,50,0.0000,'a',0.0000,'a',0),(226,113,26,50,0.0000,'a',0.0000,'a',0),(227,113,16,50,0.0000,'a',0.0000,'a',0),(238,109,22,50,0.0000,'a',0.0000,'a',0),(239,110,20,50,0.0000,'a',0.0000,'a',0),(240,110,2,50,0.0000,'a',0.0000,'a',0),(241,109,3,50,0.0000,'a',0.0000,'a',0),(242,109,21,50,0.0000,'a',0.0000,'a',0),(243,110,18,50,0.0000,'a',0.0000,'a',0),(244,109,1,50,0.0000,'a',0.0000,'a',0),(245,109,17,50,0.0000,'a',0.0000,'a',0),(246,109,19,50,0.0000,'a',0.0000,'a',0);
CREATE TABLE `xlite_attribute_values_select_translations` (
  `label_id` int(11) NOT NULL AUTO_INCREMENT,
  `id` int(10) unsigned DEFAULT NULL,
  `code` char(2) COLLATE utf8_unicode_ci NOT NULL,
  PRIMARY KEY (`label_id`),
  KEY `IDX_CDF9A7AFBF396750` (`id`),
  KEY `ci` (`code`,`id`),
  CONSTRAINT `FK_CDF9A7AFBF396750` FOREIGN KEY (`id`) REFERENCES `xlite_attribute_values_select` (`id`) ON DELETE CASCADE
) ENGINE=InnoDB DEFAULT CHARSET=utf8 COLLATE=utf8_unicode_ci;
CREATE TABLE `xlite_attribute_values_text` (
  `id` int(10) unsigned NOT NULL AUTO_INCREMENT,
  `product_id` int(10) unsigned DEFAULT NULL,
  `attribute_id` int(10) unsigned DEFAULT NULL,
  `editable` tinyint(1) NOT NULL,
  PRIMARY KEY (`id`),
  KEY `IDX_560D03DA4584665A` (`product_id`),
  KEY `IDX_560D03DAB6E62EFA` (`attribute_id`),
  CONSTRAINT `FK_560D03DAB6E62EFA` FOREIGN KEY (`attribute_id`) REFERENCES `xlite_attributes` (`id`) ON DELETE CASCADE,
  CONSTRAINT `FK_560D03DA4584665A` FOREIGN KEY (`product_id`) REFERENCES `xlite_products` (`product_id`) ON DELETE CASCADE
) ENGINE=InnoDB DEFAULT CHARSET=utf8 COLLATE=utf8_unicode_ci;
CREATE TABLE `xlite_attribute_values_text_translations` (
  `label_id` int(11) NOT NULL AUTO_INCREMENT,
  `id` int(10) unsigned DEFAULT NULL,
  `value` longtext COLLATE utf8_unicode_ci NOT NULL,
  `code` char(2) COLLATE utf8_unicode_ci NOT NULL,
  PRIMARY KEY (`label_id`),
  KEY `IDX_753A596BF396750` (`id`),
  KEY `ci` (`code`,`id`),
  CONSTRAINT `FK_753A596BF396750` FOREIGN KEY (`id`) REFERENCES `xlite_attribute_values_text` (`id`) ON DELETE CASCADE
) ENGINE=InnoDB DEFAULT CHARSET=utf8 COLLATE=utf8_unicode_ci;
CREATE TABLE `xlite_attributes` (
  `id` int(10) unsigned NOT NULL AUTO_INCREMENT,
  `product_class_id` int(10) unsigned DEFAULT NULL,
  `attribute_group_id` int(10) unsigned DEFAULT NULL,
  `product_id` int(10) unsigned DEFAULT NULL,
  `position` int(11) NOT NULL,
  `decimals` int(11) NOT NULL,
  `type` char(1) COLLATE utf8_unicode_ci NOT NULL,
  `addToNew` char(1) COLLATE utf8_unicode_ci NOT NULL,
  PRIMARY KEY (`id`),
  KEY `IDX_9665298321B06187` (`product_class_id`),
  KEY `IDX_9665298362D643B7` (`attribute_group_id`),
  KEY `IDX_966529834584665A` (`product_id`),
  CONSTRAINT `FK_966529834584665A` FOREIGN KEY (`product_id`) REFERENCES `xlite_products` (`product_id`) ON DELETE CASCADE,
  CONSTRAINT `FK_9665298321B06187` FOREIGN KEY (`product_class_id`) REFERENCES `xlite_product_classes` (`id`) ON DELETE CASCADE,
  CONSTRAINT `FK_9665298362D643B7` FOREIGN KEY (`attribute_group_id`) REFERENCES `xlite_attribute_groups` (`id`) ON DELETE SET NULL
) ENGINE=InnoDB DEFAULT CHARSET=utf8 COLLATE=utf8_unicode_ci;
INSERT INTO `xlite_attributes` VALUES (1,1,NULL,NULL,0,0,'S',''),(2,NULL,NULL,22,0,0,'S',''),(3,1,NULL,NULL,0,0,'S',''),(4,NULL,NULL,15,0,0,'S',''),(5,NULL,NULL,16,0,0,'S',''),(6,NULL,NULL,24,0,0,'S',''),(7,NULL,NULL,31,0,0,'S',''),(8,NULL,NULL,38,0,0,'S',''),(9,NULL,NULL,33,0,0,'S',''),(50,NULL,NULL,NULL,0,0,'S','');
CREATE TABLE `xlite_capost_delivery_service_options` (
  `id` int(10) unsigned NOT NULL AUTO_INCREMENT,
  `code` varchar(255) COLLATE utf8_unicode_ci NOT NULL,
  `name` varchar(255) COLLATE utf8_unicode_ci NOT NULL,
  `mandatory` tinyint(1) NOT NULL,
  `qualifierRequired` tinyint(1) NOT NULL,
  `qualifierMax` decimal(14,4) DEFAULT NULL,
  `serviceId` int(10) unsigned DEFAULT NULL,
  PRIMARY KEY (`id`),
  KEY `IDX_85C93F5589697FA8` (`serviceId`),
  CONSTRAINT `FK_85C93F5589697FA8` FOREIGN KEY (`serviceId`) REFERENCES `xlite_capost_delivery_services` (`id`) ON DELETE CASCADE
) ENGINE=InnoDB DEFAULT CHARSET=utf8 COLLATE=utf8_unicode_ci;
CREATE TABLE `xlite_capost_delivery_services` (
  `id` int(10) unsigned NOT NULL AUTO_INCREMENT,
  `code` varchar(32) COLLATE utf8_unicode_ci NOT NULL,
  `countryCode` varchar(2) COLLATE utf8_unicode_ci NOT NULL,
  `name` varchar(255) COLLATE utf8_unicode_ci NOT NULL,
  `expiry` int(10) unsigned NOT NULL,
  `maxWeight` int(11) NOT NULL,
  `minWeight` int(11) NOT NULL,
  `maxLength` decimal(11,1) NOT NULL,
  `minLength` decimal(11,1) NOT NULL,
  `maxWidth` decimal(11,1) NOT NULL,
  `minWidth` decimal(11,1) NOT NULL,
  `maxHeight` decimal(11,1) NOT NULL,
  `minHeight` decimal(11,1) NOT NULL,
  `lengthPlusGirthMax` decimal(11,1) DEFAULT NULL,
  `lengthHeightWidthSumMax` decimal(11,1) DEFAULT NULL,
  `oversizeLimit` decimal(11,1) DEFAULT NULL,
  `densityFactor` int(11) DEFAULT NULL,
  `canShipInMailingTube` tinyint(1) NOT NULL,
  `canShipUnpackaged` tinyint(1) NOT NULL,
  `allowedAsReturnService` tinyint(1) NOT NULL,
  PRIMARY KEY (`id`),
  UNIQUE KEY `code_country` (`code`,`countryCode`)
) ENGINE=InnoDB DEFAULT CHARSET=utf8 COLLATE=utf8_unicode_ci;
CREATE TABLE `xlite_capost_return_items` (
  `id` int(11) NOT NULL AUTO_INCREMENT,
  `amount` int(10) unsigned NOT NULL,
  `returnId` int(10) unsigned DEFAULT NULL,
  `orderItemId` int(11) DEFAULT NULL,
  PRIMARY KEY (`id`),
  KEY `IDX_32022371B43D59E` (`returnId`),
  KEY `IDX_3202237BBF22A26` (`orderItemId`),
  CONSTRAINT `FK_3202237BBF22A26` FOREIGN KEY (`orderItemId`) REFERENCES `xlite_order_items` (`item_id`) ON DELETE CASCADE,
  CONSTRAINT `FK_32022371B43D59E` FOREIGN KEY (`returnId`) REFERENCES `xlite_capost_returns` (`id`) ON DELETE CASCADE
) ENGINE=InnoDB DEFAULT CHARSET=utf8 COLLATE=utf8_unicode_ci;
CREATE TABLE `xlite_capost_return_link_storage` (
  `id` int(10) unsigned NOT NULL AUTO_INCREMENT,
  `path` varchar(512) COLLATE utf8_unicode_ci NOT NULL,
  `fileName` varchar(255) COLLATE utf8_unicode_ci NOT NULL,
  `mime` varchar(128) COLLATE utf8_unicode_ci NOT NULL,
  `storageType` varchar(1) COLLATE utf8_unicode_ci NOT NULL,
  `size` int(10) unsigned NOT NULL,
  `date` int(10) unsigned NOT NULL,
  `linkId` int(11) DEFAULT NULL,
  PRIMARY KEY (`id`),
  UNIQUE KEY `UNIQ_784CAF87AEC98E42` (`linkId`),
  CONSTRAINT `FK_784CAF87AEC98E42` FOREIGN KEY (`linkId`) REFERENCES `xlite_capost_return_links` (`id`) ON DELETE CASCADE
) ENGINE=InnoDB DEFAULT CHARSET=utf8 COLLATE=utf8_unicode_ci;
CREATE TABLE `xlite_capost_return_links` (
  `id` int(11) NOT NULL AUTO_INCREMENT,
  `rel` varchar(255) COLLATE utf8_unicode_ci NOT NULL,
  `href` varchar(255) COLLATE utf8_unicode_ci NOT NULL,
  `idx` int(11) DEFAULT NULL,
  `mediaType` varchar(255) COLLATE utf8_unicode_ci NOT NULL,
  `returnId` int(10) unsigned DEFAULT NULL,
  PRIMARY KEY (`id`),
  KEY `IDX_33BC6A621B43D59E` (`returnId`),
  CONSTRAINT `FK_33BC6A621B43D59E` FOREIGN KEY (`returnId`) REFERENCES `xlite_capost_returns` (`id`) ON DELETE CASCADE
) ENGINE=InnoDB DEFAULT CHARSET=utf8 COLLATE=utf8_unicode_ci;
CREATE TABLE `xlite_capost_returns` (
  `id` int(10) unsigned NOT NULL AUTO_INCREMENT,
  `status` char(2) COLLATE utf8_unicode_ci NOT NULL,
  `date` int(10) unsigned NOT NULL,
  `lastRenewDate` int(11) NOT NULL,
  `notes` longtext COLLATE utf8_unicode_ci NOT NULL,
  `adminNotes` longtext COLLATE utf8_unicode_ci NOT NULL,
  `trackingPin` varchar(16) COLLATE utf8_unicode_ci DEFAULT NULL,
  `orderId` int(11) DEFAULT NULL,
  PRIMARY KEY (`id`),
  KEY `IDX_A90646B3FA237437` (`orderId`),
  KEY `date` (`date`),
  KEY `status` (`status`),
  CONSTRAINT `FK_A90646B3FA237437` FOREIGN KEY (`orderId`) REFERENCES `xlite_orders` (`order_id`) ON DELETE CASCADE
) ENGINE=InnoDB DEFAULT CHARSET=utf8 COLLATE=utf8_unicode_ci;
CREATE TABLE `xlite_categories` (
  `category_id` int(10) unsigned NOT NULL AUTO_INCREMENT,
  `parent_id` int(10) unsigned DEFAULT NULL,
  `useClasses` char(1) COLLATE utf8_unicode_ci NOT NULL,
  `lpos` int(11) NOT NULL,
  `rpos` int(11) NOT NULL,
  `enabled` tinyint(1) NOT NULL,
  `show_title` tinyint(1) NOT NULL,
  `depth` int(11) NOT NULL,
  `pos` int(11) NOT NULL,
  `root_category_look` varchar(32) COLLATE utf8_unicode_ci DEFAULT NULL,
  `metaDescType` varchar(1) COLLATE utf8_unicode_ci NOT NULL,
  PRIMARY KEY (`category_id`),
  KEY `IDX_9D0DF19B727ACA70` (`parent_id`),
  KEY `lpos` (`lpos`),
  KEY `rpos` (`rpos`),
  KEY `enabled` (`enabled`),
  CONSTRAINT `FK_9D0DF19B727ACA70` FOREIGN KEY (`parent_id`) REFERENCES `xlite_categories` (`category_id`) ON DELETE SET NULL
) ENGINE=InnoDB DEFAULT CHARSET=utf8 COLLATE=utf8_unicode_ci;
INSERT INTO `xlite_categories` VALUES (1,NULL,'A',1,12,1,0,-1,0,NULL,'A'),(2,1,'A',10,11,1,0,0,20,NULL,'A'),(3,1,'A',2,9,1,0,0,30,NULL,'A'),(4,3,'A',7,8,1,1,1,0,NULL,'A'),(5,3,'A',5,6,1,1,1,0,NULL,'A'),(6,3,'A',3,4,1,1,1,0,NULL,'A');
CREATE TABLE `xlite_category_class_links` (
  `category_id` int(10) unsigned NOT NULL,
  `class_id` int(10) unsigned NOT NULL,
  PRIMARY KEY (`category_id`,`class_id`),
  KEY `IDX_3F5DB31312469DE2` (`category_id`),
  KEY `IDX_3F5DB313EA000B10` (`class_id`),
  CONSTRAINT `FK_3F5DB313EA000B10` FOREIGN KEY (`class_id`) REFERENCES `xlite_product_classes` (`id`) ON DELETE CASCADE,
  CONSTRAINT `FK_3F5DB31312469DE2` FOREIGN KEY (`category_id`) REFERENCES `xlite_categories` (`category_id`) ON DELETE CASCADE
) ENGINE=InnoDB DEFAULT CHARSET=utf8 COLLATE=utf8_unicode_ci;
CREATE TABLE `xlite_category_images` (
  `id` int(10) unsigned NOT NULL AUTO_INCREMENT,
  `category_id` int(10) unsigned DEFAULT NULL,
  `alt` varchar(255) COLLATE utf8_unicode_ci NOT NULL,
  `width` int(11) NOT NULL,
  `height` int(11) NOT NULL,
  `hash` char(32) COLLATE utf8_unicode_ci DEFAULT NULL,
  `needProcess` tinyint(1) NOT NULL,
  `path` varchar(512) COLLATE utf8_unicode_ci NOT NULL,
  `fileName` varchar(255) COLLATE utf8_unicode_ci NOT NULL,
  `mime` varchar(128) COLLATE utf8_unicode_ci NOT NULL,
  `storageType` varchar(1) COLLATE utf8_unicode_ci NOT NULL,
  `size` int(10) unsigned NOT NULL,
  `date` int(10) unsigned NOT NULL,
  PRIMARY KEY (`id`),
  UNIQUE KEY `UNIQ_3EDA5C4B12469DE2` (`category_id`),
  CONSTRAINT `FK_3EDA5C4B12469DE2` FOREIGN KEY (`category_id`) REFERENCES `xlite_categories` (`category_id`) ON DELETE CASCADE
) ENGINE=InnoDB DEFAULT CHARSET=utf8 COLLATE=utf8_unicode_ci;
INSERT INTO `xlite_category_images` VALUES (1,2,'',156,160,NULL,1,'demo_c1002.jpeg','','image/jpeg','r',11592,1278412215),(2,3,'',140,160,NULL,1,'demo_c1004.jpeg','','image/jpeg','r',12860,1278412215),(3,4,'',160,156,NULL,1,'demo_c4002.jpeg','','image/jpeg','r',13711,1278412215),(4,5,'',160,130,NULL,1,'demo_c4003.jpeg','','image/jpeg','r',10698,1278412215),(5,6,'',156,160,NULL,1,'demo_c4004.jpeg','','image/jpeg','r',16022,1278412215);
CREATE TABLE `xlite_category_membership_links` (
  `category_id` int(10) unsigned NOT NULL,
  `membership_id` int(10) unsigned NOT NULL,
  PRIMARY KEY (`category_id`,`membership_id`),
  KEY `IDX_A0AA75DD12469DE2` (`category_id`),
  KEY `IDX_A0AA75DD1FB354CD` (`membership_id`),
  CONSTRAINT `FK_A0AA75DD1FB354CD` FOREIGN KEY (`membership_id`) REFERENCES `xlite_memberships` (`membership_id`) ON DELETE CASCADE,
  CONSTRAINT `FK_A0AA75DD12469DE2` FOREIGN KEY (`category_id`) REFERENCES `xlite_categories` (`category_id`) ON DELETE CASCADE
) ENGINE=InnoDB DEFAULT CHARSET=utf8 COLLATE=utf8_unicode_ci;
CREATE TABLE `xlite_category_products` (
  `id` int(10) unsigned NOT NULL AUTO_INCREMENT,
  `category_id` int(10) unsigned DEFAULT NULL,
  `product_id` int(10) unsigned DEFAULT NULL,
  `orderby` int(11) NOT NULL,
  PRIMARY KEY (`id`),
  UNIQUE KEY `pair` (`category_id`,`product_id`),
  KEY `IDX_7121122812469DE2` (`category_id`),
  KEY `IDX_712112284584665A` (`product_id`),
  KEY `orderby` (`orderby`),
  CONSTRAINT `FK_712112284584665A` FOREIGN KEY (`product_id`) REFERENCES `xlite_products` (`product_id`) ON DELETE CASCADE,
  CONSTRAINT `FK_7121122812469DE2` FOREIGN KEY (`category_id`) REFERENCES `xlite_categories` (`category_id`) ON DELETE CASCADE
) ENGINE=InnoDB DEFAULT CHARSET=utf8 COLLATE=utf8_unicode_ci;
INSERT INTO `xlite_category_products` VALUES (1,2,1,0),(2,2,2,0),(3,2,3,0),(4,2,11,0),(5,2,12,0),(6,2,13,0),(7,2,14,0),(8,2,15,0),(9,2,16,0),(10,3,27,10),(11,3,29,20),(12,3,36,30),(13,3,37,40),(14,3,7,50),(15,3,39,60),(16,3,33,70),(17,3,8,80),(18,3,4,90),(19,3,38,100),(20,3,35,110),(21,3,31,120),(22,4,9,0),(23,4,10,0),(24,4,17,0),(25,4,18,0),(26,4,19,0),(27,4,20,0),(28,4,22,0),(29,4,23,0),(30,4,24,0),(31,4,25,0),(32,5,6,0),(33,5,8,0),(34,5,21,0),(35,5,29,0),(36,5,30,0),(37,5,31,0),(38,5,32,0),(39,5,33,0),(40,5,34,0),(41,6,5,0),(42,6,7,0),(43,6,26,0),(44,6,27,0),(45,6,28,0);
CREATE TABLE `xlite_category_quick_flags` (
  `id` int(10) unsigned NOT NULL AUTO_INCREMENT,
  `category_id` int(10) unsigned DEFAULT NULL,
  `subcategories_count_all` int(11) NOT NULL,
  `subcategories_count_enabled` int(11) NOT NULL,
  PRIMARY KEY (`id`),
  UNIQUE KEY `UNIQ_5BA9C50312469DE2` (`category_id`),
  CONSTRAINT `FK_5BA9C50312469DE2` FOREIGN KEY (`category_id`) REFERENCES `xlite_categories` (`category_id`) ON DELETE CASCADE
) ENGINE=InnoDB DEFAULT CHARSET=utf8 COLLATE=utf8_unicode_ci;
INSERT INTO `xlite_category_quick_flags` VALUES (1,1,2,2),(2,2,0,0),(3,3,3,3),(4,4,0,0),(5,5,0,0),(6,6,0,0);
CREATE TABLE `xlite_category_translations` (
  `label_id` int(11) NOT NULL AUTO_INCREMENT,
  `id` int(10) unsigned DEFAULT NULL,
  `name` varchar(255) COLLATE utf8_unicode_ci NOT NULL,
  `description` longtext COLLATE utf8_unicode_ci NOT NULL,
  `metaTags` varchar(255) COLLATE utf8_unicode_ci NOT NULL,
  `metaDesc` longtext COLLATE utf8_unicode_ci NOT NULL,
  `metaTitle` varchar(255) COLLATE utf8_unicode_ci NOT NULL,
  `code` char(2) COLLATE utf8_unicode_ci NOT NULL,
  PRIMARY KEY (`label_id`),
  KEY `IDX_9ED79EA5BF396750` (`id`),
  KEY `ci` (`code`,`id`),
  CONSTRAINT `FK_9ED79EA5BF396750` FOREIGN KEY (`id`) REFERENCES `xlite_categories` (`category_id`) ON DELETE CASCADE
) ENGINE=InnoDB DEFAULT CHARSET=utf8 COLLATE=utf8_unicode_ci;
INSERT INTO `xlite_category_translations` VALUES (1,1,'Catalog','<div style=\"margin: 0 0 1em;\"><img src=\"{{WEB_LC_ROOT}}public/store-index-banner.jpg\" alt=\"X-Cart Based Store\" /></div><p style=\"text-align: justify;\">This demo online store is powered by X-Cart shopping cart software. With X-Cart you can setup a web store having all of the features this demo has.</p><p style=\"text-align: justify;\"><strong>This service is for demo purposes only.</strong> No real products. No real prices. No real charges. This is a demonstration. Please do not submit real credit card information.</p>','','','','en'),(2,2,'Apparel','<img src=\"{{WEB_LC_ROOT}}/public/apparel.png\" alt=\"\"/>','','','','en'),(3,3,'Toys','<img src=\"{{WEB_LC_ROOT}}/public/toys.png\" alt=\"\"/>','','','','en'),(4,4,'RC Toys','','','','','en'),(5,5,'Science Toys','','','','','en'),(6,6,'Puzzles','','','','','en');
CREATE TABLE `xlite_clean_urls` (
  `id` int(10) unsigned NOT NULL AUTO_INCREMENT,
  `news_message_id` int(10) unsigned DEFAULT NULL,
  `page_id` int(10) unsigned DEFAULT NULL,
  `product_id` int(10) unsigned DEFAULT NULL,
  `category_id` int(10) unsigned DEFAULT NULL,
  `cleanURL` varchar(255) COLLATE utf8_unicode_ci DEFAULT NULL,
  PRIMARY KEY (`id`),
  KEY `IDX_F2542545BF05C450` (`news_message_id`),
  KEY `IDX_F2542545C4663E4` (`page_id`),
  KEY `IDX_F25425454584665A` (`product_id`),
  KEY `IDX_F254254512469DE2` (`category_id`),
  KEY `cleanURL` (`cleanURL`),
  CONSTRAINT `FK_F254254512469DE2` FOREIGN KEY (`category_id`) REFERENCES `xlite_categories` (`category_id`),
  CONSTRAINT `FK_F25425454584665A` FOREIGN KEY (`product_id`) REFERENCES `xlite_products` (`product_id`),
  CONSTRAINT `FK_F2542545BF05C450` FOREIGN KEY (`news_message_id`) REFERENCES `xlite_news` (`id`),
  CONSTRAINT `FK_F2542545C4663E4` FOREIGN KEY (`page_id`) REFERENCES `xlite_pages` (`id`)
) ENGINE=InnoDB DEFAULT CHARSET=utf8 COLLATE=utf8_unicode_ci;
INSERT INTO `xlite_clean_urls` VALUES (1,NULL,1,NULL,NULL,'terms-and-conditions.html'),(2,NULL,2,NULL,NULL,'shipping.html'),(3,NULL,NULL,1,NULL,'planet-express-babydoll.html'),(4,NULL,NULL,2,NULL,'digital-angel.html'),(5,NULL,NULL,3,NULL,'electronic-drum-kit-shirt.html'),(6,NULL,NULL,4,NULL,'collector.html'),(7,NULL,NULL,5,NULL,'acrobots.html'),(8,NULL,NULL,6,NULL,'mini-solar-powered-car.html'),(9,NULL,NULL,7,NULL,'pyramid-brain-twist.html'),(10,NULL,NULL,8,NULL,'heart-hand-warmer.html'),(11,NULL,NULL,9,NULL,'robo-q-tiny-r-c-robot.html'),(12,NULL,NULL,10,NULL,'thumb-size-r-c-mini-cooper.html'),(13,NULL,NULL,11,NULL,'self-rescuing-princess.html'),(14,NULL,NULL,12,NULL,'planet-express.html'),(15,NULL,NULL,13,NULL,'wi-fi-detector-shirt.html'),(16,NULL,NULL,14,NULL,'caffeine-molecule.html'),(17,NULL,NULL,15,NULL,'nanotechnology-is-huge.html'),(18,NULL,NULL,16,NULL,'binary-mom.html'),(19,NULL,NULL,17,NULL,'ducati-r-c-motorcycle-with-leaning-rider.html'),(20,NULL,NULL,18,NULL,'dark-blade-3-channel-r-c-helicopter.html'),(21,NULL,NULL,19,NULL,'palmsize-battle-tanks.html'),(22,NULL,NULL,20,NULL,'r-c-desktop-forklift.html'),(23,NULL,NULL,21,NULL,'edge-robotic-arm-kit.html'),(24,NULL,NULL,22,NULL,'choroq-qsteer-mario-kart-r-c-racers.html'),(25,NULL,NULL,23,NULL,'r-c-airsoft-battle-tanks.html'),(26,NULL,NULL,24,NULL,'srv-1-blackfin-mobile-surveillance-robot.html'),(27,NULL,NULL,25,NULL,'microfly-tiny-r-c-hovering-ufo.html'),(28,NULL,NULL,26,NULL,'pentago.html'),(29,NULL,NULL,27,NULL,'rubik-s-cube.html'),(30,NULL,NULL,28,NULL,'rubik-s-mirror-blocks-cube.html'),(31,NULL,NULL,29,NULL,'crystal-growing-kit.html'),(32,NULL,NULL,30,NULL,'laq-japanese-building-set.html'),(33,NULL,NULL,31,NULL,'game-of-life-kit.html'),(34,NULL,NULL,32,NULL,'classic-video-table-tennis-kit.html'),(35,NULL,NULL,33,NULL,'diy-music-box-kit.html'),(36,NULL,NULL,34,NULL,'the-amazing-desktop-dinosaur-plant.html'),(37,NULL,NULL,35,NULL,'levitron-anti-gravity-top.html'),(38,NULL,NULL,36,NULL,'bare-metal-bender-wind-up.html'),(39,NULL,NULL,37,NULL,'smart-mass-thinking-putty.html'),(40,NULL,NULL,38,NULL,'albert-einstein-action-figure.html'),(41,NULL,NULL,39,NULL,'yoda-plush-backpack.html'),(42,NULL,NULL,NULL,2,'apparel'),(43,NULL,NULL,NULL,3,'toys'),(44,NULL,NULL,NULL,4,'rc-toys'),(45,NULL,NULL,NULL,5,'science-toys'),(46,NULL,NULL,NULL,6,'puzzles');
CREATE TABLE `xlite_config` (
  `config_id` int(11) NOT NULL AUTO_INCREMENT,
  `name` varchar(32) COLLATE utf8_unicode_ci NOT NULL,
  `category` varchar(64) COLLATE utf8_unicode_ci NOT NULL,
  `type` varchar(128) COLLATE utf8_unicode_ci NOT NULL,
  `orderby` int(11) NOT NULL,
  `value` longtext COLLATE utf8_unicode_ci NOT NULL,
  `widgetParameters` longtext COLLATE utf8_unicode_ci COMMENT '(DC2Type:array)',
  PRIMARY KEY (`config_id`),
  UNIQUE KEY `nc` (`name`,`category`),
  KEY `orderby` (`orderby`),
  KEY `type` (`type`)
) ENGINE=InnoDB DEFAULT CHARSET=utf8 COLLATE=utf8_unicode_ci;
INSERT INTO `xlite_config` VALUES (1,'admin_presentation','General','separator',400,'','N;'),(2,'admin_security','Security','checkbox',10,'N','N;'),(3,'anonymous','Shipping','separator',30,'','N;'),(4,'anonymous_address','Shipping','text',40,'','N;'),(5,'anonymous_country','Shipping','country',50,'US','N;'),(6,'anonymous_state','Shipping','state',60,'562','N;'),(7,'anonymous_custom_state','Shipping','text',70,'','N;'),(8,'anonymous_city','Shipping','text',80,'Los Angeles','N;'),(9,'anonymous_zipcode','Shipping','text',90,'90001','N;'),(10,'anonymous_address_type','Shipping','\\XLite\\View\\FormField\\Select\\AddressType',100,'R','N;'),(11,'aggregate_css','Performance','checkbox',20,'Y','N;'),(12,'aggregate_js','Performance','checkbox',30,'Y','N;'),(13,'use_view_cache','Performance','checkbox',40,'Y','N;'),(14,'use_dynamic_image_resizing','Performance','checkbox',50,'N','N;'),(15,'layout_type','Layout','XLite\\View\\FormField\\Select\\LayoutType',10,'left','N;'),(16,'cli_key','Security','',110,'','N;'),(17,'company_address','Company','separator',385,'','N;'),(18,'company_contacts','Company','separator',455,'','N;'),(19,'company_fax','Company','XLite\\View\\FormField\\Input\\Text\\Phone',420,'(555) 555-5555','N;'),(20,'company_identity','Company','separator',350,'','N;'),(21,'company_name','Company','text',360,'*Your company name*','N;'),(22,'company_website','Company','text',370,'','N;'),(23,'terms_url','General','text',380,'terms-and-conditions.html','N;'),(24,'customer_presentation','General','separator',200,'','N;'),(25,'customer_security','Security','checkbox',0,'N','N;'),(26,'date_format','Units','XLite\\View\\FormField\\Select\\DateFormat',660,'%b %e, %Y','N;'),(27,'csv_delim','Units','XLite\\View\\FormField\\Select\\CSVDelimiter',700,',','N;'),(28,'export_import_charset','Units','XLite\\View\\FormField\\Select\\IconvCharset',725,'UTF-8','N;'),(29,'default_language','General','',330,'en','N;'),(30,'default_admin_language','General','',335,'en','N;'),(31,'default_offline_payment','Payments','text',0,'','N;'),(32,'default_purchase_limit','General','XLite\\View\\FormField\\Input\\Text\\Integer',293,'9999','a:1:{s:3:\"min\";i:1;}'),(33,'default_select_payment','Payments','text',0,'','N;'),(34,'display_check_number','General','checkbox',215,'Y','N;'),(35,'show_out_of_stock_products','General','XLite\\View\\FormField\\Select\\ShowOutOfStockProducts',200,'directLink','N;'),(36,'default_prod_display_mode','General','XLite\\View\\FormField\\Select\\DefaultDisplayModeForProductsList',250,'grid','N;'),(37,'license','License','text',0,'','N;'),(38,'location_address','Company','text',390,'*Your company address*','N;'),(39,'location_country','Company','country',400,'US','a:1:{s:9:\"selectOne\";b:0;}'),(40,'location_state','Company','state',410,'591','N;'),(41,'location_custom_state','Company','text',415,'','N;'),(42,'location_city','Company','text',420,'New York','N;'),(43,'location_zipcode','Company','text',430,'10001','N;'),(44,'company_phone','Company','XLite\\View\\FormField\\Input\\Text\\Phone',440,'(555) 555-5555','N;'),(45,'login_lifetime','General','XLite\\View\\FormField\\Input\\Text\\Integer',450,'3','a:1:{s:3:\"min\";i:1;}'),(46,'maximal_order_amount','General','XLite\\View\\FormField\\Input\\Text\\Float',290,'99999','a:1:{s:3:\"min\";i:1;}'),(47,'minimal_order_amount','General','XLite\\View\\FormField\\Input\\Text\\Float',280,'0','a:1:{s:3:\"min\";i:0;}'),(48,'order_number_counter','General','XLite\\View\\FormField\\Input\\Text\\Integer',390,'9','N;'),(49,'cart_ttl','General','XLite\\View\\FormField\\Input\\Text\\Integer',395,'7','N;'),(50,'internal_cron_enabled','General','checkbox',398,'Y','N;'),(51,'orders_department','Company','XLite\\View\\FormField\\Input\\Text\\Email',480,'bit-bucket@x-cart.com','N;'),(52,'orders_per_page','General','XLite\\View\\FormField\\Input\\Text\\Integer',430,'30','a:1:{s:3:\"min\";i:1;}'),(53,'products_per_page','General','XLite\\View\\FormField\\Input\\Text\\Integer',250,'9','a:1:{s:3:\"min\";i:1;}'),(54,'products_per_page_admin','General','XLite\\View\\FormField\\Input\\Text\\Integer',410,'10','a:1:{s:3:\"min\";i:1;}'),(55,'recent_orders','General','XLite\\View\\FormField\\Input\\Text\\Integer',440,'10','a:1:{s:3:\"min\";i:1;}'),(56,'force_choose_product_options','General','checkbox',299,'N','N;'),(57,'redirect_to_cart','General','checkbox',300,'N','N;'),(58,'shop_closed','Internal','checkbox',110,'N','N;'),(59,'shop_currency','General','',605,'840','N;'),(60,'trailing_zeroes','General','',605,'0','N;'),(61,'site_administrator','Company','XLite\\View\\FormField\\Input\\Text\\Email',460,'bit-bucket@x-cart.com','N;'),(62,'smtp_password','Email','XLite\\View\\FormField\\Input\\PasswordWithValue',160,'','N;'),(63,'smtp_security','Email','XLite\\View\\FormField\\Select\\SMTPSecurity',170,'no','N;'),(64,'smtp_server','Email','separator',100,'','N;'),(65,'smtp_server_port','Email','XLite\\View\\FormField\\Input\\Text\\Integer',130,'25','a:2:{s:3:\"min\";i:0;s:3:\"max\";i:65535;}'),(66,'smtp_server_url','Email','text',120,'','N;'),(67,'smtp_username','Email','text',150,'','N;'),(68,'start_year','Company','XLite\\View\\FormField\\Input\\Text\\PastYear',380,'2015','N;'),(69,'subcategories_look','General','XLite\\View\\FormField\\Select\\SubcategoriesLook',220,'icons','N;'),(70,'default_products_sort_order','General','XLite\\View\\FormField\\Select\\DefaultProductSortOrder',225,'default','N;'),(71,'support_department','Company','XLite\\View\\FormField\\Input\\Text\\Email',490,'bit-bucket@x-cart.com','N;'),(72,'time_format','Units','XLite\\View\\FormField\\Select\\TimeFormat',670,'%H:%M','N;'),(73,'time_zone','Units','XLite\\View\\FormField\\Select\\TimeZone',680,'','N;'),(74,'users_department','Company','XLite\\View\\FormField\\Input\\Text\\Email',470,'bit-bucket@x-cart.com','N;'),(75,'users_per_page','General','XLite\\View\\FormField\\Input\\Text\\Integer',420,'30','a:1:{s:3:\"min\";i:1;}'),(76,'use_smtp','Email','checkbox',110,'N','N;'),(77,'use_smtp_auth','Email','checkbox',140,'N','N;'),(78,'version','Version','',0,'5.2.6','N;'),(79,'weight_symbol','Units','text',620,'lbs','N;'),(80,'weight_unit','Units','XLite\\View\\FormField\\Select\\WeightUnit',610,'lbs','N;'),(81,'weight_trailing_zeroes','Units','checkbox',621,'N','N;'),(82,'weight_format','Units','XLite\\View\\FormField\\Select\\FloatFormat',622,'|.','N;'),(83,'dim_symbol','Units','text',625,'in','N;'),(84,'dim_unit','Units','XLite\\View\\FormField\\Select\\DimUnit',623,'in','N;'),(85,'curl_cainfo','Environment','text',110,'','N;'),(86,'curl_capath','Environment','text',120,'','N;'),(87,'force_login_before_checkout','General','checkbox',305,'Y','N;'),(88,'enable_add2cart_button_grid','General','checkbox',301,'N','N;'),(89,'clean_url_flag','CleanURL','checkbox',100,'N','N;'),(90,'allow_membership_request','General','checkbox',399,'N','N;'),(91,'upgrade_wave_sep','Environment','separator',200,'','N;'),(92,'upgrade_wave','Environment','XLite\\View\\FormField\\Select\\UpgradeWave',210,'','N;'),(93,'quick_data_rebuilding','CacheManagement','checkbox',100,'N','N;'),(94,'api_key','CDev\\AustraliaPost','',0,'','N;'),(95,'test_mode','CDev\\AustraliaPost','checkbox',0,'Y','N;'),(96,'package_type','CDev\\AustraliaPost','',0,'Parcel','N;'),(97,'package_box_type','CDev\\AustraliaPost','',0,'AUS_PARCEL_TYPE_BOXED_OTH','N;'),(98,'service_option','CDev\\AustraliaPost','',0,'AUS_SERVICE_OPTION_STANDARD','N;'),(99,'extra_cover','CDev\\AustraliaPost','checkbox',0,'N','N;'),(100,'extra_cover_value','CDev\\AustraliaPost','',0,'0','N;'),(101,'currency_rate','CDev\\AustraliaPost','',0,'1','N;'),(102,'width','CDev\\AustraliaPost','',0,'10','N;'),(103,'length','CDev\\AustraliaPost','',0,'10','N;'),(104,'height','CDev\\AustraliaPost','',0,'10','N;'),(105,'enable_new_methods','CDev\\AustraliaPost','checkbox',0,'Y','N;'),(106,'debug_enabled','CDev\\AustraliaPost','checkbox',0,'Y','N;'),(107,'max_weight','CDev\\AustraliaPost','',0,'20','N;'),(108,'bestsellers_menu','CDev\\Bestsellers','XLite\\Module\\CDev\\Bestsellers\\View\\FormField\\Select\\Menu',115,'0','N;'),(109,'number_of_bestsellers','CDev\\Bestsellers','XLite\\View\\FormField\\Input\\Text\\Integer',115,'6','a:1:{s:3:\"min\";i:1;}'),(110,'enable_form','CDev\\ContactUs','checkbox',100,'1','N;'),(111,'email','CDev\\ContactUs','XLite\\View\\FormField\\Input\\Text\\Email',200,'','N;'),(112,'contact_us_sep_1','CDev\\ContactUs','separator',1000,'','N;'),(113,'recaptcha_public_key','CDev\\ContactUs','text',1100,'','N;'),(114,'recaptcha_private_key','CDev\\ContactUs','text',1200,'','N;'),(115,'featured_products_look','CDev\\FeaturedProducts','XLite\\Module\\CDev\\FeaturedProducts\\View\\Admin\\FeaturedProductsLook',10,'grid','N;'),(116,'account_number','CDev\\FedEx','',0,'','N;'),(117,'meter_number','CDev\\FedEx','',0,'','N;'),(118,'key','CDev\\FedEx','',0,'','N;'),(119,'password','CDev\\FedEx','',0,'','N;'),(120,'test_mode','CDev\\FedEx','checkbox',0,'N','N;'),(121,'debug_enabled','CDev\\FedEx','checkbox',0,'N','N;'),(122,'fdxe','CDev\\FedEx','checkbox',0,'','N;'),(123,'fdxg','CDev\\FedEx','checkbox',0,'','N;'),(124,'fxsp','CDev\\FedEx','checkbox',0,'','N;'),(125,'packaging','CDev\\FedEx','',0,'','N;'),(126,'dropoff_type','CDev\\FedEx','',0,'','N;'),(127,'ship_date','CDev\\FedEx','',0,'0','N;'),(128,'currency_code','CDev\\FedEx','',0,'0','N;'),(129,'currency_rate','CDev\\FedEx','',0,'1','N;'),(130,'dim_length','CDev\\FedEx','',0,'10','N;'),(131,'dim_width','CDev\\FedEx','',0,'10','N;'),(132,'dim_height','CDev\\FedEx','',0,'10','N;'),(133,'cod_type','CDev\\FedEx','',0,'ANY','N;'),(134,'send_insured_value','CDev\\FedEx','checkbox',0,'Y','N;'),(135,'dg_accessibility','CDev\\FedEx','',0,'','N;'),(136,'signature','CDev\\FedEx','',0,'','N;'),(137,'opt_residential_delivery','CDev\\FedEx','checkbox',0,'N','N;'),(138,'opt_saturday_pickup','CDev\\FedEx','checkbox',0,'N','N;'),(139,'max_weight','CDev\\FedEx','',0,'70','N;'),(140,'ga_account','CDev\\GoogleAnalytics','text',100,'','N;'),(141,'ga_tracking_type','CDev\\GoogleAnalytics','XLite\\Module\\CDev\\GoogleAnalytics\\View\\FormField\\Select\\TrackingType',200,'1','N;'),(142,'ga_code_version','CDev\\GoogleAnalytics','XLite\\Module\\CDev\\GoogleAnalytics\\View\\FormField\\Select\\CodeVersion',300,'U','N;'),(143,'gosocial_sep_1','CDev\\GoSocial','separator',5000,'','N;'),(144,'fb_app_id','CDev\\GoSocial','text',5100,'','N;'),(145,'fb_app_namespace','CDev\\GoSocial','text',5200,'','N;'),(146,'fb_admins','CDev\\GoSocial','text',5300,'','N;'),(147,'gosocial_sep_2','CDev\\GoSocial','separator',1000,'','N;'),(148,'fb_like_use','CDev\\GoSocial','checkbox',1050,'1','N;'),(149,'fb_like_send_button','CDev\\GoSocial','checkbox',1100,'','N;'),(150,'fb_like_layout','CDev\\GoSocial','XLite\\Module\\CDev\\GoSocial\\View\\FormField\\Select\\FBLayoutStyle',1200,'button_count','N;'),(151,'fb_like_show_faces','CDev\\GoSocial','checkbox',1300,'1','N;'),(152,'fb_like_verb','CDev\\GoSocial','XLite\\Module\\CDev\\GoSocial\\View\\FormField\\Select\\FBVerbDisplay',1400,'like','N;'),(153,'fb_like_colorscheme','CDev\\GoSocial','XLite\\Module\\CDev\\GoSocial\\View\\FormField\\Select\\FBLikeColorScheme',1450,'light','N;'),(154,'gosocial_sep_21','CDev\\GoSocial','separator',1500,'','N;'),(155,'fb_comments_use','CDev\\GoSocial','checkbox',1600,'1','N;'),(156,'fb_comments_num_posts','CDev\\GoSocial','XLite\\View\\FormField\\Input\\Text\\Integer',1700,'8','a:1:{s:3:\"min\";i:1;}'),(157,'fb_comments_colorscheme','CDev\\GoSocial','XLite\\Module\\CDev\\GoSocial\\View\\FormField\\Select\\FBCommentsColorScheme',1750,'light','N;'),(158,'gosocial_sep_3','CDev\\GoSocial','separator',2000,'','N;'),(159,'tweet_use','CDev\\GoSocial','checkbox',2050,'1','N;'),(160,'tweet_show_count','CDev\\GoSocial','checkbox',2100,'1','N;'),(161,'tweet_via','CDev\\GoSocial','text',2200,'x_cart','N;'),(162,'tweet_recommend','CDev\\GoSocial','text',2300,'','N;'),(163,'tweet_hashtag','CDev\\GoSocial','text',2300,'','N;'),(164,'gosocial_sep_4','CDev\\GoSocial','separator',3000,'','N;'),(165,'gplus_use','CDev\\GoSocial','checkbox',3050,'1','N;'),(166,'gosocial_sep_5','CDev\\GoSocial','separator',4000,'','N;'),(167,'pinterest_use','CDev\\GoSocial','checkbox',4050,'1','N;'),(168,'email','CDev\\Moneybookers','text',100,'','N;'),(169,'logo_url','CDev\\Moneybookers','XLite\\View\\FormField\\Input\\Text\\URL',200,'','N;'),(170,'test','CDev\\Moneybookers','checkbox',300,'0','N;'),(171,'secret_word','CDev\\Moneybookers','text',400,'','N;'),(172,'prefix','CDev\\Moneybookers','text',500,'xcart','N;'),(173,'id','CDev\\Moneybookers','',0,'','N;'),(174,'show_admin_welcome','CDev\\Paypal','checkbox',0,'N','N;'),(175,'paypalLoginOptions','CDev\\Paypal','\\XLite\\Module\\CDev\\Paypal\\View\\FormField\\Instructions',0,'','N;'),(176,'loginRedirectURLProtocol','CDev\\Paypal','\\XLite\\Module\\CDev\\Paypal\\View\\FormField\\Select\\Protocol',0,'http','N;'),(177,'loginClientId','CDev\\Paypal','text',0,'','N;'),(178,'loginClientSecret','CDev\\Paypal','text',0,'','N;'),(179,'loginMode','CDev\\Paypal','\\XLite\\View\\FormField\\Select\\TestLiveMode',0,'test','N;'),(180,'sep_product_advisor_na','CDev\\ProductAdvisor','separator',10,'','N;'),(181,'na_enabled','CDev\\ProductAdvisor','checkbox',20,'Y','N;'),(182,'sep_product_advisor_na_1','CDev\\ProductAdvisor','separator',25,'','N;'),(183,'na_max_days','CDev\\ProductAdvisor','XLite\\View\\FormField\\Input\\Text\\Integer',30,'30','a:1:{s:3:\"min\";i:0;}'),(184,'na_max_count_in_full_list','CDev\\ProductAdvisor','XLite\\View\\FormField\\Input\\Text\\Integer',40,'30','a:1:{s:3:\"min\";i:0;}'),(185,'na_mark_with_label','CDev\\ProductAdvisor','checkbox',50,'Y','N;'),(186,'sep_product_advisor_na_2','CDev\\ProductAdvisor','separator',60,'','N;'),(187,'na_show_in_sidebar','CDev\\ProductAdvisor','checkbox',70,'Y','N;'),(188,'na_max_count_in_block','CDev\\ProductAdvisor','XLite\\View\\FormField\\Input\\Text\\Integer',80,'3','a:1:{s:3:\"min\";i:0;}'),(189,'na_from_current_category','CDev\\ProductAdvisor','checkbox',90,'N','N;'),(190,'sep_product_advisor_cs','CDev\\ProductAdvisor','separator',1000,'','N;'),(191,'cs_enabled','CDev\\ProductAdvisor','checkbox',1010,'Y','N;'),(192,'sep_product_advisor_cs_1','CDev\\ProductAdvisor','separator',1015,'','N;'),(193,'cs_mark_with_label','CDev\\ProductAdvisor','checkbox',1020,'Y','N;'),(194,'cs_display_date','CDev\\ProductAdvisor','checkbox',1030,'Y','N;'),(195,'cs_from_current_category','CDev\\ProductAdvisor','checkbox',1050,'N','N;'),(196,'sep_product_advisor_cs_2','CDev\\ProductAdvisor','separator',1060,'','N;'),(197,'cs_show_in_sidebar','CDev\\ProductAdvisor','checkbox',1070,'Y','N;'),(198,'cs_max_count_in_block','CDev\\ProductAdvisor','XLite\\View\\FormField\\Input\\Text\\Integer',1080,'3','a:1:{s:3:\"min\";i:0;}'),(199,'sep_product_advisor_rv','CDev\\ProductAdvisor','separator',2000,'','N;'),(200,'rv_enabled','CDev\\ProductAdvisor','checkbox',2010,'Y','N;'),(201,'rv_max_count_in_block','CDev\\ProductAdvisor','XLite\\View\\FormField\\Input\\Text\\Integer',2020,'10','a:1:{s:3:\"min\";i:0;}'),(202,'sep_product_advisor_cbb','CDev\\ProductAdvisor','separator',3000,'','N;'),(203,'cbb_enabled','CDev\\ProductAdvisor','checkbox',3010,'Y','N;'),(204,'cbb_max_count_in_block','CDev\\ProductAdvisor','XLite\\View\\FormField\\Input\\Text\\Integer',3020,'5','a:1:{s:3:\"min\";i:0;}'),(205,'sep_product_advisor_cvb','CDev\\ProductAdvisor','separator',4000,'','N;'),(206,'cvb_enabled','CDev\\ProductAdvisor','checkbox',4010,'Y','N;'),(207,'cvb_max_count_in_block','CDev\\ProductAdvisor','XLite\\View\\FormField\\Input\\Text\\Integer',4020,'5','a:1:{s:3:\"min\";i:0;}'),(208,'sale_enabled','CDev\\Sale','checkbox',20,'Y','N;'),(209,'sale_in_current_category','CDev\\Sale','checkbox',30,'Y','N;'),(210,'sale_max_count_in_block','CDev\\Sale','text',80,'3','N;'),(211,'sale_menu','CDev\\Sale','XLite\\Module\\CDev\\Sale\\View\\FormField\\Select\\Menu',90,'1','N;'),(212,'ignore_memberships','CDev\\SalesTax','checkbox',150,'Y','N;'),(213,'addressType','CDev\\SalesTax','\\XLite\\Module\\CDev\\SalesTax\\View\\FormField\\AddressType',160,'billing','N;'),(214,'taxableBase','CDev\\SalesTax','\\XLite\\Module\\CDev\\SalesTax\\View\\FormField\\TaxableBase',170,'ST','N;'),(215,'logo','CDev\\SimpleCMS','XLite\\Module\\CDev\\SimpleCMS\\View\\FormField\\Input\\Logo',100,'','N;'),(216,'favicon','CDev\\SimpleCMS','XLite\\Module\\CDev\\SimpleCMS\\View\\FormField\\Input\\Favicon',200,'','N;'),(217,'page_changefreq','CDev\\XMLSitemap','XLite\\Module\\CDev\\SimpleCMS\\View\\FormField\\Select\\ChangeFrequency',400,'daily','N;'),(218,'page_priority','CDev\\XMLSitemap','XLite\\View\\FormField\\Input\\Text\\Float',800,'0.5','a:3:{s:3:\"min\";i:0;s:3:\"max\";i:1;s:1:\"e\";i:1;}'),(219,'show_default_menu','CDev\\SimpleCMS','checkbox',300,'Y','N;'),(220,'userid','CDev\\USPS','',0,'','N;'),(221,'server_url','CDev\\USPS','',0,'http://testing.shippingapis.com/ShippingAPI.dll','N;'),(222,'length','CDev\\USPS','',0,'10','N;'),(223,'width','CDev\\USPS','',0,'7','N;'),(224,'height','CDev\\USPS','',0,'9','N;'),(225,'girth','CDev\\USPS','',0,'0','N;'),(226,'currency_rate','CDev\\USPS','',0,'1','N;'),(227,'container','CDev\\USPS','',0,'VARIABLE','N;'),(228,'package_size','CDev\\USPS','',0,'REGULAR','N;'),(229,'machinable','CDev\\USPS','checkbox',0,'Y','N;'),(230,'mail_type','CDev\\USPS','',0,'Package','N;'),(231,'container_intl','CDev\\USPS','',0,'RECTANGULAR','N;'),(232,'commercial','CDev\\USPS','checkbox',0,'N','N;'),(233,'gxg','CDev\\USPS','checkbox',0,'N','N;'),(234,'gxg_pobox','CDev\\USPS','checkbox',0,'N','N;'),(235,'gxg_gift','CDev\\USPS','checkbox',0,'N','N;'),(236,'debug_enabled','CDev\\USPS','checkbox',0,'N','N;'),(237,'autoenable_new_methods','CDev\\USPS','checkbox',0,'Y','N;'),(238,'max_weight','CDev\\USPS','',0,'70','N;'),(239,'use_cod_price','CDev\\USPS','checkbox',0,'Y','N;'),(240,'cod_price','CDev\\USPS','',0,'6.95','N;'),(241,'first_class_mail_type','CDev\\USPS','',0,'PARCEL','N;'),(242,'use_rate_type','CDev\\USPS','',0,'Rate','N;'),(243,'xpc_shopping_cart_id','CDev\\XPaymentsConnector','XLite\\Module\\CDev\\XPaymentsConnector\\View\\FormField\\Input\\Text\\StoreID',1010,'','N;'),(244,'xpc_xpayments_url','CDev\\XPaymentsConnector','XLite\\View\\FormField\\Input\\Text\\URL',1020,'','N;'),(245,'xpc_public_key','CDev\\XPaymentsConnector','textarea',1030,'','N;'),(246,'xpc_private_key','CDev\\XPaymentsConnector','textarea',1040,'','N;'),(247,'xpc_private_key_password','CDev\\XPaymentsConnector','text',1050,'','N;'),(248,'xpc_allowed_ip_addresses','CDev\\XPaymentsConnector','text',1060,'','N;'),(249,'xpc_currency','CDev\\XPaymentsConnector','XLite\\View\\FormField\\Select\\Currency',1070,'840','N;'),(250,'xpc_api_version','CDev\\XPaymentsConnector','Hidden',1080,'1.3','N;'),(251,'xpc_use_iframe','CDev\\XPaymentsConnector','checkbox',1090,'1','N;'),(252,'xpc_allowed_modules_load_date','CDev\\XPaymentsConnector','Hidden',2000,'0','N;'),(253,'xpc_allowed_modules','CDev\\XPaymentsConnector','Hidden',2010,'','N;'),(254,'xpc_zero_auth_method_id','CDev\\XPaymentsConnector','XLite\\Module\\CDev\\XPaymentsConnector\\View\\FormField\\Select\\ZeroAuthPaymentMethods',1100,'0','N;'),(255,'xpc_zero_auth_amount','CDev\\XPaymentsConnector','XLite\\Module\\CDev\\XPaymentsConnector\\View\\FormField\\Input\\Text\\ZeroAuthAmount',1110,'0','N;'),(256,'xpc_zero_auth_description','CDev\\XPaymentsConnector','XLite\\Module\\CDev\\XPaymentsConnector\\View\\FormField\\Input\\Text\\ZeroAuthDescription',1130,'','N;'),(257,'xpc_status_new','CDev\\XPaymentsConnector','XLite\\View\\FormField\\Select\\OrderStatus\\Payment',1210,'1','N;'),(258,'xpc_status_auth','CDev\\XPaymentsConnector','XLite\\View\\FormField\\Select\\OrderStatus\\Payment',1220,'2','N;'),(259,'xpc_status_charged','CDev\\XPaymentsConnector','XLite\\View\\FormField\\Select\\OrderStatus\\Payment',1230,'4','N;'),(260,'xpc_status_charged_part','CDev\\XPaymentsConnector','XLite\\View\\FormField\\Select\\OrderStatus\\Payment',1240,'3','N;'),(261,'xpc_status_declined','CDev\\XPaymentsConnector','XLite\\View\\FormField\\Select\\OrderStatus\\Payment',1250,'5','N;'),(262,'xpc_status_refunded','CDev\\XPaymentsConnector','XLite\\View\\FormField\\Select\\OrderStatus\\Payment',1260,'7','N;'),(263,'xpc_status_refunded_part','CDev\\XPaymentsConnector','XLite\\View\\FormField\\Select\\OrderStatus\\Payment',1270,'7','N;'),(264,'user','XC\\CanadaPost','',0,'','N;'),(265,'password','XC\\CanadaPost','',0,'','N;'),(266,'developer_mode','XC\\CanadaPost','checkbox',0,'N','N;'),(267,'debug_enabled','XC\\CanadaPost','checkbox',0,'N','N;'),(268,'quote_type','XC\\CanadaPost','',0,'C','N;'),(269,'contract_id','XC\\CanadaPost','',0,'','N;'),(270,'pick_up_type','XC\\CanadaPost','',0,'','N;'),(271,'deposit_site_num','XC\\CanadaPost','',0,'','N;'),(272,'detailed_manifests','XC\\CanadaPost','',0,'','N;'),(273,'manifest_name','XC\\CanadaPost','',0,'','N;'),(274,'customer_number','XC\\CanadaPost','',0,'','N;'),(275,'currency_rate','XC\\CanadaPost','',0,'1','N;'),(276,'length','XC\\CanadaPost','',0,'10','N;'),(277,'width','XC\\CanadaPost','',0,'9','N;'),(278,'height','XC\\CanadaPost','',0,'7','N;'),(279,'max_weight','XC\\CanadaPost','',0,'30','N;'),(280,'signature','XC\\CanadaPost','checkbox',0,'N','N;'),(281,'document','XC\\CanadaPost','checkbox',0,'N','N;'),(282,'unpackaged','XC\\CanadaPost','checkbox',0,'N','N;'),(283,'mailing_tube','XC\\CanadaPost','checkbox',0,'N','N;'),(284,'oversized','XC\\CanadaPost','checkbox',0,'N','N;'),(285,'coverage','XC\\CanadaPost','',0,'0','N;'),(286,'age_proof','XC\\CanadaPost','',0,'','N;'),(287,'way_to_deliver','XC\\CanadaPost','',0,'','N;'),(288,'non_delivery','XC\\CanadaPost','',0,'','N;'),(289,'wizard_enabled','XC\\CanadaPost','checkbox',0,'Y','N;'),(290,'wizard_hash','XC\\CanadaPost','',0,'','N;'),(291,'deliver_to_po_enabled','XC\\CanadaPost','checkbox',0,'N','N;'),(292,'max_post_offices','XC\\CanadaPost','',0,'5','N;'),(293,'enable_in_stock_only_filter','XC\\ProductFilter','checkbox',100,'1','N;'),(294,'enable_price_range_filter','XC\\ProductFilter','checkbox',200,'1','N;'),(295,'enable_attributes_filter','XC\\ProductFilter','checkbox',300,'1','N;'),(296,'attributes_filter_by_category','XC\\ProductFilter','checkbox',310,'','N;'),(297,'attributes_filter_cache_mode','XC\\ProductFilter','XLite\\Module\\XC\\ProductFilter\\View\\FormField\\Select\\CacheResetMode',320,'1','N;'),(298,'whoCanLeaveFeedback','XC\\Reviews','\\XLite\\Module\\XC\\Reviews\\View\\FormField\\Select\\WhoCanLeaveFeedback',10,'A','N;'),(299,'disablePendingReviews','XC\\Reviews','checkbox',20,'1','N;'),(300,'reviewsCountPerTab','XC\\Reviews','\\XLite\\View\\FormField\\Input\\Text\\Integer',30,'5','a:1:{s:3:\"min\";i:1;}'),(301,'use_custom_css','XC\\ThemeTweaker','checkbox',10,'','N;'),(302,'use_custom_js','XC\\ThemeTweaker','checkbox',20,'','N;'),(303,'edit_mode','XC\\ThemeTweaker','checkbox',30,'','N;'),(304,'accessKey','XC\\UPS','',0,'','N;'),(305,'userID','XC\\UPS','',0,'','N;'),(306,'password','XC\\UPS','',0,'','N;'),(307,'shipper_number','XC\\UPS','',0,'','N;'),(308,'test_mode','XC\\UPS','checkbox',0,'Y','N;'),(309,'packaging_type','XC\\UPS','',0,'00','N;'),(310,'pickup_type','XC\\UPS','',0,'01','N;'),(311,'saturday_pickup','XC\\UPS','checkbox',0,'N','N;'),(312,'saturday_delivery','XC\\UPS','checkbox',0,'N','N;'),(313,'additional_handling','XC\\UPS','checkbox',0,'N','N;'),(314,'negotiated_rates','XC\\UPS','checkbox',0,'N','N;'),(315,'delivery_conf','XC\\UPS','',0,'0','N;'),(316,'extra_cover','XC\\UPS','checkbox',0,'N','N;'),(317,'extra_cover_value','XC\\UPS','',0,'0','N;'),(318,'currency_code','XC\\UPS','',0,'','N;'),(319,'currency_rate','XC\\UPS','',0,'1','N;'),(320,'width','XC\\UPS','',0,'10','N;'),(321,'length','XC\\UPS','',0,'10','N;'),(322,'height','XC\\UPS','',0,'10','N;'),(323,'debug_enabled','XC\\UPS','checkbox',0,'Y','N;'),(324,'max_weight','XC\\UPS','',0,'150','N;'),(325,'top_news_length','XC\\News','XLite\\View\\FormField\\Input\\Text\\Integer',100,'5','a:1:{s:3:\"min\";i:1;}'),(326,'items_per_page','XC\\News','XLite\\View\\FormField\\Input\\Text\\Integer',200,'50','a:1:{s:3:\"min\";i:1;}'),(327,'freight_shipping_calc_mode','XC\\FreeShipping','\\XLite\\Module\\XC\\FreeShipping\\View\\FormField\\FreightMode',10,'F','N;'),(328,'headerReferenceCode','XC\\AuctionInc','',0,'','N;'),(329,'firstUsageDate','XC\\AuctionInc','',0,'','N;'),(330,'auctionIncSettingsSeparator','XC\\AuctionInc','separator',0,'','N;'),(331,'accountId','XC\\AuctionInc','XLite\\View\\FormField\\Input\\Text',10,'','N;'),(332,'trialEnabled','XC\\AuctionInc','XLite\\View\\FormField\\Input\\Checkbox\\OnOff',20,'1','N;'),(333,'destinationType','XC\\AuctionInc','XLite\\View\\FormField\\Select\\AddressType',30,'R','N;'),(334,'debugMode','XC\\AuctionInc','XLite\\View\\FormField\\Input\\Checkbox\\OnOff',40,'','N;'),(335,'defaultValuesSeparator','XC\\AuctionInc','separator',100,'','N;'),(336,'calculationMethod','XC\\AuctionInc','XLite\\Module\\XC\\AuctionInc\\View\\FormField\\Select\\CalculationMethodSettings',110,'C','N;'),(337,'package','XC\\AuctionInc','XLite\\Module\\XC\\AuctionInc\\View\\FormField\\Select\\Package',120,'T','N;'),(338,'insurable','XC\\AuctionInc','XLite\\View\\FormField\\Select\\RadioButtonsList\\YesNo',130,'N','N;'),(339,'fixedFeeMode','XC\\AuctionInc','XLite\\Module\\XC\\AuctionInc\\View\\FormField\\Select\\FixedFeeMode',140,'F','N;'),(340,'fixedFeeCode','XC\\AuctionInc','XLite\\View\\FormField\\Input\\Text',150,'','N;'),(341,'fixedFee1','XC\\AuctionInc','XLite\\View\\FormField\\Input\\Text\\Price',160,'','N;'),(342,'fixedFee2','XC\\AuctionInc','XLite\\View\\FormField\\Input\\Text\\Price',170,'','N;'),(343,'calculationSeparator','XC\\AuctionInc','separator',200,'','N;'),(344,'fallbackRate','XC\\AuctionInc','XLite\\Module\\XC\\AuctionInc\\View\\FormField\\Select\\FallbackRate',210,'N','N;'),(345,'fallbackRateValue','XC\\AuctionInc','XLite\\View\\FormField\\Input\\Text\\Price',220,'','N;'),(346,'entryPointSeparator','XC\\AuctionInc','separator',300,'','N;'),(347,'entryPointDHL','XC\\AuctionInc','XLite\\Module\\XC\\AuctionInc\\View\\FormField\\Select\\EntryPointDHL',310,'____DISABLED____','N;'),(348,'entryPointFEDEX','XC\\AuctionInc','XLite\\Module\\XC\\AuctionInc\\View\\FormField\\Select\\EntryPointFedEx',320,'D','N;'),(349,'entryPointUPS','XC\\AuctionInc','XLite\\Module\\XC\\AuctionInc\\View\\FormField\\Select\\EntryPointUPS',330,'D','N;'),(350,'entryPointUSPS','XC\\AuctionInc','XLite\\Module\\XC\\AuctionInc\\View\\FormField\\Select\\EntryPointUSPS',340,'','N;'),(351,'api_key','QSL\\CloudSearch','hidden',0,'','N;'),(352,'secret_key','QSL\\CloudSearch','hidden',0,'','N;'),(353,'dashboard','QSL\\CloudSearch','\\XLite\\Module\\QSL\\CloudSearch\\View\\FormField\\Dashboard',0,'','N;'),(354,'amazon_pa_sid','Amazon\\PayWithAmazon','XLite\\Module\\Amazon\\PayWithAmazon\\View\\FormField\\Input\\SellerID',5,'','N;'),(355,'amazon_pa_mode','Amazon\\PayWithAmazon','XLite\\Module\\Amazon\\PayWithAmazon\\View\\FormField\\Select\\OpMode',10,'test','N;'),(356,'amazon_pa_access_key','Amazon\\PayWithAmazon','text',15,'','N;'),(357,'amazon_pa_secret_key','Amazon\\PayWithAmazon','text',20,'','N;'),(358,'amazon_pa_currency','Amazon\\PayWithAmazon','XLite\\Module\\Amazon\\PayWithAmazon\\View\\FormField\\Select\\Currency',30,'USD','N;'),(359,'amazon_pa_capture_mode','Amazon\\PayWithAmazon','XLite\\Module\\Amazon\\PayWithAmazon\\View\\FormField\\Select\\CaptureMode',40,'C','N;'),(360,'amazon_pa_sync_mode','Amazon\\PayWithAmazon','XLite\\Module\\Amazon\\PayWithAmazon\\View\\FormField\\Select\\SyncMode',45,'S','N;'),(361,'time_zone','General','',0,'Europe/Moscow','N;');
CREATE TABLE `xlite_config_translations` (
  `label_id` int(11) NOT NULL AUTO_INCREMENT,
  `id` int(11) DEFAULT NULL,
  `option_name` varchar(255) COLLATE utf8_unicode_ci NOT NULL,
  `option_comment` longtext COLLATE utf8_unicode_ci NOT NULL,
  `code` char(2) COLLATE utf8_unicode_ci NOT NULL,
  PRIMARY KEY (`label_id`),
  KEY `IDX_56A33BC3BF396750` (`id`),
  KEY `ci` (`code`,`id`),
  CONSTRAINT `FK_56A33BC3BF396750` FOREIGN KEY (`id`) REFERENCES `xlite_config` (`config_id`) ON DELETE CASCADE
) ENGINE=InnoDB DEFAULT CHARSET=utf8 COLLATE=utf8_unicode_ci;
INSERT INTO `xlite_config_translations` VALUES (1,1,'Administrator Zone settings','','en'),(2,2,'Use HTTPS in the Administrator Zone','','en'),(3,3,'Default customer address','','en'),(4,4,'Address line','','en'),(5,5,'Country','','en'),(6,6,'State','','en'),(7,7,'State','','en'),(8,8,'City','','en'),(9,9,'Zip/postal code','','en'),(10,10,'Address type','','en'),(11,11,'Aggregate CSS files','','en'),(12,12,'Aggregate JS files','','en'),(13,13,'Use widget cache','','en'),(14,14,'Use dynamic image resizing','This setting determines what happens if X-Cart cannot find a previously generated resized version of an image it needs to display. If this setting is enabled, an appropriately sized version of the image is generated on the fly. If this setting is disabled, the original (non-resized) image is used.','en'),(15,15,'Layout type','','en'),(16,16,'CLI mode key','','en'),(17,17,'Company address','','en'),(18,18,'Contacts','','en'),(19,19,'Fax','','en'),(20,20,'Identity','','en'),(21,21,'Company name','Changing the value of this or any other fields on this page will not affect the signature in your store\'s email notifications. The signature for notifications can be edited on the <a href=\"admin.php?target=notification_common\">Headers & signatures</a> page.','en'),(22,22,'Company website','','en'),(23,23,'Terms and conditions relative URL','','en'),(24,24,'Customer Zone settings','','en'),(25,25,'Use HTTPS in the Customer Zone (for login, Checkout and profile pages)','','en'),(26,26,'Date format','','en'),(27,27,'CSV column delimiter','','en'),(28,28,'Import/export charset','','en'),(29,31,'Payment method to be assumed in case of zero order totals','','en'),(30,32,'Maximum order quantity (per product)','','en'),(31,33,'Default payment method','','en'),(32,34,'Display check number for eCheck payment method','','en'),(33,35,'How to show out of stock products','','en'),(34,36,'Default display mode for products list','','en'),(35,38,'Street address','','en'),(36,39,'Country','','en'),(37,40,'State','','en'),(38,41,'State','','en'),(39,42,'City','','en'),(40,43,'Zip/postal code','','en'),(41,44,'Phone','','en'),(42,45,'Number of days to store the last login data','','en'),(43,46,'Maximum allowed order subtotal','','en'),(44,47,'Minimum allowed order subtotal','','en'),(45,48,'Next order #','You can change the number that will be assigned on the next order. The new order number should be greater than the current one.','en'),(46,49,'Cart TTL (days)','Specify the number of days after which a stored shopping cart should be considered old and should be removed. Leave empty if old carts should never be removed (not recommended)','en'),(47,50,'Enable internal cron service','This setting allows you to enable/disable the use of your store\'s internal cron service. This service schedules the run of certain maintenance tasks for your store - like removing customers\' expired shopping carts - at the periodicity of once per 100 user sessions.','en'),(48,51,'Sales department e-mail','','en'),(49,52,'Orders per page','','en'),(50,53,'Products per category listing page','','en'),(51,54,'Products per page','','en'),(52,55,'The number of orders in the recent order list','','en'),(53,56,'Force customer to choose product options before the product can be added to cart','','en'),(54,57,'Redirect customer to the cart page after a product is added to cart','','en'),(55,58,'Close the shop temporarily (not available in Demo store)','','en'),(56,59,'Shop currency','','en'),(57,60,'Hide trailing zeros in fractional part','','en'),(58,61,'Site administrator e-mail','','en'),(59,62,'Password','','en'),(60,63,'Secure connection','','en'),(61,64,'SMTP server','','en'),(62,65,'SMTP port','By default, SMTP uses TCP port 25. However, if you are going to use secure SSL/TLS encrypted SMTP, you need to specify the correct TCP port number for your system here. Typically, port number for secure SMTP is 465.','en'),(63,66,'SMTP server','','en'),(64,67,'Username','','en'),(65,68,'Year when store started its operation','','en'),(66,69,'Subcategory listings format','','en'),(67,70,'Default order to sort products within a category','','en'),(68,71,'HelpDesk/Support service e-mail','','en'),(69,72,'Time format','','en'),(70,73,'Time zone','','en'),(71,74,'Customer relations e-mail','','en'),(72,75,'Users per page','','en'),(73,76,'Use SMTP server','','en'),(74,77,'Use authentication','','en'),(75,79,'Weight symbol','','en'),(76,80,'Weight unit','','en'),(77,81,'Hide trailing zeros in fractional part','','en'),(78,82,'Weight format','','en'),(79,83,'Dimensional symbol','','en'),(80,84,'Dimensional unit','','en'),(81,85,'The name of a file holding one or more certificates to verify the peer with','','en'),(82,86,'A directory that holds multiple CA certificates','','en'),(83,87,'Ask anonymous users to create an account or sign in before checkout','','en'),(84,88,'Display \"Add to cart\" buttons for products in grid view','','en'),(85,89,'Clean URL availability flag','','en'),(86,90,'Allow customers to sign up for membership','','en'),(87,91,'Upgrade options','','en'),(88,92,'Upgrade access level','','en'),(89,93,'Perform quick data calculation during store re-deployment','Calculated quick data enhances your store\'s performance by allowing quick product sorting. If you want quick data to be calculated along with store re-deployment, make sure this setting is enabled before running the \"Re-deploy the store\" tool. Keep the setting disabled if you want to do the re-deployment without the calculation of quick data.','en'),(90,94,'API key','A unique 32 character API key is used to authorise inbound requests to the APIs. To obtain an API key please visit <a href=\"http://auspost.com.au/devcentre\">http://auspost.com.au/devcentre</a> and follow the link to create your Australia Post ID. After registration has been successfully completed you will be emailed an API key.','en'),(91,95,'Test mode','','en'),(92,96,'Package type','','en'),(93,97,'Package box type','','en'),(94,98,'Service option','','en'),(95,99,'Extra cover type','','en'),(96,100,'Extra cover value','','en'),(97,101,'Currency rate','(specify rate X, where 1 AUD = X in shop currency)','en'),(98,102,'Package width (mm)','','en'),(99,103,'Package length (mm)','','en'),(100,104,'Package height (mm)','','en'),(101,105,'Automatically enable new methods','When AustraliaPost return shipping methods which does not exists in the available methods list, these methods will be created in the list automatically. You can specify should these methods be created as enabled and accessible customers just after they created, or these methods must be hidden from customer until you manually validate them.','en'),(102,106,'Log all comunications between shopping cart and AustraliaPost server','','en'),(103,107,'Maximum package weight (kg)','','en'),(104,108,'Display the list of bestsellers in','','en'),(105,109,'Number of products in the bestsellers list','','en'),(106,110,'Enable form','','en'),(107,111,'E-mail address of the message recipient','If the field is blank, then administration email is used','en'),(108,112,'reCAPTCHA','','en'),(109,113,'Public key','To use reCAPTCHA you should get an API key from <a href=\"https://www.google.com/recaptcha/admin/create\">https://www.google.com/recaptcha/admin/create</a>','en'),(110,114,'Private key','','en'),(111,115,'Featured products look and feel','','en'),(112,116,'FedEx account number','','en'),(113,117,'FedEx meter number','','en'),(114,118,'FedEx authentication key','','en'),(115,119,'FedEx authentication password','','en'),(116,120,'Test mode','','en'),(117,121,'Enable debugging','','en'),(118,122,'FDXE Carrier type','','en'),(119,123,'FDXG Carrier type','','en'),(120,124,'FXSP Carrier type','','en'),(121,125,'Packaging','','en'),(122,126,'Dropoff type','','en'),(123,127,'Ship date (days)','','en'),(124,128,'Currency code','','en'),(125,129,'Currency rate','(Currency conversion rate from currency specified in FedEx settings to the store currency)','en'),(126,130,'Length','','en'),(127,131,'Width','','en'),(128,132,'Height','','en'),(129,133,'COD type','','en'),(130,134,'Send package cost to calculate insurance','','en'),(131,135,'Dangerous Goods/Accessibility','','en'),(132,136,'Signature option','','en'),(133,137,'Shipment from residential address','','en'),(134,138,'Saturday pickup','','en'),(135,139,'Maximum package weight','','en'),(136,140,'Web Property ID','','en'),(137,141,'What are you tracking','','en'),(138,142,'Google Analytics code version','','en'),(139,143,'Facebook application settings','','en'),(140,144,'Facebook Application ID','Facebook Platform application ID that administers your site pages. You can get this ID by visiting the page at <a href=\"https://developers.facebook.com/apps/\">https://developers.facebook.com/apps/</a><br /><br />You should specify this field:<ul><li>to make your site statistics appear in the Facebook Insights dashboard</li><li>to enable a moderator interface on Facebook where comments from all product pages can be easily moderated together</li></ul>','en'),(141,145,'Facebook Application Namespace','Specify the same app namespace that you entered when configured your Facebook Platform application.','en'),(142,146,'Facebook Admins','Comma-separated list of the Facebook User IDs of page administrators. Include at least your own Facebook User ID.','en'),(143,147,'Facebook Like Button settings','','en'),(144,148,'Display the Like button on product pages','The Like button lets a customer share your product pages with friends on Facebook. The button will not be displayed if Facebook application id is not set.','en'),(145,149,'Display the Share button along with the Like button','The Share button lets people add a personalized message to links before sharing on their timeline, in groups, or to their friends via a Facebook Message.','en'),(146,150,'Layout style','There are three options:<ul><li>\"standard\" - displays social text to the right of the button and friends\' profile photos below</li><li>\"button\" - displays the total number of likes to the right of the button</li><li>\"box\" - displays the total number of likes above the button.</li></ul>','en'),(147,151,'Show profile pictures below the Like button','Profile pictures appear in the \"standard\" layout style only.','en'),(148,152,'The verb to display in the Like button','','en'),(149,153,'The color scheme for the like button','','en'),(150,154,'Facebook comments settings','','en'),(151,155,'Display the Facebook Comments tab on product pages','To moderate comments, specify your Facebook User ID in the \"Facebook Admins\" field below.<br />To enable the moderator interface on Facebook where comments from all product pages can be easily moderated together, specify your Facebook App ID in the \"Facebook Application ID\" field below.','en'),(152,156,'Number of posts to show on the tab by default','','en'),(153,157,'The color scheme for the comments','','en'),(154,158,'Tweet button settings','','en'),(155,159,'Display the Tweet button on product pages','The Tweet button allows customers to easily share your product pages with their Twitter followers.','en'),(156,160,'Show the count box along with the Tweet button','The count box shows how many times the product page has been Tweeted.','en'),(157,161,'Account name of the user to attribute the Tweet to (optional)','','en'),(158,162,'Account name of the user to follow after sending a Tweet (optional)','Twitter will suggest that customers follow this user once they have sent a Tweet using the Tweet button.','en'),(159,163,'Hashtag to show within the Tweet button and in the text of the tweet status (optional)','','en'),(160,164,'Google+ button settings','','en'),(161,165,'Display the Google+ button on product pages','','en'),(162,166,'Pinterest button settings','','en'),(163,167,'Display the Pinterest button on product pages','','en'),(164,168,'Merchant\'s skrill.com account','','en'),(165,169,'Company logo URL','','en'),(166,170,'Test mode','','en'),(167,171,'Secret word','The uppercase MD5 value of the ASCII equivalent of the secret word submitted in the \"Merchant Tools\" section of the Merchant.s online Skrill account.','en'),(168,172,'Invoice number prefix','','en'),(169,174,'Show \"Admin welcome\" block','','en'),(170,175,'PayPal Login','To enable PayPal login, you need to create a PayPal application for your website. The recommended procedure is to go to the My Apps page and create an app for testing, then to go live with this app. For detailed instructions on creating the app, see PayPal documentation at <a href=\"https://developer.paypal.com/docs/integration/admin/manage-apps/\">https://developer.paypal.com/docs/integration/admin/manage-apps/</a>. Be sure to specify your \"App return URL\" as the value of \"Redirect URL\" field below.<br /><br />Once the app has been created, be sure to copy your Client Id and Client Secret from the app details and credentials and have them stored in the fields below.','en'),(171,176,'Redirect URL','','en'),(172,177,'Client Id','','en'),(173,178,'Client Secret','','en'),(174,179,'Test/Live mode','','en'),(175,180,'\"New arrivals\" block settings','','en'),(176,181,'Enable \"New arrivals\" feature in catalog','','en'),(177,182,'','','en'),(178,183,'Number of days to keep products marked as new arrivals','Specify a non-zero value; otherwise, 30 days will be used by default.','en'),(179,184,'Maximum number of products to display in complete new arrivals list','Limits the total number of products that can be displayed when user clicks the \"All new arrivals\" link in the \"New arrivals\" block. Leave 0 for no limit.','en'),(180,185,'Mark new products in catalog','Marks new products on all products lists (except \"New arrivals\" lists) with the \"New!\" label.','en'),(181,186,'','','en'),(182,187,'Display \"New arrivals\" block on sidebar (otherwise in center area)','Drupal block settings can override this option (when the DrupalConnector module is enabled).','en'),(183,188,'Maximum number of products to display in \"New arrivals\" block','Defines the maximum number of products that can be displayed in the \"New arrivals\" block. Specify a non-zero value; otherwise, 3 products will be displayed by default. If the specified value is less than the total amount of products on complete new arrivals list, that value will be used instead. Drupal block settings can override this option (when the DrupalConnector module is enabled).','en'),(184,189,'Show new products only from category being viewed by customer','Drupal block settings can override this option (when the DrupalConnector module is enabled).','en'),(185,190,'\"Coming soon\" block settings','','en'),(186,191,'Enable \"Coming soon\" feature in catalog','','en'),(187,192,'','','en'),(188,193,'Mark upcoming products in catalog','Marks upcoming products on all products lists (except \"Coming soon\" lists) with the \"Coming soon...\" label.','en'),(189,194,'Show arrival date on product details pages','','en'),(190,195,'Show \"coming soon\" products only from category being viewed by customer','Drupal block settings can override this option (when the DrupalConnector module is enabled).','en'),(191,196,'','','en'),(192,197,'Display \"Coming soon\" block on sidebar (otherwise in center area)','Drupal block settings can override this option (when the DrupalConnector module is enabled).','en'),(193,198,'Maximum number of products to display in \"Coming soon\" block','Defines a maximum number of products that can be displayed in the \"Coming soon\" block. Specify a non-zero value; otherwise, 3 products will be displayed by default. Drupal block settings can override this option (when the DrupalConnector module is enabled).','en'),(194,199,'\"Recently viewed\" block settings','','en'),(195,200,'Display \"Recently viewed\" block in catalog','','en'),(196,201,'Maximum number of products to display in \"Recently viewed\" block','Defines the maximum amount of products that can be displayed in the \"Recently viewed\" block. Leave 0 for no limit. Drupal block settings can override this option (when the DrupalConnector module is enabled).','en'),(197,202,'\"Customers who bought this product also bought\" block settings','','en'),(198,203,'Display block in catalog','','en'),(199,204,'Maximum number of products to display in block','Defines the maximum number of products that can be displayed in the \"Customers who bought this product also bought\" block. Specify a non-zero value; otherwise, 3 products will be displayed by default. Drupal block settings can override this option (when the DrupalConnector module is enabled).','en'),(200,205,'\"Customers who viewed this product bought\" block settings','','en'),(201,206,'Display block in catalog','','en'),(202,207,'Maximum number of products to display in block','Defines the maximum number of products that can be displayed in the \"Customers who viewed this product bought\" block. Specify a non-zero value; otherwise, 3 products will be displayed by default. Drupal block settings can override this option (when the DrupalConnector module is enabled).','en'),(203,208,'Display the \"Products on sale\" block in the storefront','','en'),(204,209,'Display only the products on sale which are in the category being viewed (or its subcategories)','','en'),(205,210,'The maximum number of products to be displayed in the \"Products on sale\" block','The maximum number of products to be displayed in the \"Products on sale\" block. Set zero to display all products in the block. Drupal block settings can override this option (when the DrupalConnector module is enabled).','en'),(206,211,'Display the \"Products on sale\" block in','Drupal block settings can override this option (when the DrupalConnector module is enabled).','en'),(207,212,'Use the same tax rates for all user membership levels','','en'),(208,213,'Address for sales tax calculation','','en'),(209,214,'Taxable base','','en'),(210,215,'Logo','','en'),(211,216,'Favicon','','en'),(212,217,'Frequency of content renewal for Static page','','en'),(213,218,'Priority for Static page','The value should range from 0 to 1.','en'),(214,219,'Show the default menu along with the custom one','','en'),(215,220,'User ID','','en'),(216,221,'USPS server URL','','en'),(217,222,'Package length (mm)','','en'),(218,223,'Package width (mm)','','en'),(219,224,'Package height (mm)','','en'),(220,225,'Girth','','en'),(221,226,'Currency rate','(specify rate X, where 1 USD = X in shop currency)','en'),(222,227,'Container','','en'),(223,228,'Package size','','en'),(224,229,'Machinable','','en'),(225,230,'Mail type','','en'),(226,231,'Container (Intl)','','en'),(227,232,'Commercial','','en'),(228,233,'GXG enabled','','en'),(229,234,'GXG destination is a post office box','','en'),(230,235,'GXG package contains a gift','','en'),(231,236,'Enable debugging','','en'),(232,237,'Auto enable new USPS shipping methods','','en'),(233,238,'Maximum package weight','','en'),(234,239,'Use fixed COD price','','en'),(235,240,'Fixed COD price','','en'),(236,241,'First-Class mail type','','en'),(237,242,'Rate type to use','','en'),(238,243,'Store ID','Store ID is an unique value generated by X-Payments for this shopping cart. This value should be obtained from this online store details page in X-Payments back-end.','en'),(239,244,'X-Payments URL','URL of your X-Payments installation (specify the URL beginning with https://). The store will send payment transaction requests to this URL.','en'),(240,245,'Public key','Public key is used to encrypt requests from the store to your X-Payments installation. This value should be obtained from this online store details page in X-Payments back-end.','en'),(241,246,'Private key','Private key is used to decrypt responses and callback requests that the store receives from your X-Payments installation. This value should be obtained from this online store details page in X-Payments back-end.','en'),(242,247,'Private key password','Private key password is used to decrypt the Private key. This value should be obtained from this online store details page in X-Payments back-end.','en'),(243,248,'IP addresses for X-Payments callbacks (optional)','X-Payments sends callback requests to the store from specific IP addresses. To secure the data transfer and avoid fraudulent requests, specify these IP addresses here as a comma-separated list.','en'),(244,249,'Payment currency','All the payments will be made using the currency specified here.','en'),(245,250,'API version compatibility','','en'),(246,251,'Use iframe','','en'),(247,252,'Date when the payment methods were loaded from site','','en'),(248,253,'List of payment methods allowed by X-Payments','','en'),(249,254,'Payment method for card setup','','en'),(250,255,'Authorize amount for card setup','Which amount should be authorized on card. Recommended 0.00, 0.01 or 1.00. Note: if you chose 0.00 make sure the payment gateway supports such authorization','en'),(251,256,'Description of the card setup payment','Description of card setup authorization. It`s sent to the payment gateway and can be seen by you and your customers thru the bank receipt.','en'),(252,257,'New payment status','New payment status','en'),(253,258,'Auth payment status','Auth payment status','en'),(254,259,'Charged payment status','Charged payment status','en'),(255,260,'Partially captured payment status','Partially captured payment status','en'),(256,261,'Declined payment status','Declined payment status','en'),(257,262,'Refunded payment status','Refunded payment status','en'),(258,263,'Partially refunded payment status','Partially refunded payment status','en'),(259,264,'User','','en'),(260,265,'Password','','en'),(261,266,'Developer mode','','en'),(262,267,'Log all comunications between shopping cart and UPS server','','en'),(263,268,'Quote type','','en'),(264,269,'Contract ID','','en'),(265,270,'Shipments pick up type','','en'),(266,271,'Site number of the deposit location','','en'),(267,272,'Render detailed manifest','','en'),(268,273,'Contact name for the manifest address','','en'),(269,274,'Customer numner','','en'),(270,275,'Currency rate','(specify rate X, where 1 CAD = X in shop currency)','en'),(271,276,'Package length (cm)','','en'),(272,277,'Package width (cm)','','en'),(273,278,'Package height (cm)','','en'),(274,279,'Maximum package weight','','en'),(275,280,'Signature','','en'),(276,281,'Document','Indicates whether the shipment is a document or not.','en'),(277,282,'Unpackaged','Indicates whether a shipment is unpackaged or not. For example, auto tires may be an example of an unpackaged shipment.','en'),(278,283,'Mailing tube','Indicates whether a shipment is contained in a mailing tube. (e.g. a poster tube)','en'),(279,284,'Oversized','Indicates whether the parcel is oversized or not.','en'),(280,285,'Coverage','In percent of the order subtotal (0 - do not use coverage)','en'),(281,286,'Proof of age','','en'),(282,287,'Way to deliver','','en'),(283,288,'Non-delivery instructions','','en'),(284,289,'Merchant registration wizard','','en'),(285,290,'Merchant registration hash','','en'),(286,291,'Enable \"Deliver to Post Office\" feature','','en'),(287,292,'Maximum Post Offices that will be displayed','','en'),(288,293,'Enable \"In stock only\" filter','','en'),(289,294,'Enable \"Price range\" filter','','en'),(290,295,'Enable \"Attributes\" filter','','en'),(291,296,'Show only available attributes for products in category','If the setting is disabled, the filter shows all the attribute values used in your store. If the setting is enabled, X-Cart generates a data cache that allows to display in the filter only the attribute values that are actually used for the products in the category being viewed. Please be aware that the availability of the products for specific user membership levels is not taken into account during cache generation.','en'),(292,296,'Show only available attributes for products in category','Если данная настройка выключена, в фильтре показываются все значения атрибутов, используемые в магазине. Если настройка включена, X-Cart генерирует кеш данных, позволяющий отображать в фильтре только те значения атрибутов, которые реально используются для товаров в просматриваемой категории. Обратите внимание, что доступность товаров для отдельных групп пользователей при генерации кеша не учитывается.','ru'),(293,297,'Cache reset mode','Cache is first generated when a category page is opened. When attribute or product data is changed, the generated cache is removed. It is then generated again when any category is opened.','en'),(294,297,'Режим обновления кэша','Кеш впервые генерируется при открытии страницы категории. При внесении изменений в данные атрибутов или товаров кеш сбрасывается. Затем он генерируется заново, когда происходит открытие любой категории.','ru'),(295,298,'Who can leave feedback','','en'),(296,299,'Admin moderates all reviews before showing them to customers','','en'),(297,300,'The quantity of reviews for tabs product reviews','','en'),(298,301,'Use custom css','','en'),(299,302,'Use custom javascript','','en'),(300,304,'Access key','','en'),(301,305,'User ID','','en'),(302,306,'Password','','en'),(303,307,'UPS Account number','','en'),(304,308,'Test mode','','en'),(305,309,'Packaging type','','en'),(306,310,'Pickup type','','en'),(307,311,'Saturday pickup','','en'),(308,312,'Saturday delivery','','en'),(309,313,'Additional handling','','en'),(310,314,'Use negotiated rates','','en'),(311,315,'Delivery confirmation','','en'),(312,316,'Extra cover type','','en'),(313,317,'Extra cover value','','en'),(314,318,'Shipping cost currency code','','en'),(315,319,'Currency rate','','en'),(316,320,'Package width','','en'),(317,321,'Package length','','en'),(318,322,'Package height','','en'),(319,323,'Log all comunications between shopping cart and UPS server','','en'),(320,324,'Maximum package weight','','en'),(321,325,'Number of news messages in the Top news list','','en'),(322,326,'News messages per page','','en'),(323,327,'Shipping cost for products with a defined shipping freight value should be calculated as','','en'),(324,327,'Стоимость доставки для продуктов с заданным значением поля \"Фиксированная стоимость доставки\" должна быть равна','','ru'),(325,330,'ShippingCalc settings','','en'),(326,331,'Account API Key','Paste in your API Key from your AuctionInc ShippingCalc account (Not required for Trial)','en'),(327,332,'Enabled','','en'),(328,333,'Destination Type','Indicates deliveries are to residential addresses','en'),(329,334,'Debug mode','Enable debug mode to store debugging information to log file','en'),(330,335,'Default values','These values will be used for any products for which you have not saved ShippingCalc settings','en'),(331,336,'Calculation method','For carrier rates, your configured product weights (& dimensions) will be used','en'),(332,337,'Package','Pack items from the same origin together, or each in its own box.','en'),(333,338,'Insurable','Include product value for insurance calculation based on AuctionInc settings','en'),(334,339,'Mode','','en'),(335,340,'Code','Enter your AuctionInc-configured fixed fee code','en'),(336,341,'Fee 1','Enter fee for first item','en'),(337,342,'Fee 2','Enter fee for additional items and quantities','en'),(338,343,'Calculation options','','en'),(339,344,'Fallback rate','Optionally set default rate if the API cannot be reached or if no rates are found','en'),(340,345,'Fallback rate value','','en'),(341,346,'Carrier Entry Point','','en'),(342,347,'DHL','How you deliver your packages to the carrier','en'),(343,348,'Federal Express','How you deliver your packages to the carrier','en'),(344,349,'United Parcel Service','How you deliver your packages to the carrier','en'),(345,350,'United States Postal Service','Select Comm Base if your print your labels online','en'),(346,354,'Amazon Seller ID','','en'),(347,355,'Operation mode','','en'),(348,356,'Access Key ID','','en'),(349,357,'Secret Access Key','','en'),(350,358,'Country of Merchant account','','en'),(351,359,'Capture mode','','en'),(352,360,'Type of authorization request','','en');
CREATE TABLE `xlite_countries` (
  `code` char(2) COLLATE utf8_unicode_ci NOT NULL,
  `currency_id` int(10) unsigned DEFAULT NULL,
  `id` int(11) NOT NULL,
  `code3` char(3) COLLATE utf8_unicode_ci NOT NULL,
  `enabled` tinyint(1) NOT NULL,
  PRIMARY KEY (`code`),
  KEY `IDX_C4F7794938248176` (`currency_id`),
  KEY `enabled` (`enabled`),
  CONSTRAINT `FK_C4F7794938248176` FOREIGN KEY (`currency_id`) REFERENCES `xlite_currencies` (`currency_id`) ON DELETE CASCADE
) ENGINE=InnoDB DEFAULT CHARSET=utf8 COLLATE=utf8_unicode_ci;
INSERT INTO `xlite_countries` VALUES ('AD',978,20,'AND',1),('AE',784,784,'ARE',1),('AF',971,4,'AFG',1),('AG',951,28,'ATG',1),('AI',951,660,'AIA',1),('AL',8,8,'ALB',1),('AM',51,51,'ARM',1),('AO',973,24,'AGO',1),('AQ',NULL,10,'ATA',1),('AR',32,32,'ARG',1),('AS',840,16,'ASM',1),('AT',978,40,'AUT',1),('AU',36,36,'AUS',1),('AW',533,533,'ABW',1),('AX',978,248,'ALA',1),('AZ',944,31,'AZE',1),('BA',977,70,'BIH',1),('BB',52,52,'BRB',1),('BD',50,50,'BGD',1),('BE',978,56,'BEL',1),('BF',952,854,'BFA',1),('BG',975,100,'BGR',1),('BH',48,48,'BHR',1),('BI',108,108,'BDI',1),('BJ',952,204,'BEN',1),('BL',978,652,'BLM',1),('BM',60,60,'BMU',1),('BN',96,96,'BRN',1),('BO',68,68,'BOL',1),('BQ',840,535,'BES',1),('BR',986,76,'BRA',1),('BS',44,44,'BHS',1),('BT',356,64,'BTN',1),('BV',578,74,'BVT',1),('BW',72,72,'BWA',1),('BY',974,112,'BLR',1),('BZ',84,84,'BLZ',1),('CA',124,124,'CAN',1),('CC',36,166,'CCK',1),('CD',976,180,'COD',1),('CF',950,140,'CAF',1),('CG',950,178,'COG',1),('CH',756,756,'CHE',1),('CI',950,384,'CIV',1),('CK',554,184,'COK',1),('CL',152,152,'CHL',1),('CM',950,120,'CMR',1),('CN',156,156,'CHN',1),('CO',170,170,'COL',1),('CR',188,188,'CRI',1),('CU',192,192,'CUB',1),('CV',132,132,'CPV',1),('CW',532,531,'CUW',1),('CX',36,162,'CXR',1),('CY',978,196,'CYP',1),('CZ',203,203,'CZE',1),('DE',978,276,'DEU',1),('DJ',262,262,'DJI',1),('DK',208,208,'DNK',1),('DM',951,212,'DMA',1),('DO',214,214,'DOM',1),('DZ',12,12,'DZA',1),('EC',840,218,'ECU',1),('EE',978,233,'EST',1),('EG',818,818,'EGY',1),('EH',504,732,'ESH',1),('ER',232,232,'ERI',1),('ES',978,724,'ESP',1),('ET',230,231,'ETH',1),('FI',978,246,'FIN',1),('FJ',242,242,'FJI',1),('FK',238,238,'FLK',1),('FM',840,583,'FSM',1),('FO',208,234,'FRO',1),('FR',978,250,'FRA',1),('GA',950,266,'GAB',1),('GB',826,826,'GBR',1),('GD',951,308,'GRD',1),('GE',981,268,'GEO',1),('GF',978,254,'GUF',1),('GG',826,831,'GGY',1),('GH',936,288,'GHA',1),('GI',292,292,'GIB',1),('GL',208,304,'GRL',1),('GM',270,270,'GMB',1),('GN',324,324,'GIN',1),('GP',978,312,'GLP',1),('GQ',950,226,'GNQ',1),('GR',978,300,'GRC',1),('GS',826,239,'SGS',1),('GT',320,320,'GTM',1),('GU',840,316,'GUM',1),('GW',952,624,'GNB',1),('GY',328,328,'GUY',1),('HK',344,344,'HKG',1),('HM',36,334,'HMD',1),('HN',340,340,'HND',1),('HR',191,191,'HRV',1),('HT',332,332,'HTI',1),('HU',348,348,'HUN',1),('ID',360,360,'IDN',1),('IE',978,372,'IRL',1),('IL',376,376,'ISR',1),('IM',826,833,'IMN',1),('IN',356,356,'IND',1),('IO',840,86,'IOT',1),('IQ',368,368,'IRQ',1),('IR',364,364,'IRN',1),('IS',352,352,'ISL',1),('IT',978,380,'ITA',1),('JE',826,832,'JEY',1),('JM',388,388,'JAM',1),('JO',400,400,'JOR',1),('JP',392,392,'JPN',1),('KE',404,404,'KEN',1),('KG',417,417,'KGZ',1),('KH',116,116,'KHM',1),('KI',36,296,'KIR',1),('KM',174,174,'COM',1),('KN',951,659,'KNA',1),('KP',408,408,'PRK',1),('KR',410,410,'KOR',1),('KW',414,414,'KWT',1),('KY',136,136,'CYM',1),('KZ',398,398,'KAZ',1),('LA',418,418,'LAO',1),('LB',422,422,'LBN',1),('LC',951,662,'LCA',1),('LI',756,438,'LIE',1),('LK',144,144,'LKA',1),('LR',430,430,'LBR',1),('LS',426,426,'LSO',1),('LT',440,440,'LTU',1),('LU',978,442,'LUX',1),('LV',428,428,'LVA',1),('LY',434,434,'LBY',1),('MA',504,504,'MAR',1),('MC',978,492,'MCO',1),('MD',498,498,'MDA',1),('ME',978,499,'MNE',1),('MF',978,663,'MAF',1),('MG',969,450,'MDG',1),('MH',840,584,'MHL',1),('MK',807,807,'MKD',1),('ML',952,466,'MLI',1),('MM',64,104,'MMR',1),('MN',496,496,'MNG',1),('MO',446,446,'MAC',1),('MP',840,580,'MNP',1),('MQ',978,474,'MTQ',1),('MR',478,478,'MRT',1),('MS',951,500,'MSR',1),('MT',978,470,'MLT',1),('MU',480,480,'MUS',1),('MV',462,462,'MDV',1),('MW',454,454,'MWI',1),('MX',484,484,'MEX',1),('MY',458,458,'MYS',1),('MZ',943,508,'MOZ',1),('NA',516,516,'NAM',1),('NC',953,540,'NCL',1),('NE',952,562,'NER',1),('NF',36,574,'NFK',1),('NG',566,566,'NGA',1),('NI',558,558,'NIC',1),('NL',978,528,'NLD',1),('NO',578,578,'NOR',1),('NP',524,524,'NPL',1),('NR',36,520,'NRU',1),('NU',554,570,'NIU',1),('NZ',554,554,'NZL',1),('OM',512,512,'OMN',1),('PA',590,591,'PAN',1),('PE',604,604,'PER',1),('PF',953,258,'PYF',1),('PG',598,598,'PNG',1),('PH',608,608,'PHL',1),('PK',586,586,'PAK',1),('PL',985,616,'POL',1),('PM',978,666,'SPM',1),('PN',554,612,'PCN',1),('PR',840,630,'PRI',1),('PS',400,275,'PSE',1),('PT',978,620,'PRT',1),('PW',840,585,'PLW',1),('PY',600,600,'PRY',1),('QA',634,634,'QAT',1),('RE',978,638,'REU',1),('RO',946,642,'ROU',1),('RS',941,688,'SRB',1),('RU',643,643,'RUS',1),('RW',646,646,'RWA',1),('SA',682,682,'SAU',1),('SB',90,90,'SLB',1),('SC',690,690,'SYC',1),('SD',938,729,'SDN',1),('SE',752,752,'SWE',1),('SG',702,702,'SGP',1),('SH',654,654,'SHN',1),('SI',978,705,'SVN',1),('SJ',978,744,'SJM',1),('SK',978,703,'SVK',1),('SL',694,694,'SLE',1),('SM',978,674,'SMR',1),('SN',952,686,'SEN',1),('SO',706,706,'SOM',1),('SR',968,740,'SUR',1),('SS',728,728,'SSD',1),('ST',678,678,'STP',1),('SV',222,222,'SLV',1),('SX',532,534,'SXM',1),('SY',760,760,'SYR',1),('SZ',748,748,'SWZ',1),('TC',840,796,'TCA',1),('TD',950,148,'TCD',1),('TF',978,260,'ATF',1),('TG',952,768,'TGO',1),('TH',764,764,'THA',1),('TJ',972,762,'TJK',1),('TK',554,772,'TKL',1),('TL',840,626,'TLS',1),('TM',934,795,'TKM',1),('TN',788,788,'TUN',1),('TO',776,776,'TON',1),('TR',949,792,'TUR',1),('TT',780,780,'TTO',1),('TV',36,798,'TUV',1),('TW',901,158,'TWN',1),('TZ',834,834,'TZA',1),('UA',980,804,'UKR',1),('UG',800,800,'UGA',1),('UM',840,581,'UMI',1),('US',840,840,'USA',1),('UY',858,858,'URY',1),('UZ',860,860,'UZB',1),('VA',978,336,'VAT',1),('VC',951,670,'VCT',1),('VE',937,862,'VEN',1),('VG',840,92,'VGB',1),('VI',840,850,'VIR',1),('VN',704,704,'VNM',1),('VU',548,548,'VUT',1),('WF',953,876,'WLF',1),('WS',882,882,'WSM',1),('YE',886,887,'YEM',1),('YT',978,175,'MYT',1),('ZA',710,710,'ZAF',1),('ZM',894,894,'ZMB',1),('ZW',932,716,'ZWE',1);
CREATE TABLE `xlite_country_translations` (
  `label_id` int(11) NOT NULL AUTO_INCREMENT,
  `id` char(2) COLLATE utf8_unicode_ci DEFAULT NULL,
  `country` varchar(64) COLLATE utf8_unicode_ci NOT NULL,
  `code` char(2) COLLATE utf8_unicode_ci NOT NULL,
  PRIMARY KEY (`label_id`),
  KEY `IDX_758727C3BF396750` (`id`),
  KEY `ci` (`code`,`id`),
  KEY `country` (`country`),
  CONSTRAINT `FK_758727C3BF396750` FOREIGN KEY (`id`) REFERENCES `xlite_countries` (`code`) ON DELETE CASCADE
) ENGINE=InnoDB DEFAULT CHARSET=utf8 COLLATE=utf8_unicode_ci;
INSERT INTO `xlite_country_translations` VALUES (1,'AF','Afghanistan','en'),(2,'AX','Åland Islands','en'),(3,'AL','Albania','en'),(4,'DZ','Algeria','en'),(5,'AS','American Samoa','en'),(6,'AD','Andorra','en'),(7,'AO','Angola','en'),(8,'AI','Anguilla','en'),(9,'AQ','Antarctica','en'),(10,'AG','Antigua and Barbuda','en'),(11,'AR','Argentina','en'),(12,'AM','Armenia','en'),(13,'AW','Aruba','en'),(14,'AU','Australia','en'),(15,'AT','Austria','en'),(16,'AZ','Azerbaijan','en'),(17,'BS','Bahamas','en'),(18,'BH','Bahrain','en'),(19,'BD','Bangladesh','en'),(20,'BB','Barbados','en'),(21,'BY','Belarus','en'),(22,'BE','Belgium','en'),(23,'BZ','Belize','en'),(24,'BJ','Benin','en'),(25,'BM','Bermuda','en'),(26,'BT','Bhutan','en'),(27,'BO','Bolivia, Plurinational State of','en'),(28,'BQ','Bonaire, Sint Eustatius and Saba','en'),(29,'BA','Bosnia and Herzegowina','en'),(30,'BW','Botswana','en'),(31,'BV','Bouvet Island','en'),(32,'BR','Brazil','en'),(33,'IO','British Indian Ocean Territory','en'),(34,'BN','Brunei Darussalam','en'),(35,'BG','Bulgaria','en'),(36,'BF','Burkina Faso','en'),(37,'BI','Burundi','en'),(38,'KH','Cambodia','en'),(39,'CM','Cameroon','en'),(40,'CA','Canada','en'),(41,'CV','Cape Verde','en'),(42,'KY','Cayman Islands','en'),(43,'CF','Central African Republic','en'),(44,'TD','Chad','en'),(45,'CL','Chile','en'),(46,'CN','China','en'),(47,'CX','Christmas Island','en'),(48,'CC','Cocos (Keeling) Islands','en'),(49,'CO','Colombia','en'),(50,'KM','Comoros','en'),(51,'CG','Congo','en'),(52,'CD','Congo, the Democratic Republic of the','en'),(53,'CK','Cook Islands','en'),(54,'CR','Costa Rica','en'),(55,'CI','Côte d\'Ivoire','en'),(56,'HR','Croatia','en'),(57,'CU','Cuba','en'),(58,'CW','Curaçao','en'),(59,'CY','Cyprus','en'),(60,'CZ','Czech Republic','en'),(61,'DK','Denmark','en'),(62,'DJ','Djibouti','en'),(63,'DM','Dominica','en'),(64,'DO','Dominican Republic','en'),(65,'EC','Ecuador','en'),(66,'EG','Egypt','en'),(67,'SV','El Salvador','en'),(68,'GQ','Equatorial Guinea','en'),(69,'ER','Eritrea','en'),(70,'EE','Estonia','en'),(71,'ET','Ethiopia','en'),(72,'FK','Falkland Islands (Malvinas)','en'),(73,'FO','Faroe Islands','en'),(74,'FJ','Fiji','en'),(75,'FI','Finland','en'),(76,'FR','France','en'),(77,'GF','French Guiana','en'),(78,'PF','French Polynesia','en'),(79,'TF','French Southern Territories','en'),(80,'GA','Gabon','en'),(81,'GM','Gambia','en'),(82,'GE','Georgia','en'),(83,'DE','Germany','en'),(84,'GH','Ghana','en'),(85,'GI','Gibraltar','en'),(86,'GR','Greece','en'),(87,'GL','Greenland','en'),(88,'GD','Grenada','en'),(89,'GP','Guadeloupe','en'),(90,'GU','Guam','en'),(91,'GT','Guatemala','en'),(92,'GG','Guernsey','en'),(93,'GN','Guinea','en'),(94,'GW','Guinea-Bissau','en'),(95,'GY','Guyana','en'),(96,'HT','Haiti','en'),(97,'HM','Heard and McDonald Islands','en'),(98,'VA','Holy See (Vatican City State)','en'),(99,'HN','Honduras','en'),(100,'HK','Hong Kong','en'),(101,'HU','Hungary','en'),(102,'IS','Iceland','en'),(103,'IN','India','en'),(104,'ID','Indonesia','en'),(105,'IR','Iran, Islamic Republic of','en'),(106,'IQ','Iraq','en'),(107,'IE','Ireland','en'),(108,'IM','Isle of Man','en'),(109,'IL','Israel','en'),(110,'IT','Italy','en'),(111,'JM','Jamaica','en'),(112,'JP','Japan','en'),(113,'JE','Jersey','en'),(114,'JO','Jordan','en'),(115,'KZ','Kazakhstan','en'),(116,'KE','Kenya','en'),(117,'KI','Kiribati','en'),(118,'KP','Korea, Democratic People\'s Republic of','en'),(119,'KR','Korea, Republic of','en'),(120,'KW','Kuwait','en'),(121,'KG','Kyrgyzstan','en'),(122,'LA','Lao People\'s Democratic Republic','en'),(123,'LV','Latvia','en'),(124,'LB','Lebanon','en'),(125,'LS','Lesotho','en'),(126,'LR','Liberia','en'),(127,'LY','Libya','en'),(128,'LI','Liechtenstein','en'),(129,'LT','Lithuania','en'),(130,'LU','Luxembourg','en'),(131,'MO','Macao','en'),(132,'MK','Macedonia','en'),(133,'MG','Madagascar','en'),(134,'MW','Malawi','en'),(135,'MY','Malaysia','en'),(136,'MV','Maldives','en'),(137,'ML','Mali','en'),(138,'MT','Malta','en'),(139,'MH','Marshall Islands','en'),(140,'MQ','Martinique','en'),(141,'MR','Mauritania','en'),(142,'MU','Mauritius','en'),(143,'YT','Mayotte','en'),(144,'MX','Mexico','en'),(145,'FM','Micronesia, Federated States of','en'),(146,'MD','Moldova, Republic of','en'),(147,'MC','Monaco','en'),(148,'MN','Mongolia','en'),(149,'ME','Montenegro','en'),(150,'MS','Montserrat','en'),(151,'MA','Morocco','en'),(152,'MZ','Mozambique','en'),(153,'MM','Myanmar','en'),(154,'NA','Namibia','en'),(155,'NR','Nauru','en'),(156,'NP','Nepal','en'),(157,'NL','Netherlands','en'),(158,'NC','New Caledonia','en'),(159,'NZ','New Zealand','en'),(160,'NI','Nicaragua','en'),(161,'NE','Niger','en'),(162,'NG','Nigeria','en'),(163,'NU','Niue','en'),(164,'NF','Norfolk Island','en'),(165,'MP','Northern Mariana Islands','en'),(166,'NO','Norway','en'),(167,'OM','Oman','en'),(168,'PK','Pakistan','en'),(169,'PW','Palau','en'),(170,'PS','Palestinian Territory, Occupied','en'),(171,'PA','Panama','en'),(172,'PG','Papua New Guinea','en'),(173,'PY','Paraguay','en'),(174,'PE','Peru','en'),(175,'PH','Philippines','en'),(176,'PN','Pitcairn','en'),(177,'PL','Poland','en'),(178,'PT','Portugal','en'),(179,'PR','Puerto Rico','en'),(180,'QA','Qatar','en'),(181,'RE','Réunion','en'),(182,'RO','Romania','en'),(183,'RU','Russian Federation','en'),(184,'RW','Rwanda','en'),(185,'BL','Saint Barthélemy','en'),(186,'SH','Saint Helena, Ascension and Tristan da Cunha','en'),(187,'KN','Saint Kitts and Nevis','en'),(188,'LC','Saint Lucia','en'),(189,'MF','Saint Martin','en'),(190,'PM','Saint Pierre and Miquelon','en'),(191,'VC','Saint Vincent and the Grenadines','en'),(192,'WS','Samoa','en'),(193,'SM','San Marino','en'),(194,'ST','Sao Tome and Principe','en'),(195,'SA','Saudi Arabia','en'),(196,'SN','Senegal','en'),(197,'RS','Serbia','en'),(198,'SC','Seychelles','en'),(199,'SL','Sierra Leone','en'),(200,'SG','Singapore','en'),(201,'SX','Sint Maarten','en'),(202,'SK','Slovakia','en'),(203,'SI','Slovenia','en'),(204,'SB','Solomon Islands','en'),(205,'SO','Somalia','en'),(206,'ZA','South Africa','en'),(207,'GS','South Georgia and the South Sandwich Islands','en'),(208,'SS','South Sudan','en'),(209,'ES','Spain','en'),(210,'LK','Sri Lanka','en'),(211,'SD','Sudan','en'),(212,'SR','Suriname','en'),(213,'SJ','Svalbard and Jan Mayen','en'),(214,'SZ','Swaziland','en'),(215,'SE','Sweden','en'),(216,'CH','Switzerland','en'),(217,'SY','Syrian Arab Republic','en'),(218,'TW','Taiwan, Province of China','en'),(219,'TJ','Tajikistan','en'),(220,'TZ','Tanzania, United Republic of','en'),(221,'TH','Thailand','en'),(222,'TL','Timor-Leste','en'),(223,'TG','Togo','en'),(224,'TK','Tokelau','en'),(225,'TO','Tonga','en'),(226,'TT','Trinidad and Tobago','en'),(227,'TN','Tunisia','en'),(228,'TR','Turkey','en'),(229,'TM','Turkmenistan','en'),(230,'TC','Turks and Caicos Islands','en'),(231,'TV','Tuvalu','en'),(232,'UG','Uganda','en'),(233,'UA','Ukraine','en'),(234,'AE','United Arab Emirates','en'),(235,'GB','United Kingdom','en'),(236,'US','United States','en'),(237,'UM','United States Minor Outlying Islands','en'),(238,'UY','Uruguay','en'),(239,'UZ','Uzbekistan','en'),(240,'VU','Vanuatu','en'),(241,'VE','Venezuela, Bolivarian Republic of','en'),(242,'VN','Viet Nam','en'),(243,'VG','Virgin Islands, British','en'),(244,'VI','Virgin Islands, U.S.','en'),(245,'WF','Wallis And Futuna Islands','en'),(246,'EH','Western Sahara','en'),(247,'YE','Yemen','en'),(248,'ZM','Zambia','en'),(249,'ZW','Zimbabwe','en');
CREATE TABLE `xlite_coupon_categories` (
  `coupon_id` int(10) unsigned NOT NULL,
  `category_id` int(10) unsigned NOT NULL,
  PRIMARY KEY (`coupon_id`,`category_id`),
  KEY `IDX_2EB1BB6066C5951B` (`coupon_id`),
  KEY `IDX_2EB1BB6012469DE2` (`category_id`),
  CONSTRAINT `FK_2EB1BB6012469DE2` FOREIGN KEY (`category_id`) REFERENCES `xlite_categories` (`category_id`) ON DELETE CASCADE,
  CONSTRAINT `FK_2EB1BB6066C5951B` FOREIGN KEY (`coupon_id`) REFERENCES `xlite_coupons` (`id`) ON DELETE CASCADE
) ENGINE=InnoDB DEFAULT CHARSET=utf8 COLLATE=utf8_unicode_ci;
CREATE TABLE `xlite_coupons` (
  `id` int(10) unsigned NOT NULL AUTO_INCREMENT,
  `code` char(16) COLLATE utf8_unicode_ci NOT NULL,
  `enabled` tinyint(1) NOT NULL,
  `value` decimal(14,4) NOT NULL,
  `type` char(1) COLLATE utf8_unicode_ci NOT NULL,
  `comment` varchar(64) COLLATE utf8_unicode_ci NOT NULL,
  `uses` int(10) unsigned NOT NULL,
  `dateRangeBegin` int(10) unsigned NOT NULL,
  `dateRangeEnd` int(10) unsigned NOT NULL,
  `totalRangeBegin` decimal(14,4) NOT NULL,
  `totalRangeEnd` decimal(14,4) NOT NULL,
  `usesLimit` int(10) unsigned NOT NULL,
  `singleUse` tinyint(1) NOT NULL,
  PRIMARY KEY (`id`),
  KEY `ce` (`code`,`enabled`)
) ENGINE=InnoDB DEFAULT CHARSET=utf8 COLLATE=utf8_unicode_ci;
CREATE TABLE `xlite_currencies` (
  `currency_id` int(10) unsigned NOT NULL,
  `code` char(3) COLLATE utf8_unicode_ci NOT NULL,
  `symbol` varchar(16) COLLATE utf8_unicode_ci NOT NULL,
  `prefix` varchar(32) COLLATE utf8_unicode_ci NOT NULL,
  `suffix` varchar(32) COLLATE utf8_unicode_ci NOT NULL,
  `e` smallint(6) NOT NULL,
  `decimalDelimiter` varchar(8) COLLATE utf8_unicode_ci NOT NULL,
  `thousandDelimiter` varchar(8) COLLATE utf8_unicode_ci NOT NULL,
  PRIMARY KEY (`currency_id`),
  UNIQUE KEY `UNIQ_903AF16077153098` (`code`)
) ENGINE=InnoDB DEFAULT CHARSET=utf8 COLLATE=utf8_unicode_ci;
INSERT INTO `xlite_currencies` VALUES (8,'ALL','L','L','',2,'.',''),(12,'DZD','د.ج','د.ج','',2,'.',''),(32,'ARS','$','$','',2,'.',''),(36,'AUD','$','$','',2,'.',''),(44,'BSD','$','$','',2,'.',''),(48,'BHD','.د.ب','.د.ب','',3,'.',''),(50,'BDT','৳','৳','',2,'.',''),(51,'AMD','դր.','դր.','',2,'.',''),(52,'BBD','$','$','',2,'.',''),(60,'BMD','$','$','',2,'.',''),(64,'BTN','Nu','Nu','',2,'.',''),(68,'BOB','$','$','',2,'.',''),(72,'BWP','P','P','',2,'.',''),(84,'BZD','$','$','',2,'.',''),(90,'SBD','$','$','',2,'.',''),(96,'BND','$','$','',2,'.',''),(104,'MMK','K','K','',2,'.',''),(108,'BIF','₣','₣','',0,'.',''),(116,'KHR','$','$','',2,'.',''),(124,'CAD','$','$','',2,'.',''),(132,'CVE','$','$','',2,'.',''),(136,'KYD','$','$','',2,'.',''),(144,'LKR','Re','Re','',2,'.',''),(152,'CLP','$','$','',0,'.',''),(156,'CNY','¥','¥','',2,'.',''),(170,'COP','$','$','',2,'.',''),(174,'KMF','₣','₣','',0,'.',''),(188,'CRC','₡','₡','',2,'.',''),(191,'HRK','Kn','Kn','',2,'.',''),(192,'CUP','$','$','',2,'.',''),(203,'CZK','Kč','Kč','',2,'.',''),(208,'DKK','kr','kr','',2,'.',''),(214,'DOP','$','$','',2,'.',''),(222,'SVC','₡','₡','',2,'.',''),(230,'ETB','Br','Br','',2,'.',''),(232,'ERN','Nfk','Nfk','',2,'.',''),(238,'FKP','£','£','',2,'.',''),(242,'FJD','$','$','',2,'.',''),(262,'DJF','₣','₣','',0,'.',''),(270,'GMD','D','D','',2,'.',''),(292,'GIP','£','£','',2,'.',''),(320,'GTQ','Q','Q','',2,'.',''),(324,'GNF','₣','₣','',0,'.',''),(328,'GYD','$','$','',2,'.',''),(332,'HTG','G','G','',2,'.',''),(340,'HNL','L','L','',2,'.',''),(344,'HKD','$','$','',2,'.',''),(348,'HUF','ƒ','ƒ','',2,'.',''),(352,'ISK','kr','kr','',0,'.',''),(356,'INR','₹','₹','',2,'.',''),(360,'IDR','Rp','Rp','',2,'.',''),(364,'IRR','﷼','﷼','',2,'.',''),(368,'IQD','ع.د','ع.د','',3,'.',''),(376,'ILS','₪','₪','',2,'.',''),(388,'JMD','$','$','',2,'.',''),(392,'JPY','¥','¥','',0,'.',''),(398,'KZT','₸','₸','',2,'.',''),(400,'JOD','د.ا','د.ا','',3,'.',''),(404,'KES','KSh','KSh','',2,'.',''),(408,'KPW','₩','₩','',2,'.',''),(410,'KRW','₩','₩','',0,'.',''),(414,'KWD','د.ك','د.ك','',3,'.',''),(417,'KGS','C','C','',2,'.',''),(418,'LAK','₭','₭','',2,'.',''),(422,'LBP','.ل.ل','.ل.ل','',2,'.',''),(426,'LSL','L','L','',2,'.',''),(428,'LVL','Ls','Ls','',2,'.',''),(430,'LRD','$','$','',2,'.',''),(434,'LYD','ل.د','ل.د','',3,'.',''),(440,'LTL','Lt','Lt','',2,'.',''),(446,'MOP','$','$','',2,'.',''),(454,'MWK','K','K','',2,'.',''),(458,'MYR','RM','RM','',2,'.',''),(462,'MVR','Rf','Rf','',2,'.',''),(478,'MRO','UM','UM','',0,'.',''),(480,'MUR','Re','Re','',2,'.',''),(484,'MXN','$','$','',2,'.',''),(496,'MNT','₮','₮','',2,'.',''),(498,'MDL','L','L','',2,'.',''),(504,'MAD','د. م.','د. م.','',2,'.',''),(512,'OMR','ر.ع.','ر.ع.','',3,'.',''),(516,'NAD','N$','N$','',2,'.',''),(524,'NPR','Re','Re','',2,'.',''),(532,'ANG','ƒ','ƒ','',2,'.',''),(533,'AWG','ƒ','ƒ','',2,'.',''),(548,'VUV','Vt','Vt','',0,'.',''),(554,'NZD','$','$','',2,'.',''),(558,'NIO','$','$','',2,'.',''),(566,'NGN','₦','₦','',2,'.',''),(578,'NOK','kr','kr','',2,'.',''),(586,'PKR','Re','Re','',2,'.',''),(590,'PAB','B/.','B/.','',2,'.',''),(598,'PGK','K','K','',2,'.',''),(600,'PYG','₲','₲','',0,'.',''),(604,'PEN','S/.','S/.','',2,'.',''),(608,'PHP','₱','₱','',2,'.',''),(634,'QAR','ر.ق','ر.ق','',2,'.',''),(643,'RUB','р.','','р.',2,'.',''),(646,'RWF','₣','₣','',0,'.',''),(654,'SHP','£','£','',2,'.',''),(678,'STD','Db','Db','',2,'.',''),(682,'SAR','ر.س','ر.س','',2,'.',''),(690,'SCR','Re','Re','',2,'.',''),(694,'SLL','Le','Le','',2,'.',''),(702,'SGD','$','$','',2,'.',''),(704,'VND','₫','₫','',0,'.',''),(706,'SOS','S','S','',2,'.',''),(710,'ZAR','R','R','',2,'.',''),(728,'SSP','SSP','SSP','',2,'.',''),(748,'SZL','L','L','',2,'.',''),(752,'SEK','kr','kr','',2,'.',''),(756,'CHF','₣','₣','',2,'.',''),(760,'SYP','S£','S£','',2,'.',''),(764,'THB','฿','฿','',2,'.',''),(776,'TOP','$','$','',2,'.',''),(780,'TTD','$','$','',2,'.',''),(784,'AED','د.إ','د.إ','',2,'.',''),(788,'TND','د.ت','د.ت','',3,'.',''),(800,'UGX','USh','USh','',2,'.',''),(807,'MKD','ден.','ден.','',2,'.',''),(818,'EGP','LE','LE','',2,'.',''),(826,'GBP','£','£','',2,'.',''),(834,'TZS','TSh','TSh','',2,'.',''),(840,'USD','$','$','',2,'.',''),(858,'UYU','$','$','',2,'.',''),(860,'UZS','сўм','сўм','',2,'.',''),(882,'WST','$','$','',2,'.',''),(886,'YER','﷼','﷼','',2,'.',''),(894,'ZMK','K','K','',2,'.',''),(901,'TWD','NT$','NT$','',2,'.',''),(932,'ZWL','Z$','Z$','',2,'.',''),(934,'TMT','m','m','',2,'.',''),(936,'GHS','₵','₵','',2,'.',''),(937,'VEF','Bs','Bs','',2,'.',''),(938,'SDG','£','£','',2,'.',''),(941,'RSD','дин.','дин.','',2,'.',''),(943,'MZN','MT','MT','',2,'.',''),(944,'AZN','m','m','',2,'.',''),(946,'RON','L','L','',2,'.',''),(949,'TRY','₤','₤','',2,'.',''),(950,'XAF','₣','₣','',0,'.',''),(951,'XCD','$','$','',2,'.',''),(952,'XOF','₣','₣','',0,'.',''),(953,'XPF','₣','₣','',0,'.',''),(968,'SRD','$','$','',2,'.',''),(969,'MGA','Ar.','Ar.','',0,'.',''),(971,'AFN','؋','؋','',2,'.',''),(972,'TJS','с.','с.','',2,'.',''),(973,'AOA','Kz','Kz','',2,'.',''),(974,'BYR','Br','','Br',0,'.',''),(975,'BGN','лв','лв','',2,'.',''),(976,'CDF','₣','₣','',2,'.',''),(977,'BAM','KM','KM','',2,'.',''),(978,'EUR','€','€','',2,'.',''),(980,'UAH','₴','₴','',2,'.',''),(981,'GEL','ლ.','ლ.','',2,'.',''),(985,'PLN','zł','zł','',2,'.',''),(986,'BRL','$','$','',2,'.','');
CREATE TABLE `xlite_currency_translations` (
  `label_id` int(11) NOT NULL AUTO_INCREMENT,
  `id` int(10) unsigned DEFAULT NULL,
  `name` varchar(255) COLLATE utf8_unicode_ci NOT NULL,
  `code` char(2) COLLATE utf8_unicode_ci NOT NULL,
  PRIMARY KEY (`label_id`),
  KEY `IDX_E560C647BF396750` (`id`),
  KEY `ci` (`code`,`id`),
  CONSTRAINT `FK_E560C647BF396750` FOREIGN KEY (`id`) REFERENCES `xlite_currencies` (`currency_id`) ON DELETE CASCADE
) ENGINE=InnoDB DEFAULT CHARSET=utf8 COLLATE=utf8_unicode_ci;
INSERT INTO `xlite_currency_translations` VALUES (1,784,'UAE Dirtham','en'),(2,971,'Afghani','en'),(3,8,'Lek','en'),(4,51,'Armenian Dram','en'),(5,532,'Netherlands Antillian Guilder','en'),(6,973,'Kwanza','en'),(7,32,'Argentine Peso','en'),(8,36,'Australian Dollar','en'),(9,533,'Aruban Guilder','en'),(10,944,'Azerbaijanian Manat','en'),(11,977,'Convertible Marks','en'),(12,52,'Barbados Dollar','en'),(13,50,'Bangladesh Taka','en'),(14,975,'Bulgarian Lev','en'),(15,48,'Bahraini dinar','en'),(16,108,'Burundi Franc','en'),(17,60,'Bermudian Dollar','en'),(18,96,'Brunei Dollar','en'),(19,68,'Boliviano','en'),(20,986,'Brazilian Real','en'),(21,44,'Bahamian dollar','en'),(22,64,'Ngultrum','en'),(23,72,'Botswana Pula','en'),(24,974,'Belarussian Rouble','en'),(25,84,'Belize Dollar','en'),(26,124,'Canadian Dollar','en'),(27,976,'Franc Congolais','en'),(28,756,'Swiss Franc','en'),(29,152,'Chilean Peso','en'),(30,156,'Chinese Renminbi Yuan','en'),(31,170,'Colombian Peso','en'),(32,188,'Cost Rican Colon','en'),(33,192,'Cuban Peso','en'),(34,132,'Cape Verde Escudo','en'),(35,203,'Czech Koruna','en'),(36,262,'Djibouti Franc','en'),(37,208,'Danish Krone','en'),(38,214,'Dominican Peso','en'),(39,12,'Algerian Dinar','en'),(40,818,'Egyptian Pound','en'),(41,232,'Nakfa','en'),(42,230,'Ethiopian Birr','en'),(43,978,'Euro','en'),(44,242,'Fiji Dollar','en'),(45,238,'Falkland Islands Pound','en'),(46,826,'Pound Sterling','en'),(47,981,'Lari','en'),(48,936,'Ghana Cedi','en'),(49,292,'Gilbraltar Pound','en'),(50,270,'Dalasi','en'),(51,324,'Guinea Franc','en'),(52,320,'Quetzal','en'),(53,328,'Guyana Dollar','en'),(54,344,'Hong Kong Dollar','en'),(55,340,'Lempira','en'),(56,191,'Croatian Kuna','en'),(57,332,'Gourde','en'),(58,348,'Hungary Forint','en'),(59,360,'Indonesian Rupiah','en'),(60,376,'New Israeli Sheqel','en'),(61,356,'Indian Rupee','en'),(62,368,'Iraqi Dinar','en'),(63,364,'Iranian Rial','en'),(64,352,'Iceland Krona','en'),(65,388,'Jamaican Dollar','en'),(66,400,'Jordanian Dinar','en'),(67,392,'Japanese Yen','en'),(68,404,'Kenyan Shilling','en'),(69,417,'Son','en'),(70,116,'Cambodian riel','en'),(71,174,'Comoro Franc','en'),(72,408,'North Korean Won','en'),(73,410,'South Korean Won','en'),(74,414,'Kuwaiti Dinar','en'),(75,136,'Cayman Islands Dollar','en'),(76,398,'Tenge','en'),(77,418,'Kip','en'),(78,422,'Lebanese Pound','en'),(79,144,'Sri Lanka Rupee','en'),(80,430,'Liberian Dollar','en'),(81,426,'Loti','en'),(82,440,'Lithuanian Litus','en'),(83,428,'Latvian Lats','en'),(84,434,'Libyan Dinar','en'),(85,504,'Moroccan Dirtham','en'),(86,498,'Moldovan Leu','en'),(87,969,'Malagasy Ariary','en'),(88,807,'Denar','en'),(89,104,'Kyat','en'),(90,496,'Tugrik','en'),(91,446,'Pataca','en'),(92,478,'Ouguiya','en'),(93,480,'Mauritius Rupee','en'),(94,462,'Rufiyaa','en'),(95,454,'Malawian kwacha','en'),(96,484,'Mexican Peso','en'),(97,458,'Ringgit Malaysia','en'),(98,943,'Mozambique Metical','en'),(99,516,'Namibia Dollar','en'),(100,566,'Naira','en'),(101,558,'Cordoba Oro','en'),(102,578,'Norwegian Krone','en'),(103,524,'Nepalese Rupee','en'),(104,554,'New Zealand Dollar','en'),(105,512,'Rial Omani','en'),(106,590,'Balboa','en'),(107,604,'Nuevo Sol','en'),(108,598,'Kina','en'),(109,608,'Philippine Peso','en'),(110,586,'Pakistan Rupee','en'),(111,985,'Polish Zloty','en'),(112,600,'Guarani','en'),(113,634,'Qatari Rial','en'),(114,946,'Romanian Leu','en'),(115,941,'Serbian Dinar','en'),(116,643,'Russian Ruble','en'),(117,646,'Rwanda Franc','en'),(118,682,'Saudi Riyal','en'),(119,90,'Solomon Islands Dollar','en'),(120,690,'Seychelles Rupee','en'),(121,938,'Sudanese Pound','en'),(122,752,'Swedish Krona','en'),(123,702,'Singapore Dollar','en'),(124,654,'Saint Helena Pound','en'),(125,694,'Leone','en'),(126,706,'Somali Shilling','en'),(127,968,'Surinam Dollar','en'),(128,728,'South Sudanese Pound','en'),(129,678,'Dobra','en'),(130,222,'El Salvador Colon','en'),(131,760,'Syrian Pound','en'),(132,748,'Lilangeni','en'),(133,764,'Thailand Baht','en'),(134,972,'Somoni','en'),(135,934,'Turkmenistan New Manat','en'),(136,788,'Tunisian Dinar','en'),(137,776,'Pa\'anga','en'),(138,949,'Turkish Lira','en'),(139,780,'Trinidad and Tobago Dollar','en'),(140,901,'New Taiwan Dollar','en'),(141,834,'Tanzanian Shilling','en'),(142,980,'Hryvnia','en'),(143,800,'Uganda Shilling','en'),(144,840,'US Dollar','en'),(145,858,'Peso Uruguayo','en'),(146,860,'Uzbekistan som','en'),(147,937,'Bolivar Fuerte','en'),(148,704,'Vietnamese Dong','en'),(149,548,'Vatu','en'),(150,882,'Tala','en'),(151,950,'CFA Franc BEAC','en'),(152,951,'East Caribbean Dollar','en'),(153,952,'CFA Franc BCEAO','en'),(154,953,'CFP Franc','en'),(155,886,'Yemeni Rial','en'),(156,710,'South Africa Rand','en'),(157,894,'Zambian kwacha','en'),(158,932,'Zimbabwe Dollar','en');
CREATE TABLE `xlite_data_source_parameters` (
  `id` int(10) unsigned NOT NULL AUTO_INCREMENT,
  `data_source_id` int(10) unsigned DEFAULT NULL,
  `name` varchar(255) COLLATE utf8_unicode_ci NOT NULL,
  `value` longtext COLLATE utf8_unicode_ci NOT NULL,
  PRIMARY KEY (`id`),
  KEY `IDX_6D9196CA1A935C57` (`data_source_id`),
  CONSTRAINT `FK_6D9196CA1A935C57` FOREIGN KEY (`data_source_id`) REFERENCES `xlite_data_sources` (`id`) ON DELETE CASCADE
) ENGINE=InnoDB DEFAULT CHARSET=utf8 COLLATE=utf8_unicode_ci;
CREATE TABLE `xlite_data_sources` (
  `id` int(10) unsigned NOT NULL AUTO_INCREMENT,
  `type` varchar(255) COLLATE utf8_unicode_ci NOT NULL,
  PRIMARY KEY (`id`)
) ENGINE=InnoDB DEFAULT CHARSET=utf8 COLLATE=utf8_unicode_ci;
CREATE TABLE `xlite_event_tasks` (
  `id` int(10) unsigned NOT NULL AUTO_INCREMENT,
  `name` varchar(128) COLLATE utf8_unicode_ci NOT NULL,
  `arguments` longtext COLLATE utf8_unicode_ci NOT NULL COMMENT '(DC2Type:array)',
  PRIMARY KEY (`id`)
) ENGINE=InnoDB DEFAULT CHARSET=utf8 COLLATE=utf8_unicode_ci;
CREATE TABLE `xlite_featured_products` (
  `id` int(11) NOT NULL AUTO_INCREMENT,
  `product_id` int(10) unsigned DEFAULT NULL,
  `category_id` int(10) unsigned DEFAULT NULL,
  `orderBy` int(11) NOT NULL,
  PRIMARY KEY (`id`),
  UNIQUE KEY `pair` (`category_id`,`product_id`),
  KEY `IDX_CE976A6E4584665A` (`product_id`),
  KEY `IDX_CE976A6E12469DE2` (`category_id`),
  CONSTRAINT `FK_CE976A6E12469DE2` FOREIGN KEY (`category_id`) REFERENCES `xlite_categories` (`category_id`) ON DELETE CASCADE,
  CONSTRAINT `FK_CE976A6E4584665A` FOREIGN KEY (`product_id`) REFERENCES `xlite_products` (`product_id`) ON DELETE CASCADE
) ENGINE=InnoDB DEFAULT CHARSET=utf8 COLLATE=utf8_unicode_ci;
INSERT INTO `xlite_featured_products` VALUES (1,16,1,0),(2,5,1,0),(3,28,1,0),(4,39,1,0),(5,13,1,0),(6,23,1,0),(7,27,3,0),(8,36,3,0),(9,4,3,0);
CREATE TABLE `xlite_form_ids` (
  `id` int(11) NOT NULL AUTO_INCREMENT,
  `session_id` int(11) DEFAULT NULL,
  `form_id` varchar(32) COLLATE utf8_unicode_ci NOT NULL,
  `date` int(11) NOT NULL,
  PRIMARY KEY (`id`),
  UNIQUE KEY `fs` (`form_id`,`session_id`),
  KEY `IDX_AD266A12613FECDF` (`session_id`),
  CONSTRAINT `FK_AD266A12613FECDF` FOREIGN KEY (`session_id`) REFERENCES `xlite_sessions` (`id`) ON DELETE CASCADE
) ENGINE=InnoDB DEFAULT CHARSET=utf8 COLLATE=utf8_unicode_ci;
CREATE TABLE `xlite_iframe_contents` (
  `id` int(10) unsigned NOT NULL AUTO_INCREMENT,
  `url` varchar(255) COLLATE utf8_unicode_ci NOT NULL,
  `method` varchar(16) COLLATE utf8_unicode_ci NOT NULL,
  `data` longtext COLLATE utf8_unicode_ci NOT NULL COMMENT '(DC2Type:array)',
  PRIMARY KEY (`id`)
) ENGINE=InnoDB DEFAULT CHARSET=utf8 COLLATE=utf8_unicode_ci;
CREATE TABLE `xlite_images_settings` (
  `id` int(11) NOT NULL AUTO_INCREMENT,
  `code` varchar(255) COLLATE utf8_unicode_ci NOT NULL,
  `model` varchar(255) COLLATE utf8_unicode_ci NOT NULL,
  `width` int(11) NOT NULL,
  `height` int(11) NOT NULL,
  PRIMARY KEY (`id`)
) ENGINE=InnoDB DEFAULT CHARSET=utf8 COLLATE=utf8_unicode_ci;
INSERT INTO `xlite_images_settings` VALUES (1,'Default','XLite\\Model\\Image\\Product\\Image',300,300),(2,'LGThumbnailList','XLite\\Model\\Image\\Product\\Image',160,160),(3,'LGThumbnailGrid','XLite\\Model\\Image\\Product\\Image',160,160),(4,'Default','XLite\\Model\\Image\\Category\\Image',160,160);
CREATE TABLE `xlite_import_logs` (
  `id` int(10) unsigned NOT NULL AUTO_INCREMENT,
  `date` int(11) NOT NULL,
  `type` char(1) COLLATE utf8_unicode_ci NOT NULL,
  `code` char(32) COLLATE utf8_unicode_ci NOT NULL,
  `arguments` longtext COLLATE utf8_unicode_ci NOT NULL COMMENT '(DC2Type:array)',
  `file` varchar(255) COLLATE utf8_unicode_ci NOT NULL,
  `row` int(10) unsigned NOT NULL,
  `processor` varchar(255) COLLATE utf8_unicode_ci NOT NULL,
  PRIMARY KEY (`id`)
) ENGINE=InnoDB DEFAULT CHARSET=utf8 COLLATE=utf8_unicode_ci;
CREATE TABLE `xlite_inventory` (
  `id` int(10) unsigned DEFAULT NULL,
  `inventoryId` int(10) unsigned NOT NULL AUTO_INCREMENT,
  `enabled` tinyint(1) NOT NULL,
  `amount` int(10) unsigned NOT NULL,
  `lowLimitEnabled` tinyint(1) NOT NULL,
  `lowLimitAmount` int(10) unsigned NOT NULL,
  PRIMARY KEY (`inventoryId`),
  UNIQUE KEY `UNIQ_28BCD8D2BF396750` (`id`),
  CONSTRAINT `FK_28BCD8D2BF396750` FOREIGN KEY (`id`) REFERENCES `xlite_products` (`product_id`) ON DELETE CASCADE
) ENGINE=InnoDB DEFAULT CHARSET=utf8 COLLATE=utf8_unicode_ci;
INSERT INTO `xlite_inventory` VALUES (1,1,1,50,1,10),(2,2,1,350,0,10),(3,3,1,5,1,10),(4,4,1,1000,0,10),(5,5,0,1000,0,10),(6,6,1,1000,0,10),(7,7,1,1000,0,10),(8,8,1,1000,0,10),(9,9,1,1000,0,10),(10,10,1,1000,0,10),(11,11,1,1000,0,10),(12,12,1,1000,0,10),(13,13,1,1000,0,10),(14,14,1,1000,0,10),(15,15,1,1000,0,10),(16,16,1,1000,0,10),(17,17,1,1000,0,10),(18,18,1,1000,0,10),(19,19,1,1000,0,10),(20,20,1,1000,0,10),(21,21,1,1000,0,10),(22,22,1,1000,0,10),(23,23,1,1000,0,10),(24,24,1,1000,0,10),(25,25,1,1000,0,10),(26,26,1,1000,0,10),(27,27,1,1000,0,10),(28,28,1,1000,0,10),(29,29,1,1000,0,10),(30,30,1,1000,0,10),(31,31,1,1000,0,10),(32,32,1,1000,0,10),(33,33,1,1000,0,10),(34,34,1,1000,0,10),(35,35,1,1000,0,10),(36,36,1,1000,0,10),(37,37,1,1000,0,10),(38,38,1,1000,0,10),(39,39,1,50,0,10);
CREATE TABLE `xlite_language_label_translations` (
  `label_id` int(11) NOT NULL AUTO_INCREMENT,
  `id` int(11) DEFAULT NULL,
  `label` longtext COLLATE utf8_unicode_ci NOT NULL,
  `code` char(2) COLLATE utf8_unicode_ci NOT NULL,
  PRIMARY KEY (`label_id`),
  KEY `IDX_D36B6764BF396750` (`id`),
  KEY `ci` (`code`,`id`),
  CONSTRAINT `FK_D36B6764BF396750` FOREIGN KEY (`id`) REFERENCES `xlite_language_labels` (`label_id`) ON DELETE CASCADE
) ENGINE=InnoDB DEFAULT CHARSET=utf8 COLLATE=utf8_unicode_ci;
INSERT INTO `xlite_language_label_translations` VALUES (1,1,'Most popular','en'),(2,2,'Newest','en'),(3,3,'Alphabetically','en'),(4,4,'Tags','en'),(5,5,'All','en'),(6,6,'Accounting','en'),(7,7,'Administration','en'),(8,8,'Delivery','en'),(9,9,'Development','en'),(10,10,'Fulfillment','en'),(11,11,'Marketing','en'),(12,12,'Payment processing','en'),(13,13,'Statistics','en'),(14,14,'Translation','en'),(15,15,'User experience','en'),(16,16,'Website design','en'),(17,17,'Before editing attributes specific for the chosen type you should save the changes. <br /><br />Changing the type of a product attribute after having defined values for this attribute for some products will result in losing the defined attribute values.','en'),(18,18,'For details refer to <a href=\"{{licenseAgreementURL}}\" target=\"_blank\">X-Cart license agreement</a>.','en'),(19,19,'We are sorry, the Marketplace server is currently unavailable. Your license could not be registered. Please try again later.','en'),(20,20,'<a href=\"{{contactURL}}\" target=\"_blank\">Contact us</a> if you have any questions','en'),(21,21,'Activate your license key','en'),(22,22,'To activate your X-Cart license, enter your secret key into the field below and click Activate.','en'),(23,23,'To activate your X-Cart or commercial module license, enter your license key into the field below and click Activate.','en'),(24,24,'To set up Tax Rates, find and install appropriate add-on modules from the <a href=\"{{url}}\">Marketplace</a>','en'),(25,25,'Simplify tax compilance process and reduce the sales tax audit risk with <a href=\"{{url}}\">AvaTax Sales Tax Automation</a>','en'),(26,26,'Purchase premium license','en'),(27,27,'Activate free license','en'),(28,28,'activate existing key','en'),(29,29,'Enter your license key here','en'),(30,30,'Activate','en'),(31,31,'Need a license key?','en'),(32,32,'You must register your installation before you can use it for real sales. Registration can be accomplished by activating a free license with limited features or by purchasing a premium license.','en'),(33,33,'Removal of this message is allowed only through activation of a free or premium license.','en'),(34,34,'Free Edition has a limited set of features, so all the modules of the Business package will be removed in your store. However, you will be able to <a href=\'{{purchaseURL}}\'>upgrade</a> your Free version to Premium at any time and install addons from the Premium package.<br /><br /><strong>Here\'s a list of modules that are not available under free license. After the activation of a free license key all these modules will be removed from your installation.</strong>','en'),(35,35,'Evaluation notice','en'),(36,36,'Don\'t have an account yet?','en'),(37,37,'Go to checkout as a New customer','en'),(38,38,'Weight','en'),(39,39,'Weight ({{symbol}})','en'),(40,40,'Add to cart','en'),(41,41,'Description','en'),(42,42,'SKU','en'),(43,43,'Previous','en'),(44,44,'Next product','en'),(45,45,'Clear cart','en'),(46,46,'Continue shopping','en'),(47,47,'Submit','en'),(48,48,'Delivery','en'),(49,49,'(!) This product is out of stock or not available','en'),(50,50,'Update','en'),(51,51,'Grand total','en'),(52,52,'Shipping cost','en'),(53,53,'Free','en'),(54,54,'Subtotal','en'),(55,55,'Tax','en'),(56,56,'n/a','en'),(57,57,'Delete item','en'),(58,58,'Continue...','en'),(59,59,'When X-Cart aggregates CSS and JS files, the result is cached. If you change your JS/CSS files directly in the file system after they have been included into the cache, you will not see the functionality or style changes you have made. To make your changes visible, clear the aggregation cache.','en'),(60,60,'When X-Cart uses widgets cache, the static content of product lists is stored into a temporary cache. After editing the content (modifying the product descriptions, titles or photos), you should clear the widgets cache to make these changes visible in the front end right away. If you do not clear it, the changes will be updated anyway, but it may require more time','en'),(61,61,'The language you want to add has not been found','en'),(62,62,'This language already exists','en'),(63,63,'The {{language}} language has been added successfully','en'),(64,64,'The language you want to delete has not been found','en'),(65,65,'The {{language}} language has been deleted successfully','en'),(66,66,'Language not found','en'),(67,67,'The default interface language cannot be disabled','en'),(68,68,'The {{language}} language has been disabled','en'),(69,69,'The {{language}} language has been enabled','en'),(70,70,'The text labels have been updated','en'),(71,71,'Couldn\'t update the text labels: the translation language is not specified','en'),(72,72,'Couldn\'t update the text labels: the default language is set as the translation language','en'),(73,73,'Couldn\'t update the text labels: the translation language has not been found','en'),(74,74,'The text labels have been deleted','en'),(75,75,'Couldn\'t delete the text labels: text labels not found or not specified','en'),(76,76,'The text label has been deleted','en'),(77,77,'Couldn\'t delete the text label: text label not found or not specified','en'),(78,78,'Couldn\'t add the text label: name not specified.','en'),(79,79,'Couldn\'t add the text label: text label already exists.','en'),(80,80,'The text label has been added successfully','en'),(81,81,'The text label has been updated successfully','en'),(82,82,'The language you are trying to edit has not been found','en'),(83,83,'The language data has been saved','en'),(84,84,'The maximum upload file size is {{upload_max_filesize}}','en'),(85,85,'Search','en'),(86,86,'Next','en'),(87,87,'Custom HTML title','en'),(88,88,'Show category title','en'),(89,89,'Category icon','en'),(90,90,'Meta tags','en'),(91,91,'Meta desc','en'),(92,92,'View image','en'),(93,93,'From computer','en'),(94,94,'Via URL','en'),(95,95,'Upload via URL','en'),(96,96,'Copy to file system','en'),(97,97,'Alt','en'),(98,98,'Select file','en'),(99,99,'Undelete','en'),(100,100,'Show all labels','en'),(101,101,'{{n}} items found','en'),(102,102,'No modules found for \"<em>{{search_string}}</em>\"','en'),(103,103,'Language options','en'),(104,104,'{{language}} labels','en'),(105,105,'Select language','en'),(106,106,'No other languages defined','en'),(107,107,'Languages','en'),(108,108,'Help','en'),(109,109,'Knowledge Base','en'),(110,110,'Suggest an idea','en'),(111,111,'Report a bug','en'),(112,112,'Translations','en'),(113,113,'X-Cart News','en'),(114,114,'Our Blog','en'),(115,115,'Clear search','en'),(116,116,'New membership','en'),(117,117,'Any availability status','en'),(118,118,'Only enabled','en'),(119,119,'Only disabled','en'),(120,120,'Any class','en'),(121,121,'Default tax class','en'),(122,122,'Images','en'),(123,123,'Attributes','en'),(124,124,'Cloned products','en'),(125,125,'New category','en'),(126,126,'Subcat','en'),(127,127,'Main categories','en'),(128,128,'Add new label','en'),(129,129,'Add language','en'),(130,130,'{{n}} items total','en'),(131,131,'{{count}} item(s)','en'),(132,132,'Add new language','en'),(133,133,'Save','en'),(134,134,'Provide a translation of the text label into each of the languages used at your store. If the text label does not have a translation for a specific language, the translation of the label into the default language will be used instead. If the default language translation is also not available, the Label Name will be used.','en'),(135,135,'Purchase {{list}} license to install this add-on or','en'),(136,136,'Purchase {{list}} license to enable this add-on or','en'),(137,137,'The following modules will be disabled','en'),(138,138,'You can install these updates after <a href=\"{{URL}}\" target=\"_blank\">purchasing</a> and activating your X-Cart license key.','en'),(139,139,'Label name','en'),(140,140,'required','en'),(141,141,'Confirm deletion','en'),(142,142,'You are about to delete the {{language}} language. This operation is irreversible. Are you sure you want to continue?','en'),(143,143,'Delete','en'),(144,144,'Cancel','en'),(145,145,'{{language}} Language (Code: {{code}})','en'),(146,146,'Language name in {{language}}','en'),(147,147,'Native language name','en'),(148,148,'Disable','en'),(149,149,'Enable','en'),(150,150,'Set this language as default for the Customer area','en'),(151,151,'A disabled language cannot be set as default for the Customer area','en'),(152,152,'Delete Language','en'),(153,153,'Edit label','en'),(154,154,'Edit labels','en'),(155,155,'Please specify a pattern to find the required labels','en'),(156,156,'Module not found. Cannot uninstall.','en'),(157,157,'The module has been uninstalled successfully','en'),(158,158,'The {{module}} module has been uninstalled successfully','en'),(159,159,'The {{module}} module was installed with errors: the database was not updated correctly','en'),(160,160,'The {{module}} module was installed incorrectly. Please see logs for more information.','en'),(161,161,'The {{module}} module has been installed; however, the module has a wrong module control class','en'),(162,162,'The modules have been updated','en'),(163,163,'Congratulations! Your order has been placed.<br />You will receive your order confirmation shortly.','en'),(164,164,'{{count}} item in cart','en'),(165,165,'{{count}} items in cart','en'),(166,166,'Other items','en'),(167,167,'The selected shipping method has been deleted successfully','en'),(168,168,'The shipping methods have been updated','en'),(169,169,'The selected zones have been deleted successfully','en'),(170,170,'Zone details have been updated successfully','en'),(171,171,'The new zone has been created successfully','en'),(172,172,'This product is in <a href=\"{{href}}\">your cart</a>','en'),(173,173,'Your shopping cart - {{count}} item','en'),(174,174,'Your shopping cart - {{count}} items','en'),(175,175,'Greetings, {{name}}','en'),(176,176,'{{count}} items','en'),(177,177,'<div class=\"minicart-items-number\">{{count}}</div> <div class=\"minicart-items-text\">item</div>','en'),(178,178,'<div class=\"minicart-items-number\">{{count}}</div> <div class=\"minicart-items-text\">items</div>','en'),(179,179,'The email you provided is already in use. You can continue as guest or <a href=\"{{URL}}\" class=\"sign-in log-in\">Sign in</a>','en'),(180,180,'This user name is already taken. Please choose a different user name or <a href=\"{{URL}}\" class=\"log-in\">sign in</a>','en'),(181,181,'I accept the <a href=\"{{URL}}\" target=\"_blank\">Terms & Conditions</a>','en'),(182,182,'By clicking the \"Place order\" button you confirm that you accept the <a href=\"{{URL}}\">Terms & Conditions</a>','en'),(183,183,'Place order: {{total}}','en'),(184,184,'Proceed to payment: {{total}}','en'),(185,185,'Enter a correct email','en'),(186,186,'Enter an integer','en'),(187,187,'Enter a number','en'),(188,188,'Zero cannot be used','en'),(189,189,'Enter a positive number','en'),(190,190,'Enter a negative number','en'),(191,191,'This field is required','en'),(192,192,'\'{{field}}\' field is required','en'),(193,193,'Image #{{index}}','en'),(194,194,'Top {{count}} products','en'),(195,195,'\"{{name}}\" module settings','en'),(196,196,'The benchmark evaluates server environment, namely:<br />1. File subsystem - read and write speed.<br />2. Database server - computing speed, DB data read and write speed.<br />3. Computing power - speed of computing and exchanging data in the memory.<br /><span>The total test time is the sum of the times taken by each of these tests.</span>','en'),(197,197,'Thank you for using {{company}} services','en'),(198,198,'The confirmation URL link was sent to {{email}}','en'),(199,199,'An email with your account information was sent to {{email}}. Please make sure you can log in using the received data.','en'),(200,200,'Show filter options','en'),(201,201,'Customer note','en'),(202,202,'Customer','en'),(203,203,'Anonymous Customer','en'),(204,204,'Anonymous Customer, <a href=\"{{URL}}\">Registered User with the same email</a>','en'),(205,205,'Registered Customer','en'),(206,206,'Registered Customer, <a href=\"{{URL}}\">Anonymous Customer with the same email</a>','en'),(207,207,'The user will be registered; a password will be sent to the user via email','en'),(208,208,'Merge with Registered','en'),(209,209,'Invoice #{{id}}','en'),(210,210,'Welcome to X-Cart','en'),(211,211,'Quantity','en'),(212,212,'Total','en'),(213,213,'Cart is empty','en'),(214,214,'{{count}} item','en'),(215,215,'Items','en'),(216,216,'items','en'),(217,217,'Checkout','en'),(218,218,'View cart','en'),(219,219,'Email address','en'),(220,220,'Password','en'),(221,221,'Recover password','en'),(222,222,'Your cart','en'),(223,223,'This is a demo store powered by X-Cart, using PHP5 templates technology and MySQL database.','en'),(224,224,'Price','en'),(225,225,'Product name','en'),(226,226,'Please let us know if you want to <a href=\"//ideas.x-cart.com/forums/229428-x-cart-5-ideas\" target=\"_blank\">suggest an idea</a> or <a href=\"//www.x-cart.com/custom-development.html\" target=\"_blank\">contact us</a> for a free quote for custom development service</a>','en'),(227,227,'Please clarify your search request or search in the <a href=\"{{marketplace}}\">Marketplace</a>','en'),(228,228,'Select one...','en'),(229,229,'Other','en'),(230,230,'Hello, {{name}}','en'),(231,231,'All','en'),(232,232,'None','en'),(233,233,'[Root level]','en'),(234,234,'-- No categories --','en'),(235,235,'Sort by','en'),(236,236,'Pending membership','en'),(237,237,'{{count}} result(s) found','en'),(238,238,'per page','en'),(239,239,'<span>{{count}}</span> orders','en'),(240,240,'Logged in!','en'),(241,241,'Log off','en'),(242,242,'Account settings','en'),(243,243,'User <strong>{{login}}</strong> is logged in.','en'),(244,244,'{{count}} products found','en'),(245,245,'Thank you for registering a customer account.<br />As a registered customer you can enjoy a simplified checkout process and review your order history.<br /><br />A registration confirmation message with your account details has been sent to your email <b>{profile.login}</b>.<br />Please use your registration email and password every time you place orders at our store.<br /><br />You are now logged in and welcome to continue shopping.','en'),(246,246,'<span class=\"begin-record-number\">{{begin}}</span>&ndash;<span class=\"end-record-number\">{{end}}</span> of <span class=\"records-count\">{{total}}</span>','en'),(247,247,'{{value}} bytes','en'),(248,248,'{{value}} kB','en'),(249,249,'{{value}} MB','en'),(250,250,'{{value}} GB','en'),(251,251,'Including {{name}}','en'),(252,252,'{{years}} year(s)','en'),(253,253,'{{months}} month(s)','en'),(254,254,'{{days}} day(s)','en'),(255,255,'{{hours}} hour(s)','en'),(256,256,'{{minutes}} minute(s)','en'),(257,257,'{{seconds}} second(s)','en'),(258,258,'Import will overwrite the existing product information. This operation cannot be undone.','en'),(259,259,'To find out the data format for import, you can create a sample data file <a href=\"{{url}}\">by exporting your existing products</a>. Then you can prepare your import file using the same format.','en'),(260,260,'Note that data import time will depend on the size of the file being imported.','en'),(261,261,'Cannot import the field \'{{name}}\': unknown field','en'),(262,262,'String is inconsistent with the title: the number of columns is {{wrong}} instead of {{right}}','en'),(263,263,'The required field \'{{name}}\' is not defined or empty. The product has not been created','en'),(264,264,'{{url}} image unable to load','en'),(265,265,'During import {{count}} errors were generated. For details, <a href=\"{{url}}\">download</a> the log files.','en'),(266,266,'Some products might have been imported incorrectly. Please check your catalog. Find the IDs of such products in the import log file above.','en'),(267,267,'Order #{{id}}, {{date}}','en'),(268,268,'Order #{{id}}','en'),(269,269,'The {{name}} field is empty','en'),(270,270,'The value of the {{name}} field must be greater than {{min}}','en'),(271,271,'The value of the {{name}} field must be less than {{max}}','en'),(272,272,'Incorrect value format in {{name}} field.','en'),(273,273,'The value of the {{name}} field must not be longer than {{max}}','en'),(274,274,'To boost your sales, try the \"<a href=\"{{discountCoupons}}\">Coupons</a>\", \"<a href=\"{{sale}}\">Sale</a>\", \"<a href=\"{{productAdvisor}}\">Product Advisor</a>\" and \"<a href=\"{{volumeDiscounts}}\">Volume Discounts</a>\" addons. You may also be interested in other <a href=\"{{marketingTag}}\">Marketing</a> extensions from our Marketplace','en'),(275,275,'Trying to access the shop at <a href=\"{{url}}\">{{url}}</a> ...','en'),(276,276,'To fix this problem take the following steps: <ul><li>make sure the HTTPS protocol is enabled by your hosting service provider;</li><li>check your HTTPS settings (the \'https_host\' parameter in the \'etc/config.php\' file must be valid);</li><li>reload this page.</li></ul>','en'),(277,277,'To upload the database data directly from your local computer, click \"Browse\", choose an SQL dump file and click \"Upload and restore\". This method is more convenient; however, it has a file size limitation of {{N}}.','en'),(278,278,'You may upload a file named sqldump.sql.php to the var/backup/ directory of your X-Cart installation on the web server and click \"Restore from server\".','en'),(279,279,'Maximum upload file size is {{N}}.','en'),(280,280,'Unable to install the module \"{{X}}\":  required modules have not been installed or activated.','en'),(281,281,'cannot set {{X}} permissions','en'),(282,282,'Incorrect owner of {{X}} directory','en'),(283,283,'Cannot set {{X}} permissions for subdirectories:','en'),(284,284,'Incorrect owner of {{X}} file','en'),(285,285,'Flat shipping charge per {{X}} ordered (per {{Y}})','en'),(286,286,'SHIPPING = flat + ITEMS*per_item + WEIGHT*per_{{X}} + SUBTOTAL*(% of subtotal)/100;','en'),(287,287,'SHIPPING = raw on-line_rate + flat + ITEMS*per_item + WEIGHT*per_{{X}} + SUBTOTAL*(% of subtotal)/100;','en'),(288,288,'File size exceeds the maximum size of ({{size}})','en'),(289,289,'File was not loaded due to a server side failure.','en'),(290,290,'{{count}} item available','en'),(291,291,'{{count}} items available','en'),(292,292,'{{count}} product(s) removed','en'),(293,293,'{{count}} product(s) created','en'),(294,294,'{{count}} entities  removed','en'),(295,295,'{{count}} entities created','en'),(296,296,'Select a country or a state from the list, specify the zone where the country or state should be listed and click \"Apply\". To select more than one country/state, hold down the CTRL key while selecting the items. A zone must contain either countries or states. You cannot include both states and countries into the same zone.','en'),(297,297,'If you store product images in the database, they are included in the SQL dump file. If the product images are located on the file system, they are not included in the SQL dump file. To back up such images you need to download them directly from the server.','en'),(298,298,'You can choose one of the following options:<ol class=\"ordered-list\"><li>Download the database data (SQL dump) directly to your local computer - please click the \'Download SQL file\' button.</li><li>Save the database data as a file on the web server (\'var/backup/sqldump.sql.php\') - please click the \'Create SQL file\' button.</li></ol>','en'),(299,299,'Dear {{name}}!','en'),(300,300,'Thank you for your business. Please come back soon!','en'),(301,301,'{{percent}}% off','en'),(302,302,'Placed on <span class=\"date\">{{date}}</span> by <span class=\"name\">{{name}}</span>','en'),(303,303,'Placed on <span class=\"date\">{{date}}</span> by <a href=\"{{url}}\" class=\"name\">{{name}}</a>','en'),(304,304,'Order Total: <span>{{total}}</span>','en'),(305,305,'Oops! Our payment system has not informed us whether your last order was paid for, or not. Is there a payment form that you have not completed yet? If so, please complete and submit it. Or you can quickly <a href=\"{{url}}\">re-order the products</a> from your last incomplete order.','en'),(306,306,'Payment transaction [method: {{trx_method}}, type: {{trx_type}}, amount: {{trx_value}}, status: {{trx_status}}]','en'),(307,307,'Back end payment transaction [method: {{trx_method}}, type: {{trx_type}}, amount: {{trx_value}}, status: {{trx_status}}]','en'),(308,308,'Trial period &mdash; {{X}} day(s) left','en'),(309,309,'Editing attribute groups on this page will not affect other product classes that use these groups. Removing a group does not delete attributes from the group, but makes them show up among other attributes having no associated groups.','en'),(310,310,'What\'s new','en'),(311,311,'Your account email is {{email}}.','en'),(312,312,'Your account password is {{password}}.','en'),(313,313,'Here you can provide titles and descriptions for your payment methods and set the order in which they should appear on the storefront. In the <strong>Title</strong> column you can provide a name for each of your payment methods (up to 256 characters) - as it should be seen by customers; in the <strong>Description</strong> column - a short description of the payment method that should appear right below its title (also up to 256 characters).<br/>The list below shows only the payment methods that have been added.','en'),(314,314,'Watch this short video and learn the basics of how online payment processing works. You will also find out what to look for when choosing the best payment processing solution for your business.','en'),(315,315,'{{count}} methods available','en'),(316,316,'The payment method has been enabled','en'),(317,317,'The payment method has been disabled','en'),(318,318,'The payment method has been removed','en'),(319,319,'Duplicated clean URL: {{value}}','en'),(320,320,'Attributes for \"{{class}}\" product class','en'),(321,321,'{{count}} attributes in group','en'),(322,322,'Order {{order_number}} has been placed','en'),(323,323,'This module is available for X-Cart hosted stores only. <a href=\"{{url}}\">Click here for more information.</a>','en'),(324,324,'Low inventory products ({{count}})','en'),(325,325,'{{value}} orders yesterday','en'),(326,326,'{{value}} orders last week','en'),(327,327,'{{value}} orders last month','en'),(328,328,'{{value}} yesterday','en'),(329,329,'{{value}} last week','en'),(330,330,'{{value}} last month','en'),(331,331,'No orders yesterday','en'),(332,332,'No orders last week','en'),(333,333,'No orders last month','en'),(334,334,'No orders yet','en'),(335,335,'No orders','en'),(336,336,'To use the secure protocol you need an SSL certificate purchased for the \"<span>{{domain}}</span>\" domain and installed on your server.','en'),(337,337,'To enable the secure protocol for your website pages you need a valid SSL certificate purchased for the \"<span>{{domain}}</span>\" website domain and installed on your server.','en'),(338,338,'Pre-launch checklist:','en'),(339,339,'{{size}}, including images and file attachments','en'),(340,340,'Exported on {{date}}','en'),(341,341,'No write permissions to directory {{path}}. Please set the necessary permissions to directory {{path}}.','en'),(342,342,'Failed write to file {{path}}. There may not be enough disk space. Please check if there is enough disk space.','en'),(343,343,'Export is complete. <a href=\"{{url}}\">Check results and download</a>.','en'),(344,344,'This will increase the shipping cost by {{XX}}','en'),(345,345,'{{count}} products','en'),(346,346,'Subcategories: {{count}}','en'),(347,347,'Manage category: {{category_name}}','en'),(348,348,'Subcategories for','en'),(349,349,'Enter OrderID or email','en'),(350,350,'All Order Statuses','en'),(351,351,'Enter date range','en'),(352,352,'Authorized','en'),(353,353,'Shipped','en'),(354,354,'Cancelled','en'),(355,355,'Expired','en'),(356,356,'Refund requested','en'),(357,357,'Refunded','en'),(358,358,'Partially refunded','en'),(359,359,'Selected:','en'),(360,360,'Days','en'),(361,361,'Close','en'),(362,362,'MO','en'),(363,363,'TU','en'),(364,364,'WE','en'),(365,365,'TH','en'),(366,366,'FR','en'),(367,367,'SA','en'),(368,368,'SU','en'),(369,369,'JANUARY','en'),(370,370,'FEBRUARY','en'),(371,371,'MARCH','en'),(372,372,'APRIL','en'),(373,373,'MAY','en'),(374,374,'JUNE','en'),(375,375,'JULY','en'),(376,376,'AUGUST','en'),(377,377,'SEPTEMBER','en'),(378,378,'OCTOBER','en'),(379,379,'NOVEMBER','en'),(380,380,'DECEMBER','en'),(381,381,'Shortcuts','en'),(382,382,'Past','en'),(383,383,'7days','en'),(384,384,'14days','en'),(385,385,'30days','en'),(386,386,'Previous','en'),(387,387,'Week','en'),(388,388,'Month','en'),(389,389,'Quarter','en'),(390,390,'Year','en'),(391,391,'Date range should be longer than %d days','en'),(392,392,'Date range should be less than %d days','en'),(393,393,'Please select a date range longer than %d days','en'),(394,394,'Please select a date range shorter than %d days','en'),(395,395,'Please select a date range between %d and %d days','en'),(396,396,'Please select a date range','en'),(397,397,'Enter keyword','en'),(398,398,'All membership levels','en'),(399,399,'No membership','en'),(400,400,'All User Types','en'),(401,401,'Please select one ...','en'),(402,402,'Search keywords','en'),(403,403,'Search payment method','en'),(404,404,'Any category','en'),(405,405,'Any status','en'),(406,406,'Search in','en'),(407,407,'{{count}} label(s)','en'),(408,408,'This language was added by the module {{module}} and cannot be removed.','en'),(409,409,'{{count}} language(s) removed','en'),(410,410,'{{count}} language label(s) removed','en'),(411,411,'No payment methods available. Please contact the <a href=\"mailto:{{email}}\">store administrator</a>.','en'),(412,412,'Edit states ({{count}})','en'),(413,413,'{{count}} state(s) removed','en'),(414,414,'{{count}} state(s) created','en'),(415,415,'{{count}} zone(s) removed','en'),(416,416,'{{count}} zone(s) created','en'),(417,417,'This is the default zone which matches all possible addresses.<br />The default zone can be edited but cannot be removed.','en'),(418,418,'Examples:<br /><br />2204%<br />38245<br />23%','en'),(419,419,'Examples:<br /><br />New York<br />New%<br />%York','en'),(420,420,'Examples:<br />%Water St%<br />%Coney Island%','en'),(421,421,'{{count}} shipping method(s) created','en'),(422,422,'{{count}} shipping method(s) removed','en'),(423,423,'Edit rates ({{count}})','en'),(424,424,'Your first name','en'),(425,425,'Your last name','en'),(426,426,'1000 Example street','en'),(427,427,'Example city','en'),(428,428,'California','en'),(429,429,'90001','en'),(430,430,'+12130000000','en'),(431,431,'email@example.com','en'),(432,432,'Specification','en'),(433,433,'Not all the upgrade packs have been downloaded. This may have been caused by one of the following:<ul class=\'marked-list\'><li>slow Internet connection;</li><li>an internal problem on the Marketplace server;</li><li>a problem with your X-Cart license (expired license key, license key not matching the module license, etc.)</li></ul>','en'),(434,434,'A new customer? Enter your email','en'),(435,435,'ABA routing number','en'),(436,436,'Absolute','en'),(437,437,'Orders','en'),(438,438,'Online methods','en'),(439,439,'Access denied!','en'),(440,440,'Access information','en'),(441,441,'Access level','en'),(442,442,'Account','en'),(443,443,'Account details','en'),(444,444,'Account status','en'),(445,445,'Account summary','en'),(446,446,'Activate license key','en'),(447,447,'Activate your paid module license','en'),(448,448,'Active','en'),(449,449,'Active from','en'),(450,450,'Active till','en'),(451,451,'Add','en'),(452,452,'Add Product','en'),(453,453,'Add alternative payment method','en'),(454,454,'Add category','en'),(455,455,'Add child','en'),(456,456,'Add discount','en'),(457,457,'Add featured products','en'),(458,458,'Add file','en'),(459,459,'Add image','en'),(460,460,'Add rate','en'),(461,461,'Add new','en'),(462,462,'Add new address','en'),(463,463,'Add new country','en'),(464,464,'Add new exception','en'),(465,465,'Add new membership level','en'),(466,466,'Add new option','en'),(467,467,'Add new option group','en'),(468,468,'Add new state','en'),(469,469,'Add offline payment method','en'),(470,470,'Add payment method','en'),(471,471,'Add product','en'),(472,472,'Add shipping method','en'),(473,473,'Add subcategory','en'),(474,474,'Add user','en'),(475,475,'Add your <a href=\"{{URL}}\">products</a>','en'),(476,476,'Add zone','en'),(477,477,'Add-ons','en'),(478,478,'Add/update options','en'),(479,479,'Added','en'),(480,480,'Added to cart','en'),(481,481,'Address','en'),(482,482,'Address book','en'),(483,483,'Address details','en'),(484,484,'Address field','en'),(485,485,'Address fields','en'),(486,486,'Address pattern','en'),(487,487,'Admin','en'),(488,488,'Administrator area','en'),(489,489,'Administrator','en'),(490,490,'All add-ons','en'),(491,491,'All customers','en'),(492,492,'All products on sale','en'),(493,493,'All shipping methods','en'),(494,494,'All address zones','en'),(495,495,'All the products are in sufficient quantities','en'),(496,496,'All time','en'),(497,497,'PayPal all-in-one solutions','en'),(498,498,'No merchant account required. Simple onboarding for you and easy checkout for your customers.','en'),(499,499,'Alphabetically','en'),(500,500,'Already have an account?','en'),(501,501,'Alternative payment methods','en'),(502,502,'Alternative text','en'),(503,503,'Amount','en'),(504,504,'Amount: high to low','en'),(505,505,'Amount: low to high','en'),(506,506,'An upgrade is a dangerous process that may result in a crashed website. It is strongly recommended to create a full backup of your store (the code and the database) and download it to a local computer before proceeding to the next step.','en'),(507,507,'Another state','en'),(508,508,'Any membership level','en'),(509,509,'Any product class','en'),(510,510,'Any zone','en'),(511,511,'Appearance','en'),(512,512,'Apply destination','en'),(513,513,'Apply price','en'),(514,514,'Are you sure you want to continue?','en'),(515,515,'Are you sure you want to delete the selected user?','en'),(516,516,'Are you sure you want to disable this add-on?','en'),(517,517,'Are you sure you want to enable this add-on?','en'),(518,518,'Are you sure you want to uninstall this add-on?','en'),(519,519,'Are you sure you wish to delete the selected zones?','en'),(520,520,'Are you sure?','en'),(521,521,'Arrival date','en'),(522,522,'Ask.com','en'),(523,523,'Assigned classes','en'),(524,524,'Attachment has not been deleted','en'),(525,525,'Attachments','en'),(526,526,'Attachments have been updated successfully','en'),(527,527,'Australia Post settings','en'),(528,528,'Authentication','en'),(529,529,'Author','en'),(530,530,'Availability','en'),(531,531,'Available for sale','en'),(532,532,'B','en'),(533,533,'Back to file select','en'),(534,534,'Back to orders list','en'),(535,535,'Backup','en'),(536,536,'Backup & Restore','en'),(537,537,'Backup database','en'),(538,538,'Bank Account Number','en'),(539,539,'Based on these patterns, different shipping rate formulas can be defined for different order weight and price ranges and quantities of items. Ranges cannot overlap.','en'),(540,540,'Benchmark completed in ','en'),(541,541,'Benchmark result under 3000ms is considered good','en'),(542,542,'Bestsellers','en'),(543,543,'Billing address','en'),(544,544,'Billing address is not defined yet','en'),(545,545,'Bing','en'),(546,546,'Brief description','en'),(547,547,'Brief description','en'),(548,548,'Browse server','en'),(549,549,'Buy more','en'),(550,550,'CLOSE','en'),(551,551,'CSS & JavaScript','en'),(552,552,'Cache rebuild is already started, please wait','en'),(553,553,'Calculate rates','en'),(554,554,'Cannot be disabled. The module is required by:','en'),(555,555,'Cannot connect to the Modules Marketplace server','en'),(556,556,'Cart & checkout','en'),(557,557,'Catalog','en'),(558,558,'Categories','en'),(559,559,'Category','en'),(560,560,'Category info','en'),(561,561,'Category name','en'),(562,562,'Category page title','en'),(563,563,'Change','en'),(564,564,'Change address','en'),(565,565,'Change method','en'),(566,566,'Change options','en'),(567,567,'Change payment info','en'),(568,568,'Change shipping info','en'),(569,569,'Check all','en'),(570,570,'Check number','en'),(571,571,'Checking','en'),(572,572,'Checking integrity, please wait...','en'),(573,573,'Choose','en'),(574,574,'Choose <a href=\"{{URL}}\">payment methods</a>','en'),(575,575,'Choose file','en'),(576,576,'Choose from a variety of bundled payment solutions to accept credit cards and other methods of payment on your website','en'),(577,577,'Choose method','en'),(578,578,'Choose shipping method','en'),(579,579,'City','en'),(580,580,'Clean URL','en'),(581,581,'Enable clean URL','en'),(582,582,'Error code explanation','en'),(583,583,'More information about clean urls in X-Cart is available in {{url}}','en'),(584,584,'We made a test request to <a href=\"{{url}}\">{{url}}</a> URL and got the following result. <br>It means that your SEO-friendly URLs may not work properly after enabling.','en'),(585,585,'Clear aggregation cache','en'),(586,586,'Clear widgets cache','en'),(587,587,'CleanURL','en'),(588,588,'Empty your cart','en'),(589,589,'Click here to access/add subcategories','en'),(590,590,'Click here to view states of country','en'),(591,591,'Click to unblock','en'),(592,592,'Close storefront','en'),(593,593,'Code','en'),(594,594,'Comment','en'),(595,595,'Comments','en'),(596,596,'Company','en'),(597,597,'Company name','en'),(598,598,'Completed','en'),(599,599,'Component','en'),(600,600,'Configuration','en'),(601,601,'Configure <a href=\"{{URL}}\">shipping methods</a>','en'),(602,602,'Configure your store','en'),(603,603,'Confirm password','en'),(604,604,'Contacts','en'),(605,605,'Content','en'),(606,606,'Continue','en'),(607,607,'Copy file to local server','en'),(608,608,'Core version: ','en'),(609,609,'Countries','en'),(610,610,'Countries, states and zones','en'),(611,611,'Country','en'),(612,612,'Coupon code','en'),(613,613,'Coupons','en'),(614,614,'Create','en'),(615,615,'Create profile','en'),(616,616,'Create SQL file','en'),(617,617,'Create a backup','en'),(618,618,'Create account','en'),(619,619,'Create an account for later use','en'),(620,620,'Create category','en'),(621,621,'Create new account','en'),(622,622,'Created','en'),(623,623,'Currency','en'),(624,624,'Custom CSS','en'),(625,625,'Custom JavaScript','en'),(626,626,'Custom images','en'),(627,627,'Custom translation','en'),(628,628,'Clean URLs are disabled. <a target=\'_blank\' href=\'{{more_info_url}}\'>More info</a>','en'),(629,629,'Clean URLs are enabled','en'),(630,630,'Clean URLs are disabled','en'),(631,631,'Enable clean URLs','en'),(632,632,'Clean URLs functionality may not be enabled. <a target=\'_blank\' href=\'{{article_url}}\'>More info<i class=\'icon fa fa-external-link\'></i></a>','en'),(633,633,'More information on Clean URL problems on your system','en'),(634,634,'The data has been deleted successfully','en'),(635,635,'The data has been saved successfully','en'),(636,636,'Database backup has been created successfully','en'),(637,637,'Date','en'),(638,638,'Day','en'),(639,639,'Dear','en'),(640,640,'Dear customer!','en'),(641,641,'Decline','en'),(642,642,'Declined','en'),(643,643,'Default','en'),(644,644,'Default customer address','en'),(645,645,'Default for Customer area and cannot be disabled or deleted','en'),(646,646,'Default for Customer area and cannot be disabled or deleted','en'),(647,647,'All Addresses (default zone)','en'),(648,648,'Define classes','en'),(649,649,'Delete SQL file','en'),(650,650,'Delete all','en'),(651,651,'Delete profile','en'),(652,652,'Delete selected','en'),(653,653,'Delete selected profile','en'),(654,654,'Delete the image','en'),(655,655,'Delete this address?','en'),(656,656,'Delivery methods','en'),(657,657,'Descriptions of various rate types are provided below','en'),(658,658,'Destination zone','en'),(659,659,'Details','en'),(660,660,'Directory and file permissions','en'),(661,661,'Disable all modules in the system','en'),(662,662,'Disable suspicious modules','en'),(663,663,'Disabled','en'),(664,664,'A disabled language cannot be set as default for Customer area','en'),(665,665,'Discount','en'),(666,666,'Discount amount','en'),(667,667,'Discount type','en'),(668,668,'Display \'inc/ex VAT\' labels next to prices','en'),(669,669,'Display type','en'),(670,670,'Do not close this page!','en'),(671,671,'Do not show at startup any more','en'),(672,672,'Do you really want to delete the selected items?','en'),(673,673,'Download SQL file','en'),(674,674,'Downloaded components','en'),(675,675,'Downloading updates','en'),(676,676,'Downloading updates, please wait...','en'),(677,677,'Drag and drop me to the cart','en'),(678,678,'Drop items here to shop','en'),(679,679,'Drupal front end','en'),(680,680,'Email','en'),(681,681,'Email is not defined yet','en'),(682,682,'Edit charges for:','en'),(683,683,'Edit page','en'),(684,684,'Edit profile','en'),(685,685,'Email','en'),(686,686,'Email &amp; password','en'),(687,687,'Email body','en'),(688,688,'Email settings','en'),(689,689,'Enable HTTPS','en'),(690,690,'Enabled','en'),(691,691,'Enter coupon code','en'),(692,692,'Enter keywords','en'),(693,693,'Enter license key','en'),(694,694,'Enter shipping address','en'),(695,695,'Enter {{X}} more characters to start search','en'),(696,696,'Environment','en'),(697,697,'Environment info','en'),(698,698,'Error','en'),(699,699,'Estimate shipping cost','en'),(700,700,'Estimate your server performance','en'),(701,701,'Estimated for','en'),(702,702,'Everything you need','en'),(703,703,'Example','en'),(704,704,'Examples','en'),(705,705,'Exception','en'),(706,706,'Extend the functionality of your store by installing and using add-on modules','en'),(707,707,'Export','en'),(708,708,'Export products','en'),(709,709,'Extensions','en'),(710,710,'Failed','en'),(711,711,'Failed to add the detailed image','en'),(712,712,'Failed to add the attachment','en'),(713,713,'Failed to add the attachment. The file download is forbidden','en'),(714,714,'Failed/Declined','en'),(715,715,'Featured products','en'),(716,716,'Field is required!','en'),(717,717,'File title','en'),(718,718,'Find us on Facebook','en'),(719,719,'First name','en'),(720,720,'Flat rate','en'),(721,721,'Flat shipping charge (flat)','en'),(722,722,'Flat shipping charge per item ordered (per item)','en'),(723,723,'Footer menu','en'),(724,724,'For real-time shipping methods (USPS, UPS, FedEx etc):','en'),(725,725,'For the period','en'),(726,726,'Forgot password?','en'),(727,727,'Format','en'),(728,728,'Free add-ons','en'),(729,729,'From','en'),(730,730,'from','en'),(731,731,'Selected countries:','en'),(732,732,'Back to Zones list','en'),(733,733,'Attributes block','en'),(734,734,'From email','en'),(735,735,'Full description','en'),(736,736,'Full name','en'),(737,737,'General','en'),(738,738,'General Settings','en'),(739,739,'General info','en'),(740,740,'General settings','en'),(741,741,'Give buyers a way to pay by adding an alternative payment method.','en'),(742,742,'Give buyers another way to pay by adding an alternative payment method','en'),(743,743,'Go to Marketplace','en'),(744,744,'Go to checkout','en'),(745,745,'Grid','en'),(746,746,'Group options','en'),(747,747,'HTML title (\'title\' tag)','en'),(748,748,'HTTPS check','en'),(749,749,'HTTPS settings','en'),(750,750,'<strong>Disables absolutely all modules</strong>(hard reset)','en'),(751,751,'<strong>Hard reset</strong> (disables all the installed modules):','en'),(752,752,'<strong>Soft reset</strong> (disables all the modules except for the ones obtained from X-Cart\'s Marketplace):','en'),(753,753,'Have a discount coupon?','en'),(754,754,'Help zone','en'),(755,755,'The list below shows only the methods enabled on the configuration page','en'),(756,756,'Here you can define how your payment methods will look in the Customer area','en'),(757,757,'Hide','en'),(758,758,'Hide trailing zeros in fractional part','en'),(759,759,'History','en'),(760,760,'Home','en'),(761,761,'How to back up your store database','en'),(762,762,'How to define shipping rates','en'),(763,763,'How to define address zones','en'),(764,764,'Icons','en'),(765,765,'Identity','en'),(766,766,'If any critical errors have occured, you can do the following','en'),(767,767,'If you choose the second option, you can download the file from the server later on and delete it from the server by clicking on the \'Delete SQL file\' button.','en'),(768,768,'If you do not have an account, you can easily','en'),(769,769,'If you don\'t have a moneybookers account yet, please sign up for a free moneybookers account at: http://www.skrill.com','en'),(770,770,'If you have a license key for a commercial module, you can enter it here to register the purchase of the module.','en'),(771,771,'If you have a plugin in the .tar format, you can install it by uploading it here','en'),(772,772,'Image','en'),(773,773,'Image border will not be displayed in the storefront','en'),(774,774,'Import','en'),(775,775,'Import / Export','en'),(776,776,'Import from file','en'),(777,777,'Import/Export','en'),(778,778,'In category','en'),(779,779,'In stock','en'),(780,780,'Inactive','en'),(781,781,'Incl. X','en'),(782,782,'Incomplete','en'),(783,783,'InnoDB engine support enabled','en'),(784,784,'Install','en'),(785,785,'Install add-on','en'),(786,786,'Install updates','en'),(787,787,'Installation directory','en'),(788,788,'Installed','en'),(789,789,'Installed Modules','en'),(790,790,'Installed modules','en'),(791,791,'Installing updates, please wait...','en'),(792,792,'Invalid login or password','en'),(793,793,'Inventory status','en'),(794,794,'Inventory tracking','en'),(795,795,'Inventory tracking for this product is','en'),(796,796,'Invoice','en'),(797,797,'It is not possible to delete or create user accounts because your store currently works as an integration with Drupal and shares users with Drupal. Deleting/creating user accounts is possible via Drupal administrator interface.','en'),(798,798,'It is not possible to edit some user profile fields because your store currently works as an integration with Drupal and shares users with Drupal. Modifying these fields is possible via Drupal administrator interface.','en'),(799,799,'Item description','en'),(800,800,'Item(s) deleted from your cart','en'),(801,801,'Item name','en'),(802,802,'Items per page','en'),(803,803,'Items range','en'),(804,804,'Join forces with your bank','en'),(805,805,'K','en'),(806,806,'Language','en'),(807,807,'Language labels','en'),(808,808,'Last logged in','en'),(809,809,'Last login','en'),(810,810,'Last name','en'),(811,811,'License key has been successfully verified for the \"{{name}}\" module by \"{{author}}\" ','en'),(812,812,'Lifetime','en'),(813,813,'Limit the number of uses','en'),(814,814,'Link','en'),(815,815,'List','en'),(816,816,'List of states','en'),(817,817,'Loading...','en'),(818,818,'Localization','en'),(819,819,'Log in','en'),(820,820,'Log out','en'),(821,821,'Logged as','en'),(822,822,'Login','en'),(823,823,'Log in here','en'),(824,824,'Login history','en'),(825,825,'Look & Feel','en'),(826,826,'Low stock notification for this product is','en'),(827,827,'Low stock threshold','en'),(828,828,'Low stock','en'),(829,829,'M','en'),(830,830,'Maintenance','en'),(831,831,'Maintenance and operation','en'),(832,832,'Back up your store\'s database','en'),(833,833,'Manage catalog','en'),(834,834,'Manage categories','en'),(835,835,'Manage customer and administrator accounts','en'),(836,836,'Manage orders','en'),(837,837,'Manage orders placed at your store','en'),(838,838,'Manage users','en'),(839,839,'Manage administrators','en'),(840,840,'Manage your product inventory','en'),(841,841,'Required fields are marked with an asterisk','en'),(842,842,'Manually defined shipping methods','en'),(843,843,'Mark the search engines you want to inform of the structure of your site using the site map','en'),(844,844,'Market price','en'),(845,845,'Marketplace','en'),(846,846,'Marketplace [check_addon_key]: the \"{{url}}\" URL requested','en'),(847,847,'Marketplace [check_for_updates]: the \"{{url}}\" URL requested','en'),(848,848,'Marketplace [check_for_updates]: valid response received','en'),(849,849,'Marketplace [get_hosting_score]: response has an invalid format','en'),(850,850,'Marketplace [get_hosting_score]: the \"{{url}}\" URL requested','en'),(851,851,'Rate per item','en'),(852,852,'Rate per weight unit','en'),(853,853,'Membership','en'),(854,854,'Membership access','en'),(855,855,'Membership levels','en'),(856,856,'Membership name','en'),(857,857,'Memberships','en'),(858,858,'Menus','en'),(859,859,'Message','en'),(860,860,'Meta description','en'),(861,861,'Meta keywords','en'),(862,862,'Methods','en'),(863,863,'Modify','en'),(864,864,'Modify \"{{name}}\" option group','en'),(865,865,'Modify category','en'),(866,866,'Modify option group exceptions','en'),(867,867,'Modify root category (the store\'s front page)','en'),(868,868,'The module has been successfully installed','en'),(869,869,'Modules Marketplace','en'),(870,870,'More add-ons','en'),(871,871,'More details','en'),(872,872,'Most Popular','en'),(873,873,'Most Rated','en'),(874,874,'Move','en'),(875,875,'My account','en'),(876,876,'MySQL server','en'),(877,877,'Name','en'),(878,878,'Name of address field','en'),(879,879,'Name of bank at which account is maintained','en'),(880,880,'Name of purchaser','en'),(881,881,'Name under which the account is maintained at the bank','en'),(882,882,'Never','en'),(883,883,'New access key will also be sent to the Site administrator\'s email address','en'),(884,884,'New address field','en'),(885,885,'New discount coupon','en'),(886,886,'New image','en'),(887,887,'New item','en'),(888,888,'New page','en'),(889,889,'New product class','en'),(890,890,'The new product has been added successfully','en'),(891,891,'New rate','en'),(892,892,'New role','en'),(893,893,'Newest','en'),(894,894,'Newest first','en'),(895,895,'Next','en'),(896,896,'Next page','en'),(897,897,'No','en'),(898,898,'No products are featured in this category','en'),(899,899,'No image','en'),(900,900,'No images uploaded','en'),(901,901,'No items found.','en'),(902,902,'No merchant account required','en'),(903,903,'No orders have been placed yet','en'),(904,904,'No orders have been placed yet','en'),(905,905,'No payment modules installed','en'),(906,906,'No products sold yet','en'),(907,907,'No states found','en'),(908,908,'No tax rates defined','en'),(909,909,'Non-administrator','en'),(910,910,'Not finished','en'),(911,911,'Not a numeric value','en'),(912,912,'Note','en'),(913,913,'Notes','en'),(914,914,'Official website','en'),(915,915,'Offline methods','en'),(916,916,'Old price','en'),(917,917,'On all catalog pages','en'),(918,918,'On product details pages only','en'),(919,919,'Online catalog structure setup','en'),(920,920,'Only lowercase letters, digits and undescore character are allowed','en'),(921,921,'Open Graph meta tags','en'),(922,922,'Open graph tags','en'),(923,923,'Open storefront','en'),(924,924,'Operating system','en'),(925,925,'Option group','en'),(926,926,'The options have been successfully updated','en'),(927,927,'Order','en'),(928,928,'Order #','en'),(929,929,'Order ID','en'),(930,930,'Order Total','en'),(931,931,'Order date from','en'),(932,932,'Order date through','en'),(933,933,'Order details','en'),(934,934,'Order id','en'),(935,935,'Order items','en'),(936,936,'Order note','en'),(937,937,'Order review','en'),(938,938,'Order statistics','en'),(939,939,'Order status','en'),(940,940,'Orders','en'),(941,941,'Orders count','en'),(942,942,'Out of stock','en'),(943,943,'Pack it','en'),(944,944,'Page','en'),(945,945,'Page URL','en'),(946,946,'Page name','en'),(947,947,'Page not found','en'),(948,948,'Pages','en'),(949,949,'Paid','en'),(950,950,'Parent category','en'),(951,951,'Pattern search','en'),(952,952,'All payment methods','en'),(953,953,'Payment info','en'),(954,954,'Payment instructions','en'),(955,955,'Payment method','en'),(956,956,'Payment methods','en'),(957,957,'Payment settings','en'),(958,958,'Payment transactions','en'),(959,959,'Payment methods','en'),(960,960,'Pending','en'),(961,961,'Per item rate','en'),(962,962,'Per weight unit rate','en'),(963,963,'Percent','en'),(964,964,'Percent rate','en'),(965,965,'Percent off','en'),(966,966,'Perform order search','en'),(967,967,'Performance','en'),(968,968,'Permissions','en'),(969,969,'Permissions checking failed. Please make sure that the following file permissions are assigned (UNIX only):','en'),(970,970,'Personal info','en'),(971,971,'Phone','en'),(972,972,'Pick address from address book','en'),(973,973,'Place order','en'),(974,974,'Please accept the Terms and Conditions to continue','en'),(975,975,'Please choose the appropriate action','en'),(976,976,'Please enable JavaScript in your web browser.','en'),(977,977,'Please identify yourself','en'),(978,978,'Please note that some of these modules are incompatible with the upcoming upgrade and will be disabled in order to prevent a system crash','en'),(979,979,'Run benchmark to estimate your server performance','en'),(980,980,'Please save the soft reset and hard reset links so you can use them later in case your website crashes','en'),(981,981,'Please select one','en'),(982,982,'Pos','en'),(983,983,'Pos.','en'),(984,984,'Pos.:','en'),(985,985,'Position','en'),(986,986,'Prefix','en'),(987,987,'Pre-upgrade action required','en'),(988,988,'Some of the modules used by your store contain code that must be executed before the upgrade process begins. For the code to be executed successfully, the modules must be enabled. However, some of the modules containing such code are now disabled. This will prevent the pre-upgrade code from execution and is highly likely to cause problems, like a fatal error.<br /><br />Listed below are the modules that contain pre-upgrade code and are disabled. Here you can specify the modules for which you want the pre-upgrade code to be executed:','en'),(989,989,'Execute','en'),(990,990,'Do not execute','en'),(991,991,'Please note that we may not be held responsible for any upgrade problems caused by failure to execute the required pre-upgrade code.','en'),(992,992,'Prev','en'),(993,993,'Previous page','en'),(994,994,'Price modifier','en'),(995,995,'Price: Not a numeric value','en'),(996,996,'Price','en'),(997,997,'Name','en'),(998,998,'Primary menu','en'),(999,999,'Print invoice','en'),(1000,1000,'Processed','en'),(1001,1001,'Processed/Completed','en'),(1002,1002,'Product Name','en'),(1003,1003,'Product SKU','en'),(1004,1004,'Product Title','en'),(1005,1005,'Product has been added to your cart','en'),(1006,1006,'Product class','en'),(1007,1007,'Product classes','en'),(1008,1008,'Product has been added to your cart','en'),(1009,1009,'Product images','en'),(1010,1010,'Product info','en'),(1011,1011,'Product info has been updated successfully','en'),(1012,1012,'Product is out of stock','en'),(1013,1013,'Product on sale','en'),(1014,1014,'Product options','en'),(1015,1015,'Product page title','en'),(1016,1016,'Product prices are defined including this tax calculated for','en'),(1017,1017,'Products','en'),(1018,1018,'Products in cart','en'),(1019,1019,'Product information has been successfully updated','en'),(1020,1020,'Products with low inventory','en'),(1021,1021,'Profile','en'),(1022,1022,'The profile has been created successfully','en'),(1023,1023,'The profile has been deleted successfully','en'),(1024,1024,'The profile has been updated successfully','en'),(1025,1025,'Profile settings','en'),(1026,1026,'Promotions','en'),(1027,1027,'Properties','en'),(1028,1028,'Purchase','en'),(1029,1029,'Purchase SSL certificate','en'),(1030,1030,'Purchase order number','en'),(1031,1031,'Put up selected for sale','en'),(1032,1032,'Qty','en'),(1033,1033,'Qty.','en'),(1034,1034,'Quantity: high to low','en'),(1035,1035,'Quantity: low to high','en'),(1036,1036,'Queued','en'),(1037,1037,'Quick and easy setup','en'),(1038,1038,'Rate','en'),(1039,1039,'Rates','en'),(1040,1040,'Rates / Conditions','en'),(1041,1041,'Raw online rate (on-line rate)','en'),(1042,1042,'Re-build cache','en'),(1043,1043,'Re-generate access key','en'),(1044,1044,'Re-order','en'),(1045,1045,'Recent orders','en'),(1046,1046,'Recent orders','en'),(1047,1047,'Recommended','en'),(1048,1048,'Referer','en'),(1049,1049,'Register','en'),(1050,1050,'Registered','en'),(1051,1051,'Remove','en'),(1052,1052,'Required','en'),(1053,1053,'Some of them require a registered merchant account','en'),(1054,1054,'Re-run benchmark','en'),(1055,1055,'Response from Marketplace not received','en'),(1056,1056,'Response from Marketplace: ','en'),(1057,1057,'Restore','en'),(1058,1058,'Restore database','en'),(1059,1059,'Restore from server','en'),(1060,1060,'Restore last backup','en'),(1061,1061,'Return to Drupal','en'),(1062,1062,'Revenue','en'),(1063,1063,'Review statistics on the various aspects of your store\'s operation','en'),(1064,1064,'Role','en'),(1065,1065,'Roles','en'),(1066,1066,'Root Level','en'),(1067,1067,'Root access','en'),(1068,1068,'Root category','en'),(1069,1069,'Run Benchmark again','en'),(1070,1070,'Run benchmark','en'),(1071,1071,'SKU: a-z','en'),(1072,1072,'SKU: z-a','en'),(1073,1073,'SMTP server','en'),(1074,1074,'STORE SETUP','en'),(1075,1075,'SYSTEM SETTINGS','en'),(1076,1076,'Safe mode','en'),(1077,1077,'Safe mode access key','en'),(1078,1078,'Sale','en'),(1079,1079,'Sale price','en'),(1080,1080,'Sale statistics since the opening of the store','en'),(1081,1081,'Sales','en'),(1082,1082,'Sales tax','en'),(1083,1083,'Save as new','en'),(1084,1084,'Save changes','en'),(1085,1085,'Save zone details','en'),(1086,1086,'Savings','en'),(1087,1087,'Search for modules','en'),(1088,1088,'Search for orders','en'),(1089,1089,'Search for users','en'),(1090,1090,'Search for users that are','en'),(1091,1091,'Search in subcategories','en'),(1092,1092,'Search product','en'),(1093,1093,'Search profiles','en'),(1094,1094,'Search result','en'),(1095,1095,'Search results','en'),(1096,1096,'Secure connection cannot be established.','en'),(1097,1097,'Security','en'),(1098,1098,'Security settings','en'),(1099,1099,'Select country','en'),(1100,1100,'Select options','en'),(1101,1101,'Send','en'),(1102,1102,'Send test email','en'),(1103,1103,'Service name','en'),(1104,1104,'Service name of address field','en'),(1105,1105,'Set','en'),(1106,1106,'Set the sale price','en'),(1107,1107,'Settings','en'),(1108,1108,'Set up <a href=\"{{URL1}}\">address zones</a> and <a href=\"{{URL2}}\">taxes</a>','en'),(1109,1109,'Shippable','en'),(1110,1110,'Shipping & Taxes','en'),(1111,1111,'Shipping address','en'),(1112,1112,'Shipping address is not completly defined yet','en'),(1113,1113,'Shipping address is not defined','en'),(1114,1114,'Shipping address is not defined yet','en'),(1115,1115,'Shipping charge based on percentage of order subtotal (% of subtotal)','en'),(1116,1116,'Shipping info','en'),(1117,1117,'The shipping rate has been created successfully','en'),(1118,1118,'The shipping rates have been updated','en'),(1119,1119,'Shipping method','en'),(1120,1120,'The shipping method has been added','en'),(1121,1121,'Shipping methods','en'),(1122,1122,'Shipping methods are not available','en'),(1123,1123,'Shipping rates','en'),(1124,1124,'Shipping rates are comprised of several components (rate types) and calculated according to the following generic patterns','en'),(1125,1125,'Shipping settings','en'),(1126,1126,'Address zones','en'),(1127,1127,'There\'s a minimum purchase limit of {{minQuantity}}. The number of units of the product \'{{productName}}\' in cart has been adjusted to reach this limit.','en'),(1128,1128,'There\'s a maximum purchase limit of {{maxQuantity}}. The number of units of the product \'{{productName}}\' in cart has been adjusted to reach this limit.','en'),(1129,1129,'Carrier','en'),(1130,1130,'Order tracking information','en'),(1131,1131,'Track package','en'),(1132,1132,'Send tracking info','en'),(1133,1133,'No tracking numbers are defined','en'),(1134,1134,'Tracking numbers','en'),(1135,1135,'\"{{number}}\" tracking number has been added','en'),(1136,1136,'\"{{number}}\" tracking number has been removed','en'),(1137,1137,'Tracking number has been changed from \"{{old_number}}\" to \"{{new_number}}\"','en'),(1138,1138,'Add tracking number','en'),(1139,1139,'Tracking information has been sent','en'),(1140,1140,'Shopping cart','en'),(1141,1141,'Show social buttons','en'),(1142,1142,'Sign in','en'),(1143,1143,'Sign out','en'),(1144,1144,'Size','en'),(1145,1145,'<strong>Disables all modules except for the ones that were downloaded from the Marketplace</strong>(soft reset)','en'),(1146,1146,'Specify your <a href=\"{{URL}}\">store information</a>','en'),(1147,1147,'Start selling!','en'),(1148,1148,'State','en'),(1149,1149,'States','en'),(1150,1150,'The states have been deleted successfully','en'),(1151,1151,'The states have been updated successfully','en'),(1152,1152,'Statistics','en'),(1153,1153,'Status','en'),(1154,1154,'Store Maintenance','en'),(1155,1155,'Store currency','en'),(1156,1156,'Contact information','en'),(1157,1157,'Store is closed','en'),(1158,1158,'Store is open','en'),(1159,1159,'Store setup','en'),(1160,1160,'Storefront','en'),(1161,1161,'Subcategories','en'),(1162,1162,'Subject','en'),(1163,1163,'Substring','en'),(1164,1164,'Subtotal range','en'),(1165,1165,'Subtotal range (begin)','en'),(1166,1166,'Subtotal range (end)','en'),(1167,1167,'Successfully imported X new products','en'),(1168,1168,'Successfully imported X new products and updated Y existing products','en'),(1169,1169,'Successfully updated Y products','en'),(1170,1170,'Suffix','en'),(1171,1171,'System settings','en'),(1172,1172,'Table','en'),(1173,1173,'Tax disabled','en'),(1174,1174,'Tax enabled','en'),(1175,1175,'The tax has been disabled successfully','en'),(1176,1176,'The tax has been enabled successfully','en'),(1177,1177,'The tax rates have been updated successfully','en'),(1178,1178,'Tax title','en'),(1179,1179,'Taxes','en'),(1180,1180,'Teaser','en'),(1181,1181,'Test email configuration','en'),(1182,1182,'Text','en'),(1183,1183,'Thank you for your order','en'),(1184,1184,'The SSL certificate installed for your custom website domain is not valid.','en'),(1185,1185,'The SSL certificate installed on your server is not valid. Although you can switch the store to use the secure protocol for the website pages, most Internet browsers will likely display a warning message scaring your website visitors away.','en'),(1186,1186,'The X language has been added and enabled successfully','en'),(1187,1187,'The attachment has been added successfully','en'),(1188,1188,'The changes will be applied to all selected products','en'),(1189,1189,'The detailed image has been added successfully','en'),(1190,1190,'The detailed image has been deleted','en'),(1191,1191,'The detailed images have been updated successfully','en'),(1192,1192,'The exceptions have been updated successfully','en'),(1193,1193,'To enable this add-on, the following add-on(s) must be enabled','en'),(1194,1194,'To enable this add-on, the following add-on(s) must be disabled','en'),(1195,1195,'The following categories were selected to be removed','en'),(1196,1196,'The following dependent add-ons will be disabled automatically','en'),(1197,1197,'The image has been updated','en'),(1198,1198,'The import is in progress','en'),(1199,1199,'The import will start immediately upon selecting the data file. No additional confirmation prompts will appear.','en'),(1200,1200,'The language you want to delete is the default application language and cannot be deleted','en'),(1201,1201,'The language you want to delete is the default interface language and cannot be deleted','en'),(1202,1202,'The maximum number of uses','en'),(1203,1203,'The module has been partially uninstalled','en'),(1204,1204,'The module is not compatible with your X-Cart version','en'),(1205,1205,'The page has been added','en'),(1206,1206,'The product option group has been added successfully','en'),(1207,1207,'The product option group has been updated successfully','en'),(1208,1208,'The product option groups have been updated successfully','en'),(1209,1209,'Failed to update the product option groups','en'),(1210,1210,'The requested page could not be found.','en'),(1211,1211,'The restoration procedure is irreversible and erases all existing data tables from your store\'s database. It is highly recommended that you back up the data currently stored in the database before restoring a past version of your database from backup.','en'),(1212,1212,'The same as shipping','en'),(1213,1213,'The selected shipping rates have been deleted successfully','en'),(1214,1214,'The state has been added successfully','en'),(1215,1215,'The text label has not been added because its translation into the default application language has not been specified','en'),(1216,1216,'The text label has not been added because its translation into the default interface language has not been specified','en'),(1217,1217,'The text label has not been modified because its translation into the default application language has not been specified','en'),(1218,1218,'The text label has not been modified because its translation into the default interface language has not been specified','en'),(1219,1219,'The upgrade is completed. Please do not close this page until you check your web site and make sure that everything works properly','en'),(1220,1220,'There are no categories','en'),(1221,1221,'There are no rates selected','en'),(1222,1222,'There are no rates available for the specified source/destination and/or package measurements/weight.','en'),(1223,1223,'Find language in the marketplace','en'),(1224,1224,'There is no user with the specified email address','en'),(1225,1225,'There were no orders placed','en'),(1226,1226,'These components require your attention','en'),(1227,1227,'These components will be updated','en'),(1228,1228,'These instructions will appear below the order invoice on the page that customers see after they confirm their order.','en'),(1229,1229,'These modules may be incompatible with the upcoming upgrade. We do not guarantee that the store will operate correctly if the modules remain enabled. Please consider disabling the modules before you proceed to the next step','en'),(1230,1230,'This address was used as a billing address during a recent purchase','en'),(1231,1231,'This address was used as a shipping address during a recent purchase','en'),(1232,1232,'This component is added to the shipping rate regardless of the weight, price and number of items ordered.','en'),(1233,1233,'This component is automatically calculated by a shipping add-on module and cannot be edited','en'),(1234,1234,'This email address is already in use by another user.','en'),(1235,1235,'This email address is used for an existing account. Enter another email address or sign in','en'),(1236,1236,'This is the default zone which covers all addresses. It is not possible to edit this zone\'s countries, states, etc.','en'),(1237,1237,'This month','en'),(1238,1238,'Once the links are regenerated, they will be sent to the store administrator email.','en'),(1239,1239,'After clicking this button, your hard/soft reset links will be regenerated. You may need this if your old links were compromised.','en'),(1240,1240,'This section lists 10 best selling products for today, last week, last month, last year and all time.','en'),(1241,1241,'This section displays order placement statistics','en'),(1242,1242,'This site requires JavaScript to function properly.','en'),(1243,1243,'This tax is calculated based on customer\'s billing address','en'),(1244,1244,'This week','en'),(1245,1245,'This year','en'),(1246,1246,'Through','en'),(1247,1247,'Thumbnail','en'),(1248,1248,'Title','en'),(1249,1249,'New tax class','en'),(1250,1250,'Create zone','en'),(1251,1251,'Shipping / Payment info','en'),(1252,1252,'To contact us please use the form below','en'),(1253,1253,'To email','en'),(1254,1254,'To place the order please accept the Terms and Conditions','en'),(1255,1255,'To place the order please complete the previous steps first','en'),(1256,1256,'To reset your password, please enter the email address associated with your user account','en'),(1257,1257,'Today','en'),(1258,1258,'Best sellers','en'),(1259,1259,'Best sellers','en'),(1260,1260,'Translation driver','en'),(1261,1261,'Type','en'),(1262,1262,'Type of Account','en'),(1263,1263,'Admin has requested a change of password for your account. Please change the password before you proceed.','en'),(1264,1264,'The new password must not coincide with the current password for your account.','en'),(1265,1265,'Uncheck all','en'),(1266,1266,'Understanding Online Payments','en'),(1267,1267,'Error: Version value was not passed','en'),(1268,1268,'Uninstall','en'),(1269,1269,'Units & Formats','en'),(1270,1270,'Units of measurement','en'),(1271,1271,'Unknown','en'),(1272,1272,'Unpacking archives, please wait...','en'),(1273,1273,'Unset','en'),(1274,1274,'Update exceptions','en'),(1275,1275,'Update module','en'),(1276,1276,'Update product','en'),(1277,1277,'Update profile','en'),(1278,1278,'Updated components','en'),(1279,1279,'Updates are available','en'),(1280,1280,'Updates for the X-Cart core and/or installed modules are available','en'),(1281,1281,'Updates for your version ({{version}})','en'),(1282,1282,'Upgrade','en'),(1283,1283,'Upgrade is available','en'),(1284,1284,'Upgrade core','en'),(1285,1285,'Upgrade module','en'),(1286,1286,'Upgrade to version {{version}}','en'),(1287,1287,'Upload','en'),(1288,1288,'Upload add-on','en'),(1289,1289,'Upload and restore','en'),(1290,1290,'Upload file','en'),(1291,1291,'Use a merchant account from your financial institution or choose a bundled payment solution to accept credit cards and other methods of payment on your website.','en'),(1292,1292,'Use a merchant account from your financial institution to accept online payments','en'),(1293,1293,'Use custom js','en'),(1294,1294,'Use default logo','en'),(1295,1295,'Use the category name','en'),(1296,1296,'Use the navigation bar above this dialog to navigate through the catalog categories','en'),(1297,1297,'Use this component to add an extra charge for every item ordered.','en'),(1298,1298,'Use this component to adjust shipping rates according to order subtotals.','en'),(1299,1299,'Use this component to specify weight based charges.','en'),(1300,1300,'Use this section to back up the database of your online store. Please note that the database backup procedure can take up to several minutes.','en'),(1301,1301,'Use this section to define the calculation rules for shipping rates','en'),(1302,1302,'Use this section to define address zones.','en'),(1303,1303,'Use this section to configure your store\'s shipping methods.','en'),(1304,1304,'Use this section to manage the list of existing countries. This list is used in the shipping settings and calculations, as well as in the registration form in the Customer area.','en'),(1305,1305,'Use this section to manage the lists of counties, provinces, regions and states of different countries. The lists are used in shipping settings and calculations, as well as in the registration form in the Customer area.','en'),(1306,1306,'Use this section to restore the database of your online store. Please note that the database restoration procedure can take up to several minutes','en'),(1307,1307,'Use this section to review the list of existing membership levels and add new ones','en'),(1308,1308,'User membership','en'),(1309,1309,'User type','en'),(1310,1310,'Username or email','en'),(1311,1311,'Users','en'),(1312,1312,'Uses count','en'),(1313,1313,'Uses left','en'),(1314,1314,'VAT','en'),(1315,1315,'Validate key','en'),(1316,1316,'Value','en'),(1317,1317,'Version','en'),(1318,1318,'Version change','en'),(1319,1319,'View all open orders','en'),(1320,1320,'View logs','en'),(1321,1321,'View profile','en'),(1322,1322,'View system logs','en'),(1323,1323,'View update log','en'),(1324,1324,'Visit module details page','en'),(1325,1325,'Visit storefront','en'),(1326,1326,'Volume discounts','en'),(1327,1327,'Warning','en'),(1328,1328,'Warning! Not enough items in stock for the order to be processed','en'),(1329,1329,'Warning: this operation cannot be reverted!','en'),(1330,1330,'Watch video','en'),(1331,1331,'Web server','en'),(1332,1332,'Weight modifier','en'),(1333,1333,'Weight range','en'),(1334,1334,'What is benchmark?','en'),(1335,1335,'After the export process has been completed, you will be prompted to download the product data file','en'),(1336,1336,'Wrong method_id specifed','en'),(1337,1337,'X-Cart','en'),(1338,1338,'X-Cart online store builder','en'),(1339,1339,'X-Cart shopping cart software','en'),(1340,1340,'XML parser','en'),(1341,1341,'XML sitemap','en'),(1342,1342,'Yahoo!','en'),(1343,1343,'Yandex','en'),(1344,1344,'Yes','en'),(1345,1345,'Yes, I accept the License agreement','en'),(1346,1346,'You are not allowed to access this resource!','en'),(1347,1347,'You have selected to delete your profile. Please confirm that you want to proceed','en'),(1348,1348,'PHP <a href=\'//php.net/phar\' target=\'_blank\'>.phar</b> extension is not enabled on your server. Here is a <a href=\'http://kb.x-cart.com/pages/viewpage.action?pageId=7504332\' target=\'_blank\'>manual</a> for setting up the extension.','en'),(1349,1349,'PHP cURL extension is not enabled on your server. Here is a <a href=\'http://kb.x-cart.com/pages/viewpage.action?pageId=7504334\' target=\'_blank\'>manual</a> for setting up the extension.','en'),(1350,1350,'PHP openSSL extension is not enabled on your server. Here is a <a href=\'http://kb.x-cart.com/pages/viewpage.action?pageId=7504337\' target=\'_blank\'>manual</a> for setting up the extension.','en'),(1351,1351,'Your server does not have an SSL certificate. Ask your hosting team to install an SSL certificate or create a self-signed one according to this <a href=\'http://kb.x-cart.com/pages/viewpreviousversions.action?pageId=7504339\' target=\'_blank\'>guide</a>.','en'),(1352,1352,'Previous attempt to connect to the Marketplace server failed.','en'),(1353,1353,'cURL returned an error while establishing a connection: {{error code}} {{error message}}','en'),(1354,1354,'After the problem has been fixed, try to <a href=\'{{clear_cache}}\'>connect</a> again.','en'),(1355,1355,'Require to change password on next log in','en'),(1356,1356,'Change password','en'),(1357,1357,'Your account information will be emailed to you shortly','en'),(1358,1358,'Your account information will be emailed to you shortly.','en'),(1359,1359,'Your email','en'),(1360,1360,'Your name','en'),(1361,1361,'Your products will be exported as a CSV file.','en'),(1362,1362,'Your cart is empty','en'),(1363,1363,'Your storefront','en'),(1364,1364,'Your store is currently unable to calculate taxes','en'),(1365,1365,'Zip code','en'),(1366,1366,'Zip/postal code masks','en'),(1367,1367,'Zone','en'),(1368,1368,'Zone name','en'),(1369,1369,'Zones','en'),(1370,1370,'and','en'),(1371,1371,'by','en'),(1372,1372,'details','en'),(1373,1373,'disabled','en'),(1374,1374,'downloads','en'),(1375,1375,'enabled','en'),(1376,1376,'from URL','en'),(1377,1377,'from local computer','en'),(1378,1378,'from local server','en'),(1379,1379,'hard reset','en'),(1380,1380,'in description','en'),(1381,1381,'in title','en'),(1382,1382,'is available','en'),(1383,1383,'items available','en'),(1384,1384,'less','en'),(1385,1385,'modules','en'),(1386,1386,'ms','en'),(1387,1387,'never','en'),(1388,1388,'none','en'),(1389,1389,'The following archives could not be unpacked: {{list}}','en'),(1390,1390,'Try to unpack them manually, then click on <a href=\'{{link}}\'>this link</a>.','en'),(1391,1391,'not available for sale','en'),(1392,1392,'not installed','en'),(1393,1393,'not ready to download packs. Please, try again','en'),(1394,1394,'of','en'),(1395,1395,'options','en'),(1396,1396,'or','en'),(1397,1397,'proxy','en'),(1398,1398,'sale','en'),(1399,1399,'should be performed manually','en'),(1400,1400,'soft reset','en'),(1401,1401,'trying to install a non-marketplace module: \"{{name}}\"','en'),(1402,1402,'trying to unpack non-downloaded archives','en'),(1403,1403,'Unable to install: The following archives could not be unpacked: {{list}}','en'),(1404,1404,'Unable to test files: The following archives could not be unpacked: {{list}}','en'),(1405,1405,'unknown','en'),(1406,1406,'you save','en'),(1407,1407,'Action \"{{class}}::{{action}}\", {{message}}','en'),(1408,1408,'The key has been validated, but the module {{module}} has not been found','en'),(1409,1409,'Response from Marketplace: {{response}}','en'),(1410,1410,'Please specify a non-empty key','en'),(1411,1411,'A DB error occured while uninstalling the module \"{{name}}\"','en'),(1412,1412,'The module \"{{name}}\" has been uninstalled successfully','en'),(1413,1413,'Unable to delete the module \"{{name}}\" files: some dirs do not have write permissions: {{dirs}}','en'),(1414,1414,'License not received','en'),(1415,1415,'invalid module ID passed: \"{{moduleId}}\"','en'),(1416,1416,'unable to add module entry to the installation list: \"{{path}}\"','en'),(1417,1417,'module version \"{{module_version}}\" does not match the core version (\"{{core_version}}\")','en'),(1418,1418,'unable to upload the module','en'),(1419,1419,'The modules have been successfully installed','en'),(1420,1420,'{{ext}} file type','en'),(1421,1421,'Zone not found ({{zoneId}})','en'),(1422,1422,'The profiles have been merged','en'),(1423,1423,'The profile has been registered. The password has been sent to the user\'s email address','en'),(1424,1424,'<a href=\"terms-and-conditions.html\">Terms and conditions details</a><br /><br />Edit the \"Terms and conditions text\" label via the Admin area','en'),(1425,1425,'<span class=\"modules-amount\">{{count}}</span> module(s) selected','en'),(1426,1426,'State cannot be created with an unknown country code ({{code}})','en'),(1427,1427,'There are no labels translated to {{language}}','en'),(1428,1428,'Module with ID \"{{id}}\" not found','en'),(1429,1429,'We are already aware of this problem and are working on it. If you would like to get in touch, feel free to contact us via our Help center at <a href=\"{{url}}\" target=\"_blank\">{{url}}</a>.','en'),(1430,1430,'The following expected input data has a wrong format or is empty: {{fields}}','en'),(1431,1431,'Unknown language: {{code}}','en'),(1432,1432,'deleted','en'),(1433,1433,'It is impossible to detect valid SSL certificate availability on your server because curl extension is not installed.','en'),(1434,1434,'Your store is configured to use the secure protocol for the store\'s back end, checkout, sign-in and profile pages.','en'),(1435,1435,'We have found a valid SSL certificate installed on the server. Now you can switch the store to use the secure protocol for the store\'s back end, checkout, sign-in and profile pages.','en'),(1436,1436,'Support','en'),(1437,1437,'After the upgrade is completed, please check your website. If you find that the site is not operating properly, please try the following','en'),(1438,1438,'Start Import','en'),(1439,1439,'New import','en'),(1440,1440,'Critical errors have been detected in the files you are trying to import. Please correct the errors and try again.','en'),(1441,1441,'Data has not been found','en'),(1442,1442,'Clear the item\'s data before importing this item','en'),(1443,1443,'Do not verify images to run the process faster','en'),(1444,1444,'Delete temporary files after the import is completed','en'),(1445,1445,'Import settings','en'),(1446,1446,'Upload files','en'),(1447,1447,'Samples of the file structures','en'),(1448,1448,'Continue import','en'),(1449,1449,'Re-upload files','en'),(1450,1450,'The import process may take a while to complete. You may close the page; the process will continue in the background. If the process takes long enough, we will send you a notification when it is completed.','en'),(1451,1451,'The import process may take a while to complete. Please do not close this page until the process is fully completed. If you have closed the page, please re-open it to complete the import process as it is in progress only when the page is open.','en'),(1452,1452,'Verification results','en'),(1453,1453,'Import by CSV','en'),(1454,1454,'Order by','en'),(1455,1455,'Query','en'),(1456,1456,'Count','en'),(1457,1457,'Products found','en'),(1458,1458,'Cleanup queries','en'),(1459,1459,'requested only once','en'),(1460,1460,'requested once or twice','en'),(1461,1461,'Cleanup','en'),(1462,1462,'The shipping rate has been added successfully','en'),(1463,1463,'The shipping rate cannot be added','en'),(1464,1464,'Please make sure that <b>\"min weight\", \"min total\", \"min items\", \"shipping zone\" and \"shipping method\"</b> fields do not overlap with those of any other shipping rates.','en'),(1465,1465,'Administrator area','en'),(1466,1466,'This section displays order processing statistics','en'),(1467,1467,'Compare your result with other servers','en'),(1468,1468,'The values are average','en'),(1469,1469,'Customer area is closed for maintenance.','en'),(1470,1470,'This page allows you to configure shipping methods, address zones and shipping charges.','en'),(1471,1471,'Shipping charges','en'),(1472,1472,'New address','en'),(1473,1473,'Forgot your password?','en'),(1474,1474,'No such user','en'),(1475,1475,'Edit attributes','en'),(1476,1476,'To set up attributes specific for product classes, define the product classes first.','en'),(1477,1477,'Here you can define attributes for all of your products and sets of attributes for different classes of your products.','en'),(1478,1478,'Here you can define how your payment methods will look in the Customer area.','en'),(1479,1479,'More payment methods can be added by installing appropriate payment modules. Check out the Marketplace to find and install the payment modules you require.','en'),(1480,1480,'Need more payment methods?','en'),(1481,1481,'Warning: The restoration procedure is irreversible and erases all existing data tables from the store\'s database. It is highly recommended that you back up the data currently stored in your database before restoring a past version of your database from backup.','en'),(1482,1482,'Use this section to back up the database of your online store. Please note that the database backup procedure can take up to several minutes.','en'),(1483,1483,'If you choose to create an SQL file, you will be able to download the file from the server later and, after that, delete it from the server using the \"Delete SQL file\" button.','en'),(1484,1484,'You cannot save database data to a file on the web server (\'var/backup/sqldump.sql.php\').','en'),(1485,1485,'The directory \'var/backup/\' does not exist or is not writable.','en'),(1486,1486,'Ship in a separate box','en'),(1487,1487,'You will be able to provide additional product info (images, attributes, etc.) after you submit this form.','en'),(1488,1488,'Clone this product','en'),(1489,1489,'Clone','en'),(1490,1490,'Preview product page','en'),(1491,1491,'Tax class','en'),(1492,1492,'There are no images loaded for this product','en'),(1493,1493,'No product class assigned','en'),(1494,1494,'Name, e.g. Apparel','en'),(1495,1495,'Manage product classes','en'),(1496,1496,'If you have multiple products sharing the same set of attributes, it makes sence to set up a common product type for these products and create the attributes on the product type level.','en'),(1497,1497,'Attribute option','en'),(1498,1498,'Modifiers','en'),(1499,1499,'Default option','en'),(1500,1500,'Length x Width x Height','en'),(1501,1501,'Maximum number of items per box','en'),(1502,1502,'Attribute name','en'),(1503,1503,'Attribute values','en'),(1504,1504,'Re-generate links','en'),(1505,1505,'Attribute group','en'),(1506,1506,'Attribute','en'),(1507,1507,'No group','en'),(1508,1508,'No attributes assigned','en'),(1509,1509,'Including subcategories','en'),(1510,1510,'The provided file contains the following language labels:','en'),(1511,1511,'The language labels have been successfully imported:','en'),(1512,1512,'Language:','en'),(1513,1513,'labels count:','en'),(1514,1514,'Number of ignored rows:','en'),(1515,1515,'Please confirm that you want to proceed with the import or cancel the operation.','en'),(1516,1516,'Failure: Wrong file format.','en'),(1517,1517,'The language CSV file should be a text file containing three columns per row (the columns must be separated by a comma:','en'),(1518,1518,'language code,','en'),(1519,1519,'label name,','en'),(1520,1520,'label translation.','en'),(1521,1521,'Please make sure your file format is as described.','en'),(1522,1522,'default','en'),(1523,1523,'Get CSV','en'),(1524,1524,'Not selected','en'),(1525,1525,'To change your roles, contact the store administrator','en'),(1526,1526,'You have the following roles:','en'),(1527,1527,'Welcome','en'),(1528,1528,'Edit attribute values','en'),(1529,1529,'Click if you do not want to add this value to new products or class assigns automatically','en'),(1530,1530,'Click if you want to add this value to new products or class assigns automatically','en'),(1531,1531,'Enabled in catalog','en'),(1532,1532,'Disabled in catalog','en'),(1533,1533,'What to export','en'),(1534,1534,'editable','en'),(1535,1535,'multi value','en'),(1536,1536,'Removing this attribute will affect all the products. Leave this blank to hide this option for the product.','en'),(1537,1537,'Delete all files','en'),(1538,1538,'Before editing attributes specific for the chosen type you should save the changes','en'),(1539,1539,'Default value','en'),(1540,1540,'New value','en'),(1541,1541,'New group','en'),(1542,1542,'New Export','en'),(1543,1543,'The following files are too large to be included in the archive','en'),(1544,1544,'Start Export','en'),(1545,1545,'Export settings','en'),(1546,1546,'Export public files as','en'),(1547,1547,'URLs','en'),(1548,1548,'local files','en'),(1549,1549,'Choosing \"URLs\" will link the exported data to your public files (product and category images, downloadable files shown on product pages, and so on) through direct URLs. Public files won\'t be included into the archive with exported files; however, private files (for example, digitally distributed products) will go into the archive anyway.<br /><br />Choosing \"local files\" will bundle all your files with exported data and include them into the archive available for downloading after the export. Files stored in your shop as links to different servers will be downloaded and included into the archive, too.','en'),(1550,1550,'Download all files in a single archive','en'),(1551,1551,'Export completed','en'),(1552,1552,'Exporting data...','en'),(1553,1553,'The export process may take a while to complete. You may close the page, the process will continue in the background. If the process takes long enough, we will send you a notification when it is completed.','en'),(1554,1554,'The export process may take a while to complete. Please do not close this page until the process is fully completed. If you have closed the page, please re-open it to complete the export process as it is in progress only when the page is open. If the process takes long enough, we will send you a notification when it is completed.','en'),(1555,1555,'Export failed','en'),(1556,1556,'Export in CSV','en'),(1557,1557,'Please make sure the following modules are installed and enabled:','en'),(1558,1558,'You have no payment methods enabled at your store','en'),(1559,1559,'This method does not support the current store currency and is not available to customers','en'),(1560,1560,'This method is in test mode','en'),(1561,1561,'Configure','en'),(1562,1562,'This payment method cannot be enabled until you configure it','en'),(1563,1563,'Edit product','en'),(1564,1564,'There are no shipping methods defined for this carrier','en'),(1565,1565,'Click to edit rates','en'),(1566,1566,'Click to add rates','en'),(1567,1567,'Add rates','en'),(1568,1568,'Edit','en'),(1569,1569,'Click to edit states','en'),(1570,1570,'Click to add states','en'),(1571,1571,'Add states','en'),(1572,1572,'Click to edit all the translations for this label','en'),(1573,1573,'Warning! Installing this module will overwrite any existing label translations for this language.','en'),(1574,1574,'Please','en'),(1575,1575,'upgrade core','en'),(1576,1576,'No modules found','en'),(1577,1577,'No users found','en'),(1578,1578,'No products found','en'),(1579,1579,'No profiles found','en'),(1580,1580,'Installed version','en'),(1581,1581,'outdated','en'),(1582,1582,'Purchased','en'),(1583,1583,'View in list','en'),(1584,1584,'Popularity','en'),(1585,1585,'Module\'s page','en'),(1586,1586,'Activate key','en'),(1587,1587,'if you have any questions','en'),(1588,1588,'Success','en'),(1589,1589,'Fax','en'),(1590,1590,'The shipping cost has been calculated based on the following combination of products into packages:','en'),(1591,1591,'Package','en'),(1592,1592,'weight','en'),(1593,1593,'dimensions','en'),(1594,1594,'item(s)','en'),(1595,1595,'Placed on','en'),(1596,1596,'OR','en'),(1597,1597,'Root categories','en'),(1598,1598,'WARNING! There are no more available administrator profiles. You will not be able to manage your store after you delete this profile.','en'),(1599,1599,'Are you sure you want to delete this profile?','en'),(1600,1600,'Autogenerate Clean URL','en'),(1601,1601,'products','en'),(1602,1602,'Already added','en'),(1603,1603,'Edit attribute','en'),(1604,1604,'New attribute','en'),(1605,1605,'Manage groups','en'),(1606,1606,'No attributes are defined for the product class yet.','en'),(1607,1607,'Need a license key?','en'),(1608,1608,'Your X-Cart installation is licensed for evaluation purposes only.','en'),(1609,1609,'You can build your website during FREE evaluation, but you cannot use this installation for real sales without buying a license.','en'),(1610,1610,'For details refer to','en'),(1611,1611,'Removing this message without buying a Full license is prohibited and will result in legal proceedings.','en'),(1612,1612,'Core version','en'),(1613,1613,'verified version','en'),(1614,1614,'Loopback test','en'),(1615,1615,'Warning! InnoDB engine is not supported. It is required for software operation','en'),(1616,1616,'Not detected','en'),(1617,1617,'Warning!','en'),(1618,1618,'PHP \'gd\' extension is not installed.','en'),(1619,1619,'Curl version','en'),(1620,1620,'Curl options','en'),(1621,1621,'cannot create directory','en'),(1622,1622,'subdirectories problems','en'),(1623,1623,'file does not exist','en'),(1624,1624,'Directory is empty','en'),(1625,1625,'Comma','en'),(1626,1626,'Semicolon','en'),(1627,1627,'Tab','en'),(1628,1628,'A membership name cannot contain such symbols as \\, \' and \". Also, it cannot exceed 32 characters.','en'),(1629,1629,'Please enter a unique membership name','en'),(1630,1630,'Required field','en'),(1631,1631,'The value must be in the range of','en'),(1632,1632,'Click to open','en'),(1633,1633,'Click to close','en'),(1634,1634,'Double quote','en'),(1635,1635,'Single quote','en'),(1636,1636,'empty','en'),(1637,1637,'Warning! CSV file was not specified.','en'),(1638,1638,'Warning! The file you have specified in the \'File (CSV) local\' field does not exist or cannot be read.','en'),(1639,1639,'Please enter the correct file location or set correct file permissions.','en'),(1640,1640,'Warning! The file you have specified in the \'File (CSV) for upload\' field has not been uploaded to the server.','en'),(1641,1641,'Already exists','en'),(1642,1642,'Confirmation does not match','en'),(1643,1643,'Incomplete','en'),(1644,1644,'Complete','en'),(1645,1645,'Please, enter a valid email address','en'),(1646,1646,'Please, enter a valid IP address','en'),(1647,1647,'Result pages','en'),(1648,1648,'User activity','en'),(1649,1649,'now disabled','en'),(1650,1650,'Upgrade for X-Cart core is available','en'),(1651,1651,'Now disabled','en'),(1652,1652,'Will be installed','en'),(1653,1653,'The module is incompatible with the new core version that is going to be installed','en'),(1654,1654,'Check again','en'),(1655,1655,'Failure','en'),(1656,1656,'An upgrade is a dangerous process that may result in a crashed website. It is strongly recommended to create a full back up of your store (the code and the database) and download it to a local computer before you proceed to the next step.','en'),(1657,1657,'Some files are modified','en'),(1658,1658,'The system has detected that some custom modifications were made by editing core and module files, not by writing new modules. In order to proceed with the upgrade you should decide what to do with the modifications','en'),(1659,1659,'Replace all modified files with the unmodified newer versions','en'),(1660,1660,'the custom modifications will be lost','en'),(1661,1661,'Do not replace selected files and ignore their newer versions','en'),(1662,1662,'your web site may crash','en'),(1663,1663,'Select all','en'),(1664,1664,'Unselect all','en'),(1665,1665,'New user registered','en'),(1666,1666,'Website','en'),(1667,1667,'Last 24 hours','en'),(1668,1668,'Last 7 days','en'),(1669,1669,'Last month','en'),(1670,1670,'Store lifetime','en'),(1671,1671,'View all low inventory products','en'),(1672,1672,'Changes of attribute values will affect only this product. Changes of attribute names and of the attribute list will affect all the products of the corresponding class.','en'),(1673,1673,'Сhanges of attribute values will affect only this product. Changes of attribute names and of the attribute list will affect all the products','en'),(1674,1674,'Apply value changes locally','en'),(1675,1675,'Apply value changes globally','en'),(1676,1676,'The password is the one you specified during checkout.','en'),(1677,1677,'The password is the one you specified.','en'),(1678,1678,'Register user','en'),(1679,1679,'Test email notification','en'),(1680,1680,'Test email notification:','en'),(1681,1681,'Your new password','en'),(1682,1682,'You can now use the following credentials to access your account','en'),(1683,1683,'To change the password, log into your company account and use the \'My account\' link','en'),(1684,1684,'New safe mode access key has been generated','en'),(1685,1685,'Use the following key to access safe mode','en'),(1686,1686,'Hard reset (disables all the installed modules and runs the X-Cart application)','en'),(1687,1687,'Soft reset (disables all the modules except for the ones that were downloaded from X-Cart\'s Marketplace and runs the X-Cart application)','en'),(1688,1688,'The export is complete.','en'),(1689,1689,'Totals','en'),(1690,1690,'Your profile was modified','en'),(1691,1691,'A user has submitted the Contact Us form','en'),(1692,1692,'Product ID','en'),(1693,1693,'item(s) in stock','en'),(1694,1694,'Are you sure you want to clear your cart?','en'),(1695,1695,'attributes','en'),(1696,1696,'All rights reserved.','en'),(1697,1697,'Addresses list is empty','en'),(1698,1698,'Order payment','en'),(1699,1699,'Forgot password','en'),(1700,1700,'Max','en'),(1701,1701,'Exact phrase','en'),(1702,1702,'All words','en'),(1703,1703,'Any word','en'),(1704,1704,'Fewer search options','en'),(1705,1705,'More search options','en'),(1706,1706,'- OR -','en'),(1707,1707,'Back to Login form','en'),(1708,1708,'Back to modules','en'),(1709,1709,'Try the search-as-you-type feature...','en'),(1710,1710,'Choose the product options first','en'),(1711,1711,'This operation is irreversible. Are you sure you want to proceed?','en'),(1712,1712,'Order number','en'),(1713,1713,'Date range','en'),(1714,1714,'Clear all fields','en'),(1715,1715,'There are no shipping methods available','en'),(1716,1716,'Enter the shipping address to see delivery methods available to you','en'),(1717,1717,'C.O.D. fee included','en'),(1718,1718,'Existing Customer?','en'),(1719,1719,'Login Here','en'),(1720,1720,'Sorry, your order payment was cancelled.','en'),(1721,1721,'Sorry, your order payment failed.','en'),(1722,1722,'Failure reason:','en'),(1723,1723,'Cardholder name','en'),(1724,1724,'Credit card number','en'),(1725,1725,'Start date','en'),(1726,1726,'Expiration date','en'),(1727,1727,'Issue no','en'),(1728,1728,'CVV2','en'),(1729,1729,'Change attributes','en'),(1730,1730,'Call us: ','en'),(1731,1731,'Compare products','en'),(1732,1732,'Email','en'),(1733,1733,'This address was used as a','en'),(1734,1734,'billing','en'),(1735,1735,'shipping','en'),(1736,1736,'address during the recent purchase','en'),(1737,1737,'Out of Stock','en'),(1738,1738,'Cart','en'),(1739,1739,'More','en'),(1740,1740,'Back','en'),(1741,1741,'Your Account','en'),(1742,1742,'See comparison chart','en'),(1743,1743,'Billing address is the same as Shipping','en'),(1744,1744,'Complete billing address','en'),(1745,1745,'Continue as guest','en'),(1746,1746,'Enter your email','en'),(1747,1747,'Order cannot be placed because not all of the required fields are completed. Please check the form and try again.','en'),(1748,1748,'The \"{{file}}\" file was not uploaded','en'),(1749,1749,'Front page','en'),(1750,1750,'Please select the products first','en'),(1751,1751,'Aggregation cache has been cleared','en'),(1752,1752,'Authorized amount','en'),(1753,1753,'Captured amount','en'),(1754,1754,'Refunded amount','en'),(1755,1755,'The method is not configured and cannot be used','en'),(1756,1756,'The only remaining active administrator profile cannot be deleted.','en'),(1757,1757,'Shipping address is invalid','en'),(1758,1758,'Invoice #{{orderId}}, {{time}}','en'),(1759,1759,'Address type has a wrong value','en'),(1760,1760,'Address not selected','en'),(1761,1761,'Address not found','en'),(1762,1762,'\"{{product}} product\" attributes','en'),(1763,1763,'The attributes have been successfully updated','en'),(1764,1764,'Please select a different attribute','en'),(1765,1765,'The address has been deleted','en'),(1766,1766,'You tried to buy more items of \"{{product}}\" product {{description}} than are in stock. We have {{amount}} item(s) only. Please adjust the product quantity.','en'),(1767,1767,'The product has not been added to cart','en'),(1768,1768,'The item has not been removed from cart','en'),(1769,1769,'You have an unpaid order #{{ORDER}}','en'),(1770,1770,'Order not found','en'),(1771,1771,'No payment method selected','en'),(1772,1772,'No payment methods found for criteria: \'{{substring}}\' / {{country}}.','en'),(1773,1773,'All countries','en'),(1774,1774,'System will download and install this module from marketplace. Continue?','en'),(1775,1775,'Try to change the search criteria or find the needed solution in <a href=\"{{URL}}\" class=\"no-payments-marketplace-link\">marketplace</a>','en'),(1776,1776,'Try to <span class=\"search-worldwide\">search worldwide</span> or find the needed solution in <a href=\"{{URL}}\" class=\"no-payments-marketplace-link\">marketplace</a>','en'),(1777,1777,'The selected payment method is obsolete or invalid. Select another payment method','en'),(1778,1778,'The form could not be identified as a form generated by X-Cart. The reason may be that a substantial period of time has elapsed since you opened the page with this form or the page was opened in more than one browser tab. If you did not open the page with this form, you might be under a CSRF attack.','en'),(1779,1779,'Select products from the list','en'),(1780,1780,'Classes & attributes','en'),(1781,1781,'No category defined','en'),(1782,1782,'Safe mode access key has been re-generated','en'),(1783,1783,'{{paymentMethod}} settings','en'),(1784,1784,'An attempt to update settings of unknown payment method','en'),(1785,1785,'The payment method settings have been successfully updated','en'),(1786,1786,'The \"{{file}}\" is not CSV or archive','en'),(1787,1787,'Unable to delete file','en'),(1788,1788,'SQL file was deleted successfully','en'),(1789,1789,'File not found','en'),(1790,1790,'Only enabled modules can be packed','en'),(1791,1791,'Module packing is available in the DEVELOPER mode only. Check etc/config.php file','en'),(1792,1792,'The countries list for the zone is empty. Please specify the countries that belong in this zone.','en'),(1793,1793,'unknown error','en'),(1794,1794,'The payment method has been added successfully','en'),(1795,1795,'Manage attribute groups','en'),(1796,1796,'Measuring performance in manual mode failed.','en'),(1797,1797,'File uploading error.','en'),(1798,1798,'Making a backup of the current database state ... ','en'),(1799,1799,'done','en'),(1800,1800,'Loading the database from file .','en'),(1801,1801,'Database restored successfully!','en'),(1802,1802,'The database has not been restored because of errors','en'),(1803,1803,'Restoring database from backup .','en'),(1804,1804,'Return to Admin interface','en'),(1805,1805,'Global attributes','en'),(1806,1806,'Global','en'),(1807,1807,'Widgets cache has been cleared','en'),(1808,1808,'Failed to update category image','en'),(1809,1809,'The file was not loaded due to a server-side failure.','en'),(1810,1810,'Tax classes','en'),(1811,1811,'The detailed image has not been deleted','en'),(1812,1812,'Attributes have been updated successfully','en'),(1813,1813,'Product class have been updated successfully','en'),(1814,1814,'Product class name is empty','en'),(1815,1815,'Product-Specific','en'),(1816,1816,'Product-Specific attributes','en'),(1817,1817,'A disabled language cannot be default.','en'),(1818,1818,'Cannot autogenerate a clean URL for the product name \"{{name}}\". Please specify it manually.','en'),(1819,1819,'HTTPS option has been successfully enabled','en'),(1820,1820,'HTTPS option has been disabled','en'),(1821,1821,'Inventory has been successfully updated','en'),(1822,1822,'Modules license agreements','en'),(1823,1823,'{{module}} license agreement','en'),(1824,1824,'Customers','en'),(1825,1825,'Customers imported','en'),(1826,1826,'Products imported','en'),(1827,1827,'Attributes imported','en'),(1828,1828,'Categories imported','en'),(1829,1829,'Failed write to file','en'),(1830,1830,'No write permissions to directory','en'),(1831,1831,'Add attribute','en'),(1832,1832,'Default for customers','en'),(1833,1833,'Default for admins','en'),(1834,1834,'Labels','en'),(1835,1835,'Custom','en'),(1836,1836,'Recommended','en'),(1837,1837,'By Price - cheapest first','en'),(1838,1838,'By Price - cheapest last','en'),(1839,1839,'By Name - A-Z','en'),(1840,1840,'By Name - Z-A','en'),(1841,1841,'Displays the number of labels translated into the language','en'),(1842,1842,'Label','en'),(1843,1843,'Plain field','en'),(1844,1844,'Textarea','en'),(1845,1845,'Order history','en'),(1846,1846,'Compact view','en'),(1847,1847,'Expanded view','en'),(1848,1848,'Item','en'),(1849,1849,'Yes/No','en'),(1850,1850,'In stock','en'),(1851,1851,'Login/Email','en'),(1852,1852,'Anonymous','en'),(1853,1853,'requested for','en'),(1854,1854,'<p>The order subtotal exceeds the maximum allowed value ({{max_order_amount}})</p>','en'),(1855,1855,'<p>The order subtotal is less than the minimum allowed value ({{min_order_amount}})</p>','en'),(1856,1856,'View all modules','en'),(1857,1857,'Storefront is closed','en'),(1858,1858,'Open','en'),(1859,1859,'Storefront is closed (<a href=\"{{shop_url}}\" target=\"_blank\">private link</a>)','en'),(1860,1860,'Storefront is open','en'),(1861,1861,'Closed','en'),(1862,1862,'The attribute group has been updated','en'),(1863,1863,'The attribute group has been added','en'),(1864,1864,'The attribute option has been updated','en'),(1865,1865,'The attribute option has been added','en'),(1866,1866,'The category has been updated','en'),(1867,1867,'The category has been added','en'),(1868,1868,'The address field has been updated','en'),(1869,1869,'The address field has been added','en'),(1870,1870,'The attribute has been updated','en'),(1871,1871,'The attribute has been added','en'),(1872,1872,'The product class has been updated','en'),(1873,1873,'The product class has been added','en'),(1874,1874,'The product selection has been updated','en'),(1875,1875,'The product selection has been added','en'),(1876,1876,'Front page updated','en'),(1877,1877,'The profile has been modified successfully','en'),(1878,1878,'The tax class has been updated','en'),(1879,1879,'The tax class has been added','en'),(1880,1880,'Order #{{id}}','en'),(1881,1881,'Enter pattern here','en'),(1882,1882,'Find countries','en'),(1883,1883,'Find states','en'),(1884,1884,'Enter search pattern','en'),(1885,1885,'Import language from CSV file','en'),(1886,1886,'Requested zone does not exist','en'),(1887,1887,'Install modules','en'),(1888,1888,'Add products','en'),(1889,1889,'More actions for selected','en'),(1890,1890,'Order #{{id}} details','en'),(1891,1891,'Your order details will be sent to your email address','en'),(1892,1892,'{{count}} created','en'),(1893,1893,'{{count}} updated','en'),(1894,1894,'The script found {{number}} errors during verification','en'),(1895,1895,'Row {{number}}','en'),(1896,1896,'Row(s) {{numbers}}','en'),(1897,1897,'Critical error','en'),(1898,1898,'CSV or ZIP files, total max size: {{size}}','en'),(1899,1899,'Download CSV files','en'),(1900,1900,'<p>The order subtotal exceeds the maximum allowed value ({{max_order_amount}}). Please remove some items from the cart.</p>','en'),(1901,1901,'<p>The order subtotal is less than the minimum allowed value ({{min_order_amount}}). Please add some items to the cart.</p>','en'),(1902,1902,'{{name}} attributes','en'),(1903,1903,'Custom attributes','en'),(1904,1904,'These attributes can be applied to the \"{{name}}\" product class.','en'),(1905,1905,'These attributes can only be applied to this particular product.','en'),(1906,1906,'These attributes can be applied to all the products in the store.','en'),(1907,1907,'Your trial period has expired','en'),(1908,1908,'Your trial period expires today','en'),(1909,1909,'Live','en'),(1910,1910,'Print','en'),(1911,1911,'Print selected','en'),(1912,1912,'Test','en'),(1913,1913,'Residential','en'),(1914,1914,'Commercial','en'),(1915,1915,'No delimiter','en'),(1916,1916,'Space','en'),(1917,1917,'MM','en'),(1918,1918,'CM','en'),(1919,1919,'DM','en'),(1920,1920,'IN','en'),(1921,1921,'mm','en'),(1922,1922,'cm','en'),(1923,1923,'dm','en'),(1924,1924,'inches','en'),(1925,1925,'Mr.','en'),(1926,1926,'Ms.','en'),(1927,1927,'Mrs.','en'),(1928,1928,'# selected','en'),(1929,1929,'LB','en'),(1930,1930,'OZ','en'),(1931,1931,'KG','en'),(1932,1932,'G','en'),(1933,1933,'lbs','en'),(1934,1934,'oz','en'),(1935,1935,'kg','en'),(1936,1936,'g','en'),(1937,1937,'Registered Customers','en'),(1938,1938,'Anonymous Customers','en'),(1939,1939,'Show','en'),(1940,1940,'Not enough disk space. Required: {{req}} (+{{reserve}} reserve). Available: {{avail}}','en'),(1941,1941,'Cannot connect to the Marketplace server','en'),(1942,1942,'Empty \"class\" parameter is passed to the {{method}}','en'),(1943,1943,'You need hard and soft reset links in case some 3rd party module <a href=\"{{article}}\" target=\"_blank\">crashes your web store</a>','en'),(1944,1944,'If your store crashes as a result of a failed upgrade, you will be able to <a href=\"{{article}}\" target=\"_blank\">restore it</a> from backup or by using the <strong>hard</strong> and <strong>soft reset</strong> links. These links were already provided to you after this store was installed and <strong>will be emailed to you again after you start the upgrade process</strong>.','en'),(1945,1945,'More info is available in X-Cart\'s Knowledge Base article <a href=\"{{article}}\" target=\"_blank\">What to do if you cannot access your store...</a>','en'),(1946,1946,'Couldn\'t move image {{path}}','en'),(1947,1947,'Couldn\'t move {{count}} images. See log for details.','en'),(1948,1948,'This module uses PHP\\\'s cURL functions which are disabled on your web server','en'),(1949,1949,'Package weight','en'),(1950,1950,'Package weight ({{units}})','en'),(1951,1951,'Package subtotal','en'),(1952,1952,'Package subtotal ({{units}})','en'),(1953,1953,'Source address','en'),(1954,1954,'Postal Code','en'),(1955,1955,'Destination address','en'),(1956,1956,'Note: a new window will be opened','en'),(1957,1957,'Length','en'),(1958,1958,'Width','en'),(1959,1959,'Height','en'),(1960,1960,'Postal/ZIP Code','en'),(1961,1961,'Transaction type','en'),(1962,1962,'Authorization and Capture','en'),(1963,1963,'Authorization only','en'),(1964,1964,'Invoice number prefix','en'),(1965,1965,'a side box','en'),(1966,1966,'the main column','en'),(1967,1967,'expired','en'),(1968,1968,'\"{{product}}\" options','en'),(1969,1969,'Private','en'),(1970,1970,'Unavailable','en'),(1971,1971,'Blocked','en'),(1972,1972,'The product SKU#\"{{SKU}}\" is already set as featured for the category','en'),(1973,1973,'Add featured products for \"{{category}}\"','en'),(1974,1974,'Note: To enable/disable the \'Cash on delivery\' payment option, you should enable/disable the payment method \'Cash on delivery (FedEx)\' on the <a href=\"{{URL}}\">Payment methods page</a>.','en'),(1975,1975,'Package properties','en'),(1976,1976,'Shipment options','en'),(1977,1977,'Cash on delivery','en'),(1978,1978,'Test mode','en'),(1979,1979,'Packaging','en'),(1980,1980,'Currency conversion rate','en'),(1981,1981,'Package dimensions (inches)','en'),(1982,1982,'Maximum package weight','en'),(1983,1983,'Autogenerated','en'),(1984,1984,'Custom','en'),(1985,1985,'After activation Skrill will give you access to a new section in your Skrill account called \"Merchant tools\". Please choose a secret word (do not use your password for this) and enter it into the Merchant tools section and the form below.','en'),(1986,1986,'(optional)','en'),(1987,1987,'Request type must be POST','en'),(1988,1988,'\\\'status\\\' request argument not found','en'),(1989,1989,'Test/Live mode','en'),(1990,1990,'Purchase description','en'),(1991,1991,'Live mode','en'),(1992,1992,'User','en'),(1993,1993,'\\\'RESULT\\\' argument not found','en'),(1994,1994,'Transaction amount mismatch','en'),(1995,1995,'Compare','en'),(1996,1996,'Billing address is not defined','en'),(1997,1997,'Menu','en'),(1998,1998,'Unlimited','en'),(1999,1999,'Locked','en'),(2000,2000,'Secret word','en'),(2001,2001,'Container','en'),(2002,2002,'Machinable','en'),(2003,2003,'units','en'),(2004,2004,'each','en'),(2005,2005,'save','en'),(2006,2006,'always','en'),(2007,2007,'hourly','en'),(2008,2008,'daily','en'),(2009,2009,'weekly','en'),(2010,2010,'monthly','en'),(2011,2011,'yearly','en'),(2012,2012,'Auth','en'),(2013,2013,'Capture','en'),(2014,2014,'Void','en'),(2015,2015,'Refund','en'),(2016,2016,'Deploy','en'),(2017,2017,'Secret key','en'),(2018,2018,'To enable \'Cash on delivery\' payment option you should enable payment method \'Cash on delivery (UPS)\' at the <a href=\"{{URL}}\">Payment methods page</a>.','en'),(2019,2019,'Order status changed from {{oldStatus}} to {{newStatus}}','en'),(2020,2020,'Year in which the store opened','en'),(2021,2021,'Force customer to choose product options before adding a product to cart','en'),(2022,2022,'The English language cannot be removed as it is primary language for all texts','en'),(2023,2023,'Priority','en'),(2024,2024,'Either enable or uninstall the modules below.','en'),(2025,2025,'The modules below must be either <strong>enabled</strong> or <strong>uninstalled</strong> before the upgrade is started. Otherwise your store may crash during the upgrade. Do not worry, you can still install and use these modules after the upgrade.','en'),(2026,2026,'The module version is incompatible with your core version and cannot be installed. The minimum core version required for this module is {{version}}.','en'),(2027,2027,'The module version is incompatible with your core version and cannot be enabled. The minimum core version required for this module is {{version}}.','en'),(2028,2028,'New module version available for core versions {{versions}}.','en'),(2029,2029,'Payment status','en'),(2030,2030,'Shipping status','en'),(2031,2031,'All payment statuses','en'),(2032,2032,'All shipping statuses','en'),(2033,2033,'Order payment status changed from {{oldStatus}} to {{newStatus}}','en'),(2034,2034,'Order shipping status changed from {{oldStatus}} to {{newStatus}}','en'),(2035,2035,'Communication log','en'),(2036,2036,'Input data','en'),(2037,2037,'Please create a new password','en'),(2038,2038,'The confirmation URL link will be emailed to you shortly','en'),(2039,2039,'Your \"Password reset key\" has expired. Please enter the email address associated with your user account to get a new \"Password reset key\".','en'),(2040,2040,'Profile is not defined','en'),(2041,2041,'Customer access level','en'),(2042,2042,'All levels','en'),(2043,2043,'Anonymous','en'),(2044,2044,'Registered','en'),(2045,2045,'Search total','en'),(2046,2046,'All orders','en'),(2047,2047,'Online orders','en'),(2048,2048,'POS orders','en'),(2049,2049,'Do not see your payment method? Find it in our <a href=\"{{url}}\">Marketplace</a>','en'),(2050,2050,'Find in Marketplace','en'),(2051,2051,'Search items...','en'),(2052,2052,'Root category listings format','en'),(2053,2053,'View all ordered items','en'),(2054,2054,'Lines checked: {{X}} out of {{Y}}','en'),(2055,2055,'Lines imported: {{X}} out of {{Y}}','en'),(2056,2056,'Products processed: {{X}} out of {{Y}}','en'),(2057,2057,'Image resized: {{X}} out of {{Y}}','en'),(2058,2058,'Lines verified: {{X}} out of {{Y}} (errors: {{errors}}, warnings: {{warns}})','en'),(2059,2059,'Lines imported: {{X}} out of {{Y}} (errors: {{errors}}, warnings: {{warns}})','en'),(2060,2060,'Products processed: {{X}} out of {{Y}} (errors: {{errors}}, warnings: {{warns}})','en'),(2061,2061,'Image resized: {{X}} out of {{Y}} (errors: {{errors}}, warnings: {{warns}})','en'),(2062,2062,'Import has been cancelled.','en'),(2063,2063,'Export product data with','en'),(2064,2064,'Global & Classes attributes','en'),(2065,2065,'All attributes','en'),(2066,2066,'Classes & Attributes','en'),(2067,2067,'Product attribute values','en'),(2068,2068,'Product attribute values (Yes/No) have been imported','en'),(2069,2069,'Product attribute values (Plain text) have been imported','en'),(2070,2070,'Product attribute values (Textarea) have been imported','en'),(2071,2071,'CSV file has a wrong filename format.','en'),(2072,2072,'Possible file names are: {{files}}','en'),(2073,2073,'X-Cart could not find data in your file.','en'),(2074,2074,'Possible reasons are:<br /><ul><li>file is empty</li><li>you specified CSV delimiter other than defined in settings ({{separator}}). In this case, define the correct delimiter in the <strong>CSV column delimiter</strong> on the <a href=\"{{configURL}}\">Localization settings page</a>.</li><li>encoding of your file is not {{encoding}}. In this case, you need to open your CSV file in the spreadsheet editor (MS Excel, Openoffice Calc, etc) and save it using UTF-8 charset.</li><li>your CSV file has an incorrect format. <a href=\"{{kbURL}}\" target=\"blank\">Check our Knowledge base</a> for proper import formats.</li></ul>','en'),(2075,2075,'Your store has some modules available only to Premium license owners. To continue with the upgrade, you must either <a href=\'{{purchaseURL}}\' target=\'_blank\'>purchase</a> a Premium license, or <a href=\'{{installedModulesURL}}\'>remove</a> the following modules from your store:','en'),(2076,2076,'No class','en'),(2077,2077,'See log file for details','en'),(2078,2078,'The product has been updated','en'),(2079,2079,'Free license has been activated successfully','en'),(2080,2080,'Unknown payment. If you see this message after returning from the payment page, please contact the store administrator for information about the status of your payment.','en'),(2081,2081,'{{count}} expired shopping cart(s) have been successfully removed','en'),(2082,2082,'States information has been successfully deleted','en'),(2083,2083,'Please select the states first','en'),(2084,2084,'Free license key for email <em>{{email}}</em> is already registered. Please use a different email or <a href=\\\"{{url}}\\\">click here to get key value sent to this email address</a>','en'),(2085,2085,'Information about free license key has been sent to the email <em>{{email}}</em>','en'),(2086,2086,'<p>Cart contains products with a wrong quantity. Please correct this to proceed</p>','en'),(2087,2087,'<p>Cart contains products with a wrong quantity</p>','en'),(2088,2088,'Inventory tracking options','en'),(2089,2089,'Do not select anything if you want to make the product visible to all customers. Otherwise it will be visible to the users assigned to selected membership only.','en'),(2090,2090,'Any stock status','en'),(2091,2091,'Test','en'),(2092,2092,'Live','en'),(2093,2093,'The service name \'{{value}}\' is reserved and cannot be used for an address field.','en'),(2094,2094,'Placed on <span class=\"date\">{{date}}</span> by <a class=\"name\" href=\"{{url}}\">{{name}}</a> <span class=\"email\">{{email}}</span>','en'),(2095,2095,'Placed on <span class=\"date\">{{date}}</span> by <span class=\"name\">{{name}}</span> <span class=\"email\">{{email}}</span>','en'),(2096,2096,'Setup store price: {{price}}','en'),(2097,2097,'The button is inactive either because no changes have been detected on the current page or because the order totals need to be recalculated before the order can be updated.','en'),(2098,2098,'Product with selected properties cannot be purchased','en'),(2099,2099,'The specified amount of the product ({{value}}) exceeds the amount of the product in stock ({{max}})','en'),(2100,2100,'Old order notes','en'),(2101,2101,'New order notes','en'),(2102,2102,'Current price for the selected configuration and quantity: {{price}}','en'),(2103,2103,'Cannot create temporary order for modification','en'),(2104,2104,'Customer information','en'),(2105,2105,'no comments','en'),(2106,2106,'All items cannot be removed from the order.','en'),(2107,2107,'Changed items','en'),(2108,2108,'Changed options','en'),(2109,2109,'Added items','en'),(2110,2110,'Removed items','en'),(2111,2111,'Order item attributes are out-of-date and cannot be edited','en'),(2112,2112,'Order will be delivered to the billing address.','en'),(2113,2113,'Staff note','en'),(2114,2114,'The value will be recalculated automatically. Press it if you want to \'freeze\' the current value.','en'),(2115,2115,'The current value is \'frozen\' and won\'t be recalculated. Press it if you want it to be updated when the totals are recalculated.','en'),(2116,2116,'Notify customer','en'),(2117,2117,'Order changes cannot be saved due to negative total value','en'),(2118,2118,'Remove data','en'),(2119,2119,'Buy','en'),(2120,2120,'Click the link to increase product amount','en'),(2121,2121,'Charset','en'),(2122,2122,'You can change the charset for all subsequent imports and exports using <a href=\"{{url}}\">this link</a>.','en'),(2123,2123,'You can change the CSV delimiter for all subsequent imports and exports using <a href=\"{{url}}\">this link</a>.','en'),(2124,2124,'Layout','en'),(2125,2125,'Two columns with right sidebar','en'),(2126,2126,'Two columns with left sidebar','en'),(2127,2127,'Three columns','en'),(2128,2128,'One column','en'),(2129,2129,'The product with SKU \"{{value}}\" does not exist. The \"NAME\" attribute will be imported as global','en'),(2130,2130,'The \"{{value}}\" membership does not exist','en'),(2131,2131,'The \"{{value}}\" product class does not exist','en'),(2132,2132,'The \"{{value}}\" tax class does not exist','en'),(2133,2133,'The \"{{value}}\" image does not exist','en'),(2134,2134,'The \"{{value}}\" category does not exist','en'),(2135,2135,'The number of values in the row does not match the number of column headers for this CSV file','en'),(2136,2136,'Tags are not allowed in the column \"{{column}}\" and will be stripped','en'),(2137,2137,'The value in the column \"{{column}}\" will be adjusted according to HTML specification to prevent potential XSS attack','en'),(2138,2138,'The value in the column \"{{column}}\" will be cut because its length exceeds the allowed character length for the respective field','en'),(2139,2139,'New product will be created','en'),(2140,2140,'New membership will be created','en'),(2141,2141,'New product class will be created','en'),(2142,2142,'New tax class will be created','en'),(2143,2143,'New category will be created','en'),(2144,2144,'Wrong price format. Positive floating-point number expected','en'),(2145,2145,'Wrong enabled format. This should be \"Yes\" or \"No\"','en'),(2146,2146,'Wrong format of weight value. Positive floating-point number expected','en'),(2147,2147,'Wrong format of low stock notification value. This should be \"Yes\" or \"No\"','en'),(2148,2148,'Wrong format of use separate box value. This should be \"Yes\" or \"No\"','en'),(2149,2149,'Wrong arrival date format. Correct example: Thu, 21 Dec 2000 16:01:07','en'),(2150,2150,'Wrong date format. Correct example: Thu, 21 Dec 2000 16:01:07','en'),(2151,2151,'Wrong update date format. Correct example: Thu, 21 Dec 2000 16:01:07','en'),(2152,2152,'Wrong format of inventory tracking value. This should be \"Yes\" or \"No\"','en'),(2153,2153,'Wrong format of stock level value. Positive integer expected','en'),(2154,2154,'Wrong format of low stock notification value. This should be \"Yes\" or \"No\"','en'),(2155,2155,'Wrong format of low limit level value. Positive integer expected','en'),(2156,2156,'The name is empty','en'),(2157,2157,'Wrong format of box width value. Positive integer expected','en'),(2158,2158,'Wrong format of box length value. Positive integer expected','en'),(2159,2159,'Wrong format of box height value. Positive integer expected','en'),(2160,2160,'Wrong format of items per box value. Positive integer expected','en'),(2161,2161,'Wrong format of Clean URL value (only alphanumeric, dash (\"-\") and underscore (\"_\") chars are allowed)','en'),(2162,2162,'Error of image loading. Make sure the \"images\" directory has write permissions.','en'),(2163,2163,'Wrong position format','en'),(2164,2164,'The group \"{{value}}\" does not exist. A new group will be created','en'),(2165,2165,'Wrong format of \"type\" value ({{value}}). This should be \"C\" - checkbox, \"S\" - selector, or \"T\" - textarea','en'),(2166,2166,'Product SKU is empty','en'),(2167,2167,'There is no product with SKU \"{{value}}\" to assign the attribute option value to','en'),(2168,2168,'Wrong format of \"type\" value ({{value}}). This should be \"C\" - checkbox, \"S\" - selector, or \"T\" - textarea','en'),(2169,2169,'Wrong format of \"owner\" value ({{value}}). This should be \"Yes\" for product-specific attributes or \"No\" for global attributes','en'),(2170,2170,'Wrong \"priceModifier\" format ({{value}}). Correct examples: +1, +1%, -1, -1%','en'),(2171,2171,'Wrong \"weightModifier\" format ({{value}}). Correct examples: +1, +1%, -1, -1%','en'),(2172,2172,'Product class {{value}} does not exists and will be created','en'),(2173,2173,'Group {{value}} does not exists and will be created','en'),(2174,2174,'Wrong format of show title value. This should be \"Yes\" or \"No\"','en'),(2175,2175,'Wrong login format. Email as login is expected','en'),(2176,2176,'Wrong date format. Correct example: Thu, 21 Dec 2000 16:01:07','en'),(2177,2177,'Wrong date format. Correct example: Thu, 21 Dec 2000 16:01:07','en'),(2178,2178,'Wrong last login date format. Example: Thu, 21 Dec 2000 16:01:07','en'),(2179,2179,'Wrong status format. This should be \"E\" - enabled, or \"D\" - disabled','en'),(2180,2180,'Wrong referer format. URL expected. Correct example: http://x-cart.com','en'),(2181,2181,'Wrong format of language value. Correct examples: EN, DE, RU: http://en.wikipedia.org/wiki/ISO_639-1','en'),(2182,2182,'Wrong format. This should be \"Yes\" or \"No\". Use \"Yes\" if it is the shipping address.','en'),(2183,2183,'Wrong format. This should be \"Yes\" or \"No\". Use \"Yes\" if it is the billing address.','en'),(2184,2184,'Wrong format of country code value. Correct examples: CA, US, RU: http://en.wikipedia.org/wiki/ISO_3166-1_alpha-2','en'),(2185,2185,'Wrong format of state id value.','en'),(2186,2186,'In advanced mode you can choose specific modules for upgrade.','en'),(2187,2187,'Please note that correct site operation after upgrade is not guaranteed if you select to not upgrade all. Use this at your own risk and if you know exactly what you are doing.','en'),(2188,2188,'Before installing a paid addon for this installation, you need to <a href=\"#\" class=\"open-license-key-form\">activate your X-Cart license.</a>','en'),(2189,2189,'Use the form below to provide your license information.','en'),(2190,2190,'Activate your X-Cart installation','en'),(2191,2191,'Activate your X-Cart installation first','en'),(2192,2192,'Activate key','en'),(2193,2193,'Vendor','en'),(2194,2194,'All','en'),(2195,2195,'Paid','en'),(2196,2196,'Free','en'),(2197,2197,'Catalog Management','en'),(2198,2198,'Search and Naviagation','en'),(2199,2199,'I confirm that I have <strong>created backups</strong> of my store\'s files and database before upgrading the store','en'),(2200,2200,'Secure credit card payment','en'),(2201,2201,'Card type','en'),(2202,2202,'Chose credit card type','en'),(2203,2203,'Choose card type','en'),(2204,2204,'Card number','en'),(2205,2205,'MONTH','en'),(2206,2206,'VALID THRU','en'),(2207,2207,'YEAR','en'),(2208,2208,'Security code','en'),(2209,2209,'Last three numbers on the back side of your card','en'),(2210,2210,'Four-digit number on the front side of your card','en'),(2211,2211,'Credit card security code (if present)','en'),(2212,2212,'Countries information has been successfully updated','en'),(2213,2213,'Please select the countries first','en'),(2214,2214,'This payment method is <strong>Active</strong>.','en'),(2215,2215,'This payment method is <strong>Inactive</strong>.','en'),(2216,2216,'Active','en'),(2217,2217,'Inactive','en'),(2218,2218,'Learn More','en'),(2219,2219,'Sign Up','en'),(2220,2220,'<!--[if (gte mso 9)|(IE)]><table align=\"center\" border=\"0\" cellspacing=\"0\" cellpadding=\"0\" dir=\"ltr\" width=\"640\">  <tr>    <td align=\"center\" valign=\"top\" width=\"440\"><![endif]--><table align=\"left\" border=\"0\" cellpadding=\"10\" cellspacing=\"0\" width=\"100%\" id=\"emailPreview\">  <tr>    <td align=\"center\" valign=\"top\" id=\"logoContent\">      <h1 id=\"logo\" style=\"max-width:300px;\">%logo%</h1>    </td>  </tr></table><!--[if (gte mso 9)|(IE)]>    </td>    <td align=\"center\" valign=\"top\" width=\"200\"><![endif]--><table align=\"right\" border=\"0\" cellpadding=\"10\" cellspacing=\"0\" width=\"100%\" id=\"emailLogo\">  <tr>    <td align=\"left\" valign=\"top\" id=\"previewContent\">      <div class=\"company-info\" style=\"font-size: 14px; font-weight: lighter; color: #787e81; text-align: right;\" align=\"right\">%company_name%<br /> Phone: %company_phone%<br /> Fax: %company_fax%</div>    </td>  </tr></table><!--[if (gte mso 9)|(IE)]>     </td>    </tr>  </table><![endif]-->','en'),(2221,2221,'<p>Thank you for using our services<br/>%company_link%</p>','en'),(2222,2222,'<!--[if (gte mso 9)|(IE)]><table align=\"center\" border=\"0\" cellspacing=\"0\" cellpadding=\"0\" dir=\"ltr\" width=\"640\">  <tr>    <td align=\"center\" valign=\"top\" width=\"440\"><![endif]--><table align=\"left\" border=\"0\" cellpadding=\"10\" cellspacing=\"0\" width=\"100%\" id=\"emailPreview\">  <tr>    <td align=\"center\" valign=\"top\" id=\"logoContent\">      <h1 id=\"logo\" style=\"max-width:300px;\">%logo%</h1>    </td>  </tr></table><!--[if (gte mso 9)|(IE)]>    </td>    <td align=\"center\" valign=\"top\" width=\"200\"><![endif]--><table align=\"right\" border=\"0\" cellpadding=\"10\" cellspacing=\"0\" width=\"100%\" id=\"emailLogo\">  <tr>    <td align=\"left\" valign=\"top\" id=\"previewContent\">      <div class=\"company-info\" style=\"font-size: 14px; font-weight: lighter; color: #787e81; text-align: right;\" align=\"right\">%company_name%<br /> Phone: %company_phone%<br /> Fax: %company_fax%</div>    </td>  </tr></table><!--[if (gte mso 9)|(IE)]>     </td>    </tr>  </table><![endif]-->','en'),(2223,2223,'<p>Thank you for using our services<br/>%company_link%</p>','en'),(2224,2224,'Email notifications','en'),(2225,2225,'Headers & signatures','en'),(2226,2226,'Enabled for administrator','en'),(2227,2227,'Enabled for customer','en'),(2228,2228,'Customer header','en'),(2229,2229,'Customer signature','en'),(2230,2230,'Administrator header','en'),(2231,2231,'Administrator signature','en'),(2232,2232,'Customer subject','en'),(2233,2233,'Customer text','en'),(2234,2234,'Administrator subject','en'),(2235,2235,'Administrator text','en'),(2236,2236,'This page allows you to adjust the types of email notifications your store sends to users. Use the On/Off widget to enable/disable specific notifications. Click on the name of a notification to edit the notification text.','en'),(2237,2237,'On this page you can edit the header and signature used by all the email notifications sent by your store (separately for admin and customer users).','en'),(2238,2238,'Notification','en'),(2239,2239,'Back to notifications list','en'),(2240,2240,'On','en'),(2241,2241,'Off','en'),(2242,2242,'The Free license key cannot be activated as it is impossible to get information about the available addons from the Marketplace at the moment. Please try again later.','en'),(2243,2243,'No promotion modules installed','en'),(2244,2244,'Sorting & Descriptions','en'),(2245,2245,'Payment method is enabled','en'),(2246,2246,'Payment method is disabled','en'),(2247,2247,'You should confirm that you have created a backup before upgrading the store.','en'),(2248,2248,'Upgrade note','en'),(2249,2249,'The following modules currently do not have a version compatible with the X-Cart version to which you are upgrading. If you want to keep using these modules after the upgrade, use the \"Request for upgrade\" button to send a request to the module developers so they provide an updated version for their module and make it available via the X-Cart\'s Marketplace. Once the updated module versions are available, you should be able to complete upgrading your store without losing any of the features you currently use.','en'),(2250,2250,'{{count}} module will be disabled','en'),(2251,2251,'{{count}} modules will be disabled','en'),(2252,2252,'{{count}} module will be upgraded','en'),(2253,2253,'{{count}} modules will be upgraded','en'),(2254,2254,'Request for upgrade','en'),(2255,2255,'Your request has been sent successfully','en'),(2256,2256,'An error occurred while sending the request','en'),(2257,2257,'view list','en'),(2258,2258,'hide list','en'),(2259,2259,'Your version ({{version}}) can be upgraded to','en'),(2260,2260,'Imported','en'),(2261,2261,'Importing data...','en'),(2262,2262,'Verified','en'),(2263,2263,'Verifying data before importing...','en'),(2264,2264,'Products processed','en'),(2265,2265,'Processing products...','en'),(2266,2266,'Images resized','en'),(2267,2267,'Resizing images...','en'),(2268,2268,'Generate resized images','en'),(2269,2269,'Clicking the \"Generate resized images\" button launches the image resizing routine to generate copies of existing images in all the sizes needed to display the images in your store\'s customer area. Having a separate image file in each of the sizes provides a way to speed up your site\'s performance by reducing page load times for pages containing graphics.','en'),(2270,2270,'The generation of resized images has been completed successfully.','en'),(2271,2271,'The generation of resized images has been stopped.','en'),(2272,2272,'The image resizing process may take a while to complete. Please do not close this page until the process is fully completed. If the page has been closed, please re-open it to complete the process (The image resizing routine is executed only while the page stays open). If the process takes long enough, we will send you a notification when it is completed.','en'),(2273,2273,'Notification headers and signatures can be set using variables. A list of supported variables and their respective values is provided in the table below','en'),(2274,2274,'Developers docs','en'),(2275,2275,'The following selected modules cannot be disabled or uninstalled as they have dependent modules: {{list}}','en'),(2276,2276,'The following selected modules cannot be enabled as they depend on disabled modules which cannot be enabled: {{list}}','en'),(2277,2277,'Please note that the following modules will also be enabled:','en'),(2278,2278,'New account','en'),(2279,2279,'Products processed: {{count}}','en'),(2280,2280,'Images resized: {{count}}','en'),(2281,2281,'Orders list','en'),(2282,2282,'Coming soon','en'),(2283,2283,'View storefront','en'),(2284,2284,'Payment is not required','en'),(2285,2285,'Zoom image','en'),(2286,2286,'CSV delimiter','en'),(2287,2287,'Module Marketplace. Terms of use','en'),(2288,2288,'Import/Export guide','en'),(2289,2289,'Yes, I agree with License agreements','en'),(2290,2290,'The system has detected that some updates are available for enabled modules. It is strongly recommended to have all the enabled modules updated to the latest version for better compatibility before installing new ones from the Marketplace.','en'),(2291,2291,'Action','en'),(2292,2292,'Will be updated if core update is selected','en'),(2293,2293,'Options:','en'),(2294,2294,'RSS feed','en'),(2295,2295,'Will be deleted:','en'),(2296,2296,'Are you sure you want to uninstall the selected add-ons?','en'),(2297,2297,'Module page','en'),(2298,2298,'Add to bag','en'),(2299,2299,'New access codes were generated.','en'),(2300,2300,'show list','en'),(2301,2301,'All statuses','en'),(2302,2302,'Product attribute values have been imported','en'),(2303,2303,'No items found','en'),(2304,2304,'No model selected','en'),(2305,2305,'Profile is not selected','en'),(2306,2306,'SKU is not selected','en'),(2307,2307,'Status is not defined','en'),(2308,2308,'All user types','en'),(2309,2309,'Advanced Order Management','en'),(2310,2310,'Public ID','en'),(2311,2311,'Public id','en'),(2312,2312,'Method name','en'),(2313,2313,'Tracking number','en'),(2314,2314,'The common notification fields have been updated','en'),(2315,2315,'The notification has been updated','en'),(2316,2316,'The product has been added','en'),(2317,2317,'Add-on does not exist.','en'),(2318,2318,'Transaction','en'),(2319,2319,'Log files not found','en'),(2320,2320,'Payment method settings','en'),(2321,2321,'Recently installed modules','en'),(2322,2322,'Login dates','en'),(2323,2323,'File is not an image','en'),(2324,2324,'File is not uploaded','en'),(2325,2325,'Create label','en'),(2326,2326,'Product information has been deleted successfully','en'),(2327,2327,'Import language','en'),(2328,2328,'License: trial version','en'),(2329,2329,'Installation date','en'),(2330,2330,'Order failed','en'),(2331,2331,'Delete account','en'),(2332,2332,'Administrator account cannot be deleted via customer interface.','en'),(2333,2333,'X-Cart license key has been successfully verified and activated.','en'),(2334,2334,'X-Cart license key has been activated. However, this key is expired and does not allow getting upgrade packs from the Marketplace.','en'),(2335,2335,'The license key for the module \"name\" by \"author\" has been successfully verified and activated. However, this key is expired and does not allow getting module upgrade packs from the Marketplace.','en'),(2336,2336,'Expired license keys have been found that do not allow to proceed:','en'),(2337,2337,'License key','en'),(2338,2338,'Exp. date','en'),(2339,2339,'Prolongate license','en'),(2340,2340,'Prolongate all licenses','en'),(2341,2341,'Re-validate license keys','en'),(2342,2342,'Wrong format: Field contains unallowed characters','en'),(2343,2343,'The Clean URL entered above is already <a href=\"{{entityURL}}\" target=\"_blank\">in use</a>.','en'),(2344,2344,'The clean URL will be generated automatically.','en'),(2345,2345,'Result','en'),(2346,2346,'Change the Clean URL value for this page (enter a different Clean URL value manually or use the <b>Autogenerate Clean URL</b> feature).','en'),(2347,2347,'Enable the <b>Force Clean URL</b> option to unassign the Clean URL from the page it is currently used for and apply it to this page.','en'),(2348,2348,'Resolve the conflict','en'),(2349,2349,'Force Clean URL','en'),(2350,2350,'Human readable and SEO friendly web address for the page.','en'),(2351,2351,'This feature is available only for paid (non-free) <a href=\"{{pricingUrl}}\" target=\"_blank\">X-Cart license plans</a>.','en'),(2352,2352,'In this section you can review the recent payment transactions that have taken place at your store, both successful and failed. You can easily identify orders with payment problems and increase your sales by following up on abandoned carts.','en'),(2353,2353,'Hash file for installed entry \"{{entry}}\" doesn\'t exist or is not readable','en'),(2354,2354,'Sale statistics','en'),(2355,2355,'Yesterday','en'),(2356,2356,'Last week','en'),(2357,2357,'Low stock info','en'),(2358,2358,'Last year','en'),(2359,2359,'Security issue','en'),(2360,2360,'New modules','en'),(2361,2361,'View more addons in Marketplace','en'),(2362,2362,'Upgrade access level has been successfully assigned to your license keys','en'),(2363,2363,'<ul><li><b>Developer</b> level assumes the earliest access to upgrade, but the build can be unstable.</li><li><b>Merchant</b> level assumes the latest access to upgrade, but the build will be the most stable.</li></ul>','en'),(2364,2364,'Could not assign upgrade access level to your license keys','en'),(2365,2365,'There are no activated license keys','en'),(2366,2366,'Upgrade access level cannot be changed for default free license','en'),(2367,2367,'An error occurred, please try again. If the problem persists, contact the administrator.','en'),(2368,2368,'An error occurred, please try again. If the problem persists, contact the administrator.<ul><li>{{txnNote}}</li></ul>','en'),(2369,2369,'Cache management','en'),(2370,2370,'Re-deploy the store','en'),(2371,2371,'Use this button to launch the store re-deployment process. Re-deployment may take a while to complete. Please do not close this page until the process is fully completed. If the page has been closed, please re-open it to complete the process (The store re-deployment is executed only while the page stays open). If the process takes long enough, we will send you a notification when it is completed.','en'),(2372,2372,'Calculate quick data','en'),(2373,2373,'Use this button to launch quick data calculation. Calculated quick data enhances your store\'s performance by allowing quick product sorting. The process of quick data calculation may take a while to complete. Please do not close this page until the process is fully completed. If the page has been closed, please re-open it to complete the process (The calculation is performed only while the page stays open). If the process takes long enough, we will send you a notification when it is completed.','en'),(2374,2374,'About {{time}} remaining','en'),(2375,2375,'Calculating quick data...','en'),(2376,2376,'The process of quick data calculation may take a while to complete. Please do not close this page until the process is fully completed. If the page has been closed, please re-open it to complete the process (The calculation is performed only while the page stays open). If the process takes long enough, we will send you a notification when it is completed.','en'),(2377,2377,'The calculation of quick data has been completed successfully.','en'),(2378,2378,'The calculation of quick data has been stopped.','en'),(2379,2379,'Find transactions <b>by ID</b>','en'),(2380,2380,'Search for transactions <b>by date</b>','en'),(2381,2381,'Filter transactions <b>by status</b>','en'),(2382,2382,'Choose the right plan','en'),(2383,2383,'Buy Business Edition','en'),(2384,2384,'unavailable','en'),(2385,2385,'{{count}} modules have been selected','en'),(2386,2386,'This tool allows you to get rid of any content that might have been created in your store for testing purposes and which you no longer need. To use the tool, mark for deletion the types of content data you want to be removed, then click the <strong>Save Changes</strong> button. Removal of content data will not affect the store','en'),(2387,2387,'<strong>Warning!</strong> The selected types of content data will be deleted permanently. We strongly recommend you back up your store before you proceed.<br />Please enter the administrator password to confirm you understand the consequences of your choice.','en'),(2388,2388,'Incorrect password. Please try again.','en'),(2389,2389,'Confirmation','en'),(2390,2390,'Leave blank to use product name as Page Title.','en'),(2391,2391,'This page is intended for the creation and management of discount coupons. Different types of coupons are supported, including <strong>$ off, % off and free shipping</strong>. For each coupon the following information can be specified:','en'),(2392,2392,'the <strong>dates</strong> the coupon should be valid for;','en'),(2393,2393,'the <strong>order subtotal range</strong> for which the coupon can be used;','en'),(2394,2394,'the <strong>categories and product classes</strong> to which the coupon may be applied;','en'),(2395,2395,'whether the coupon may be used by everyone or only by users with <strong>specific memberships</strong>.','en'),(2396,2396,'This page is intended for the management of volume discounts based on the order subtotal.','en'),(2397,2397,'Set <strong>absolute or %-based</strong> discount rates;','en'),(2398,2398,'Make a discount available to <strong>all customers</strong> or only to specific <strong>membership levels</strong>;','en'),(2399,2399,'Set a single discount or add <strong>multiple volume discounts</strong>.','en'),(2400,2400,'The system has been restored to the selected snapshot of {{date}}','en'),(2401,2401,'The system has failed to restore because there was no snapshot of {{date}}','en'),(2402,2402,'Leave blank to use category name as Page Title.','en'),(2403,2403,'Current template','en'),(2404,2404,'Standard','en'),(2405,2405,'Layout type','en'),(2406,2406,'Edit custom options','en'),(2407,2407,'Visit the template store','en'),(2408,2408,'Activate purchased skin','en'),(2409,2409,'If you purchased a template but do not see it here, activate the license key that was provided to you.','en'),(2410,2410,'Choose a new template','en'),(2411,2411,'<strong>Need custom design?</strong> We can modify this template or create a completely unique design for you','en'),(2412,2412,'FREE quote','en'),(2413,2413,'Layout has been changed. <a href=\"{{storefront}}\" target=\"_blank\">Review the updated storefront</a>.','en'),(2414,2414,'To make your changes visible in the customer area, cache rebuild is required. It will take several seconds. You don’t need to close the storefront, the operation is executed in the background.','en'),(2415,2415,'Product details image','en'),(2416,2416,'Products list image (<span class=\"preview\" data-img=\"preview_grid.png\">grid view</span>)','en'),(2417,2417,'Products list image (<span class=\"preview\" data-img=\"preview_list.png\">list view</span>)','en'),(2418,2418,'Category image','en'),(2419,2419,'There are unsaved changes on the page. If you choose to continue, these changes will be lost. Do you want to proceed?','en'),(2420,2420,'X-Cart found some issues with installed SSL certificate. You can get more information using this service: <a href=\'{{url}}\'>{{url}}</a>','en'),(2421,2421,'The secure protocol is enabled for your website. But X-Cart hasn\'t found the valid SSL certificate on your server.','en'),(2422,2422,'How do I move X-Cart?','en'),(2423,2423,'No region','en'),(2424,2424,'Check for available free disk space has failed','en'),(2425,2425,'You should check available free disk space yourself before continuing upgrade','en'),(2426,2426,'You should check available free disk space yourself before continuing installation','en'),(2427,2427,'Payment method has been added','en'),(2428,2428,'Payment method was not added','en'),(2429,2429,'Installation warnings','en'),(2430,2430,'You can get more information using this service: <a href=\"{{url}}\">{{url}}</a>','en'),(2431,2431,'X-Cart could not find a valid SSL certificate on your server. Although you can switch the store to use the secure protocol for the website pages, most Internet browsers will likely display a warning message scaring your website visitors away.','en'),(2432,2432,'X-Cart could not find a valid SSL certificate on your server.','en'),(2433,2433,'Before enabling HTTPS protocol read this article: <a href=\"{{articleUrl}}\">Inaccessible Admin area after enabling HTTPS</a>','en'),(2434,2434,'<a href=\"http://www.avalara.com\" target=\"_blank\">Avalara</a>, a leader in US sales tax automation, provides a solution that can make your life easier by providing accurate and up-to-date tax rates for products you sell.','en'),(2435,2435,'New to Avalara? <a href=\"http://www.avalara.com/integrations/x-cart/\" target=\"_blank\">Sign up here!</a>','en'),(2436,2436,'Existing Avalara user? Enable and configure AvaTax <a href=\"{{moduleSettings}}\">here</a>','en'),(2437,2437,'If AustraliaPost returns shipping methods that do not exist in the available methods list, these methods will be created in the list automatically. You can specify whether these methods should be created as enabled and available to customers right away, or should be hidden from customers until you manually enable them on <a href=\"{{URL}}\">the shipping methods list page</a>.','en'),(2438,2438,'Package dimensions (cm)','en'),(2439,2439,'This option enables logging of all communication between the shopping cart and AustraliaPost server','en'),(2440,2440,'Before you can start configuring the Australia Post module, you must receive the available options for the configuration settings from Australia Post. Please click the button below.','en'),(2441,2441,'The option values have been successfully updated.','en'),(2442,2442,'Test Australia Post rates calculation','en'),(2443,2443,'AustraliaPost settings','en'),(2444,2444,'API Login ID','en'),(2445,2445,'Transaction key','en'),(2446,2446,'Sales','en'),(2447,2447,'By Sales - 0-9','en'),(2448,2448,'By Sales - 9-0','en'),(2449,2449,'This field is required.','en'),(2450,2450,'Please enter the correct code','en'),(2451,2451,'The message has been sent','en'),(2452,2452,'Your Message','en'),(2453,2453,'The length of the {{name}} field must be greater than {{min}}','en'),(2454,2454,'The length of the {{name}} field must be less than {{max}}','en'),(2455,2455,'Have more coupons?','en'),(2456,2456,'Applied discount coupon','en'),(2457,2457,'{{count}} coupon(s) removed','en'),(2458,2458,'{{count}} coupon(s) created','en'),(2459,2459,'The code \"{{code}}\" is already used for another coupon. Please choose a different code.','en'),(2460,2460,'Invalid coupon code, please check the spelling: \"{{code}}\"','en'),(2461,2461,'The coupon has already been used','en'),(2462,2462,'The coupon has been applied to your order','en'),(2463,2463,'Coupon discount','en'),(2464,2464,'Period start date must be earlier than period end date','en'),(2465,2465,'Period end date must be later than period start date','en'),(2466,2466,'Minimum order subtotal must be less than maximum order subtotal','en'),(2467,2467,'Maximum order subtotal must be greater than minimum order subtotal','en'),(2468,2468,'Discount must be less than 100%','en'),(2469,2469,'Coupon added','en'),(2470,2470,'Coupon updated','en'),(2471,2471,'Limit number of uses','en'),(2472,2472,'Maximum number of uses','en'),(2473,2473,'This coupon can be applied only to orders with a subtotal amount between {{min}} and {{max}}','en'),(2474,2474,'This coupon can be applied only to orders with a subtotal amount of at least {{min}}','en'),(2475,2475,'This coupon can be applied only to orders with a subtotal amount not exceeding {{max}}','en'),(2476,2476,'Date when customers can start using the coupon','en'),(2477,2477,'Date when the coupon expires','en'),(2478,2478,'Minimum order subtotal to which the coupon can be applied','en'),(2479,2479,'Maximum order subtotal to which the coupon can be applied','en'),(2480,2480,'Coupon discount can be limited to these product classes','en'),(2481,2481,'Coupon discount can be limited to customers with these membership levels','en'),(2482,2482,'This comment is visible to shop administrators only','en'),(2483,2483,'Add new coupon','en'),(2484,2484,'Enter code','en'),(2485,2485,'Coupon','en'),(2486,2486,'Redeem','en'),(2487,2487,'{{currency}} off','en'),(2488,2488,'Removed coupons','en'),(2489,2489,'Added coupons','en'),(2490,2490,'Add coupon','en'),(2491,2491,'This coupon cannot be combined with other coupons','en'),(2492,2492,'Sorry, this coupon cannot be combined with the coupon already applied. Revome the previously applied coupon and try again.','en'),(2493,2493,'Coupon cannot be combined with other coupons','en'),(2494,2494,'If you want the coupon discount to be applied only to products from specific categories, specify these categories here.','en'),(2495,2495,'Add featured products for the front page','en'),(2496,2496,'Featured','en'),(2497,2497,'FedEx module allows you to use online shipping rates calculation via FedEx.','en'),(2498,2498,'Test FedEx rates calculation','en'),(2499,2499,'FedEx settings','en'),(2500,2500,'FedEx authentication key','en'),(2501,2501,'FedEx authentication password','en'),(2502,2502,'FedEx account number','en'),(2503,2503,'FedEx meter number','en'),(2504,2504,'Enable debugging','en'),(2505,2505,'Carrier type(s)','en'),(2506,2506,'FedEx Express (FDXE)','en'),(2507,2507,'FedEx Ground (FDXG)','en'),(2508,2508,'FedEx SmartPost (FXSP)','en'),(2509,2509,'Dropoff type','en'),(2510,2510,'Ship date (days)','en'),(2511,2511,'Currency code','en'),(2512,2512,'If the currency specified above differs from the currency the store uses for payments, specify a conversion rate to convert the shipping cost returned by FedEx into your store\'s currency. If the currencies are the same, leave this set to 1.','en'),(2513,2513,'Special services','en'),(2514,2514,'Dangerous Goods/Accessibility','en'),(2515,2515,'Signature option','en'),(2516,2516,'COD is enabled','en'),(2517,2517,'COD is disabled','en'),(2518,2518,'C.O.D. type','en'),(2519,2519,'Advanced option','en'),(2520,2520,'Shipment is scheduled for Saturday pickup (the option will be used if ship date is Saturday)','en'),(2521,2521,'Shipment is from a residential address','en'),(2522,2522,'Send package cost to calculate insurance','en'),(2523,2523,'FedEx Settings','en'),(2524,2524,'Advanced statistics with Google Analytics','en'),(2525,2525,'Configure the Google Analytics module to view the advanced statistics','en'),(2526,2526,'A single domain','en'),(2527,2527,'One domain with multiple subdomains','en'),(2528,2528,'Multiple top-level domains','en'),(2529,2529,'Traditional','en'),(2530,2530,'Universal Analytics','en'),(2531,2531,'Tweet','en'),(2532,2532,'These Open Graph meta tags were generated automatically based on general product information.','en'),(2533,2533,'Pin It','en'),(2534,2534,'<strong>Skrill Quick Checkout</strong> enables you to take <strong>direct</strong> payment from credit cards, debit cards and over 60 other local payment options in over 200 countries as well as the Skrill eWallet. The highly competitive rates for this service are published on the Skrill website at <a href=\"http://www.skrill.com/app/help.pl?s=m_fees\">www.skrill.com</a>','en'),(2535,2535,'To have access to the International payment network of Skrill, please register <a href=\"{{url}}\">here</a> for a free account if you don\'t already have one.','en'),(2536,2536,'To process your customers\' payments with Skrill, you need a Skrill account. If you do not have one yet, you can sign up for free at <a href=\"http://www.skrill.com/ads/partners/index.html?p=X-cart\">http://www.skrill.com</a>','en'),(2537,2537,'Your activation request was sent on {{date}}. Please be aware that the verification process to use Skrill Quick Checkout could take up to 72 hours. You will be contacted by Skrill once the verification process has been completed. After activation, Skrill will give you access to a new section in your Skrill Account called Merchant Tools. Please set your secret word in the Merchant Tools (do NOT use your password for this) and also enter it in the section below to connect to Skrill. The secret word is the last step of your activation process; it is needed to encrypt your payments securely. After successful submission you will be ready to use all the direct payment options of Skrill.','en'),(2538,2538,'Contact Skrill at <a href=\"mailto:ecommerce@skrill.com\">ecommerce@skrill.com</a> or by phone +44 (0) 870 383 0762','en'),(2539,2539,'Email address of your Skrill account','en'),(2540,2540,'Skrill Customer ID','en'),(2541,2541,'Secret Word','en'),(2542,2542,'You can set an order id prefix that will be added to each order number in your shop to make it unique (each transaction id must be unique for a Skrill account)','en'),(2543,2543,'This option is relevant only if you share your Skrill account with other online shops.','en'),(2544,2544,'Do you have questions?','en'),(2545,2545,'Skrill settings','en'),(2546,2546,'PayPal ID / Email','en'),(2547,2547,'Enter the email address associated with your PayPal account.','en'),(2548,2548,'Enter a description of the purchase that will be displayed on the PayPal payment page.','en'),(2549,2549,'You can set an order id prefix that will be added to each order number in your shop to make it unique (each transaction id must be unique for a PayPal account). This option is relevant only if you share your PayPal account with other online shops','en'),(2550,2550,'Your account settings','en'),(2551,2551,'Partner name','en'),(2552,2552,'Your partner name is PayPal','en'),(2553,2553,'Merchant login','en'),(2554,2554,'This is the login name you created when you signed up for PayPal Payments Advanced.','en'),(2555,2555,'PayPal recommends entering a User Login here instead of your Merchant Login. You can set up a User profile in <a href=\"https://manager.paypal.com\">PayPal Manager</a>. This will enhance security and prevent service interruption should you change your Merchant Login password.','en'),(2556,2556,'This is the password you created when you signed up for PayPal Payments Advanced or the password you created for API calls.','en'),(2557,2557,'Additional settings','en'),(2558,2558,'Auth and Capture','en'),(2559,2559,'Auth only','en'),(2560,2560,'This should be the partner name you use when logging into your PayPal Payflow account.','en'),(2561,2561,'This is the login name you created when you signed up for Payflow.','en'),(2562,2562,'This is the password you created when you signed up for PayPal Payflow or the password you created for API calls.','en'),(2563,2563,'IPN verification failed','en'),(2564,2564,'IPN HTTP error','en'),(2565,2565,'Order id prefix','en'),(2566,2566,'Email address to receive PayPal payment','en'),(2567,2567,'Start accepting Express Checkout payments immediately by simply plugging in the email address where you would like to receive payments. You can create your PayPal account later after you have received a real transaction from your customers!','en'),(2568,2568,'API credentials for payments and post-checkout operations','en'),(2569,2569,'Can be set up later','en'),(2570,2570,'Your PayPal Publisher ID is: {{publisherId}}','en'),(2571,2571,'Paypal API solution','en'),(2572,2572,'Paypal API','en'),(2573,2573,'Payflow API','en'),(2574,2574,'API access username','en'),(2575,2575,'API access password','en'),(2576,2576,'Use PayPal authentication method','en'),(2577,2577,'API signature','en'),(2578,2578,'API certificate filename','en'),(2579,2579,'API certificate','en'),(2580,2580,'Display the \"Buy Now with PayPal\" button','en'),(2581,2581,'This setting determines whether or not the \"Buy Now with PayPal\" button should be displayed on product list pages (in list view) and product details pages.','en'),(2582,2582,'<b>PayPal Express Checkout</b> is configured to work in SandBox mode for the email <b>{{email}}</b>.<br />To use it in Live mode, click the Launch PayPal button below. You will be taken to the PayPal payment method configuration page where you will be able to specify the appropriate configuration settings.','en'),(2583,2583,'Launch PayPal','en'),(2584,2584,'PayPal Credit is','en'),(2585,2585,'I agree with PayPal terms & conditions','en'),(2586,2586,'PayPal account e-mail','en'),(2587,2587,'Banner on Home page','en'),(2588,2588,'Banner on Category pages','en'),(2589,2589,'Banner on Product details pages','en'),(2590,2590,'Banner on Cart page','en'),(2591,2591,'Show above products','en'),(2592,2592,'Show below products','en'),(2593,2593,'Near \"Add to cart\" button','en'),(2594,2594,'Near \"Checkout\" button','en'),(2595,2595,'PayPal API (Merchant API) will work for most merchants; however, some merchants may have access only to Payflow API. If you are sure you need to use Payflow API, select the respective value from this field.<br />Your choice of API solution in this field determines the type of API credentials that you will be able to enter in the fields below.','en'),(2596,2596,'Payment has been refunded successfully','en'),(2597,2597,'Payment has been voided successfully','en'),(2598,2598,'Payment has been captured successfully','en'),(2599,2599,'Your API credentials have been successfully obtained from your PayPal account and saved for use by your X-Cart store.','en'),(2600,2600,'Unfortunately, your API credentials could not be obtained from your PayPal account automatically. Please request your API credentials in your PayPal account and submit them here manually.','en'),(2601,2601,'Don\'t have an account yet?','en'),(2602,2602,'Sign Up Now','en'),(2603,2603,'Register with {{paypal}} <br /> or go to checkout as a New customer','en'),(2604,2604,'Or sign in the classic way','en'),(2605,2605,'Or register with','en'),(2606,2606,'Register with','en'),(2607,2607,'or go to checkout as a New customer','en'),(2608,2608,'Or use your social account','en'),(2609,2609,'Use existing account from','en'),(2610,2610,'PayPal','en'),(2611,2611,'Use existing PayPal account','en'),(2612,2612,'All newest products','en'),(2613,2613,'All upcoming products','en'),(2614,2614,'Coming soon','en'),(2615,2615,'Customers who bought this product also bought','en'),(2616,2616,'Customers who viewed this product bought','en'),(2617,2617,'Date: newest first','en'),(2618,2618,'Date: oldest first','en'),(2619,2619,'New arrivals','en'),(2620,2620,'New!','en'),(2621,2621,'Recently viewed','en'),(2622,2622,'This product will be shown in New arrivals','en'),(2623,2623,'This product will be shown in the Coming soon section','en'),(2624,2624,'expected on','en'),(2625,2625,'Coming soon...','en'),(2626,2626,'Customers who bought this product also bought (Product Advisor module)','en'),(2627,2627,'MD5 hash value','en'),(2628,2628,'Use of Restriction key must be disabled in your Quantum Gateway merchant center account at all times. Please log in to your account, go to the Processing Settings section and make sure the setting \"Use restriction key\" is disabled.','en'),(2629,2629,'Include response in hash','en'),(2630,2630,'This value must be set in exactly the same way as it is set on the payment gateway end.','en'),(2631,2631,'Put up for sale','en'),(2632,2632,'Cancel sale','en'),(2633,2633,'Address for sales tax calculation','en'),(2634,2634,'Click here to specify tax rates that will apply only to shipping charges','en'),(2635,2635,'Discounted subtotal','en'),(2636,2636,'Discounted subtotal + Shipping cost','en'),(2637,2637,'General tax rates','en'),(2638,2638,'Individual settings for every rate','en'),(2639,2639,'New rate','en'),(2640,2640,'Subtotal + Shipping cost','en'),(2641,2641,'Tax rate has been deleted successfully','en'),(2642,2642,'Tax rate has not been deleted','en'),(2643,2643,'Taxable base','en'),(2644,2644,'Tax rates for shipping charges have not yet been created.','en'),(2645,2645,'Tax rates have not yet been created.','en'),(2646,2646,'Tax rates on shipping cost','en'),(2647,2647,'Use the same tax rates for all user membership levels','en'),(2648,2633,'Адрес для расчета налога с продаж','ru'),(2649,2634,'Нажмите здесь, чтобы задать ставки налогов на стоимость доставки','ru'),(2650,2635,'Сумма заказа с учетом скидки','ru'),(2651,2636,'Сумма заказа с учетом скидки + стоимость доставки','ru'),(2652,2637,'Основные ставки налогов','ru'),(2653,2638,'Индивидуальные настройки для каждой ставки налога','ru'),(2654,2639,'Новая ставка','ru'),(2655,2640,'Сумма заказа + стоимость доставки','ru'),(2656,2641,'Сумма налога успешно удалена','ru'),(2657,2642,'Сумма налога не удалена','ru'),(2658,2643,'Налогооблагаемая база','ru'),(2659,2644,'Ставки налога на стоимость доставки пока не созданы.','ru'),(2660,2645,'Ставки налога пока не созданы.','ru'),(2661,2646,'Ставки налогов на стоимость доставки','ru'),(2662,2647,'Использовать одни и те же ставки налога для всех групп покупателей','ru'),(2663,1082,'Налог с продаж','ru'),(2664,2648,'Contact us','en'),(2665,2649,'Logo','en'),(2666,2650,'Shipping','en'),(2667,2651,'If you want to add an external link, you should specify it with the <strong>http://</strong> prefix, e.g. <strong>http://www.example.com/</strong>.<br /><br />If you want to add a link to a page within your store (e.g. the checkout page), you can specify it as <strong>cart.php?target=checkout</strong> (relative path) or as <strong>{{URL}}cart.php?target=checkout</strong> (absolute path).<br /><br />Also the \'{home}\' shortcut value will lead to Home page','en'),(2668,2652,'Failed to update the page image','en'),(2669,2653,'Visible for','en'),(2670,2654,'The menu has been updated','en'),(2671,2655,'The menu has been added','en'),(2672,2656,'The page has been updated','en'),(2673,2657,'Any visitors','en'),(2674,2658,'Anonymous users only','en'),(2675,2659,'Logged in users only','en'),(2676,2660,'Save & Close','en'),(2677,2661,'Logo & Favicon','en'),(2678,2662,'Terms and conditions','en'),(2679,2663,'Open graph image','en'),(2680,2664,'The \"{{file}}\" file is not allowed image and was not uploaded. Allowed images are: {{extensions}}','en'),(2681,2665,'2Checkout.com account number','en'),(2682,2666,'Order prefix','en'),(2683,2667,'Pricing currency','en'),(2684,2668,'To set up the integration, go to the ','en'),(2685,2669,'\"Site management\"','en'),(2686,2670,' page on the 2Checkout site and make sure of the following:','en'),(2687,2671,'The \"Pricing currency\" value here in X-Cart must be exactly the same as on 2Checkout\'s Site management page.','en'),(2688,2672,'The \"Approved URL\" value on 2Checkout\'s Site management page must be set to this','en'),(2689,2673,'The role has been updated','en'),(2690,2674,'The role has been added','en'),(2691,2675,'U.S.P.S. settings','en'),(2692,2676,'Test U.S.P.S. rates calculation','en'),(2693,2677,'Authentication options','en'),(2694,2678,'User ID','en'),(2695,2679,'U.S.P.S. API server URL','en'),(2696,2680,'Common options','en'),(2697,2681,'Girth (inches)','en'),(2698,2682,'(required for large size and if the container is non-rectangular or variable)','en'),(2699,2683,'(specify rate X, where 1 USD = X in shop currency)','en'),(2700,2684,'The shipping cost is always returned in US Dollars. So if the store uses a different currency for payments, you need to specify','en'),(2701,2685,'a conversion rate to convert the shipping cost returned by the shipping service into your store\'s currency. If the same currency is used, leave this set to 1.','en'),(2702,2686,'Enter the URL provided to you by U.S.P.S. in the notification about your successful registration for the U. S. Postal Service\'s Web Tools Application Program Interfaces. For example: <ul><li>http://testing.shippingapis.com/ShippingAPITest.dll</li><li>http://production.shippingapis.com/ShippingAPI.dll</li></ul>','en'),(2703,2687,'Domestic U.S.P.S.','en'),(2704,2688,'Package Size (length + girth, inches)','en'),(2705,2689,'International U.S.P.S.','en'),(2706,2690,'First-Class mail type','en'),(2707,2691,'Mail type','en'),(2708,2692,'Get commercial base postage','en'),(2709,2693,'Global Express Guarantee (GXG)','en'),(2710,2694,'GXG destination is a post office box','en'),(2711,2695,'GXG package contains a gift','en'),(2712,2696,'Additional options','en'),(2713,2697,'Log all communication between shopping cart and USPS server','en'),(2714,2698,'Auto enable new USPS shipping methods','en'),(2715,2699,'If you are planning to allow your customers to use the COD payment method for orders shipped with USPS shipping methods, you can make the calculation of shipping costs faster by setting a fixed extra fee for using the COD payment method.<br /><br />If a fixed amount COD fee is not set on the store\'s end, it will be calculated on the USPS end, and to get information about the COD fee amount the store will need to send several requests to the USPS API (one for each USPS service type), which may take up to 14 seconds. When using a fixed amount COD fee, the store will only send a single request to the USPS API, which will take under one second.<br /><br />Using a <b>fixed amount COD fee</b> allows the store to calculate the shipping cost much faster and is the <b>recommended option</b>.','en'),(2716,2700,'If you have selected to use a fixed COD fee, specify the fee amount here. The COD fee will be used for all shipping methods returned by the USPS server.<br /><br />You can find the current price for the USPS Collect on Delivery (COD) extra service on this page: <a href=\"https://www.usps.com/business/add-extra-services.htm\" target=\"_blank\">https://www.usps.com/business/add-extra-services.htm</a>','en'),(2717,2701,'Pricing type to be used','en'),(2718,2702,'COD fee ($)','en'),(2719,2703,'Get {{X}} off for order amount over {{Y}}','en'),(2720,2704,'Could not add the discount because another discount already exists for the specified subtotal range and membership level','en'),(2721,2705,'Could not update the discount because another discount already exists for the specified subtotal range and membership level','en'),(2722,2706,'Cards that can be used for your future orders in this shop. No real credit card data was saved, only a special token on the side of the payment processor that can be used in this store only.','en'),(2723,2707,'These payment methods were imported from your X-Payments. You can add them to your store at the ','en'),(2724,2708,'page.','en'),(2725,2709,'Re-import payment methods','en'),(2726,2710,'Import payment methods','en'),(2727,2711,'Click the button below to re-import payment methods from X-Payments.','en'),(2728,2712,'To be able to use the payment methods defined in X-Payments, you should import information about them from X-Payments. Click the button below, and X-Payments will return a list of payment methods available for this shopping cart.','en'),(2729,2713,'Request payment methods','en'),(2730,2714,'X-Payments returned the following payment methods for your shopping cart:','en'),(2731,2715,'X-Payments configuration ID','en'),(2732,2716,'Replace payment methods','en'),(2733,2717,'Cancel import and keep current payment methods','en'),(2734,2718,'X-Cart automatically checks the connection to X-Payments after the settings are saved.<br/> If the module is configured properly, a \"Test transaction completed successfully\" message is displayed at the top of the page.','en'),(2735,2719,'Once the connection is verified, you should proceed to the','en'),(2736,2720,'section.','en'),(2737,2721,'Use X-Payments configuration bundle','en'),(2738,2722,'Copy the value of the Configuration field from X-Payments Online Store Details page, paste the string here and click <b>Deploy</b>.<br/> All the connection settings will be specified automatically.','en'),(2739,2723,'Or fill in the settings manually','en'),(2740,2724,'Specify the URL of your X-Payments installation. <br/>Copy and paste the <b>Store ID</b>, <b>Public key</b>, <b>Private key</b> and <b>Private key password</b> from X-Payments Online Store Details page.','en'),(2741,2725,'Used credit cards','en'),(2742,2726,'Credit card','en'),(2743,2727,'Update default card','en'),(2744,2728,'Pay with previously used credit card','en'),(2745,2729,'Show all saved credit cards','en'),(2746,2730,'I want to use this credit card for my future orders in this shop.','en'),(2747,2731,'Configuration has been successfully deployed','en'),(2748,2732,'Your configuration string is not correct','en'),(2749,2733,'Test transaction completed successfully','en'),(2750,2734,'Test transaction failed. Please check the X-Payments Connector settings and try again. If all the settings are ok, review your X-Payments settings and make sure you have properly defined your shopping cart properties.','en'),(2751,2735,'There are no payment configurations for this store.','en'),(2752,2736,'An error occured during the requesting of payment methods from X-Payments. See log files for details.','en'),(2753,2737,'X-Payments transaction','en'),(2754,2738,'Save cards','en'),(2755,2739,'1.1 (X-Payments 1.0.5 and earlier)','en'),(2756,2740,'1.2 (X-Payments 2.0 and X-Payments 1.0.6)','en'),(2757,2741,'Add new credit card','en'),(2758,2742,'Saved credit cards','en'),(2759,2743,'Test transaction completed successfully for API version {{version}}','en'),(2760,2744,'Ok','en'),(2761,2745,'Save credit card','en'),(2762,2746,'Back to credit cards','en'),(2763,2747,'Important!','en'),(2764,2748,'We will authorize','en'),(2765,2749,'on your credit card in order to attach this credit card to your account. The amount will be released back to your card after a while.','en'),(2766,2750,'The transaction will be marked as','en'),(2767,2751,'Transaction ID','en'),(2768,2752,'Date, time','en'),(2769,2753,'Result payment status','en'),(2770,2754,'Transaction result','en'),(2771,2755,'The related payment has not been found. Apparently, it was deleted.','en'),(2772,2756,'KOUNT Antifraud screening result','en'),(2773,2757,'Score','en'),(2774,2758,'Rules triggered','en'),(2775,2759,'Authorize/charge the difference','en'),(2776,2760,'View payment information','en'),(2777,2761,'Go to payment details page','en'),(2778,2762,'Use one of the following cards to','en'),(2779,2763,'for this order','en'),(2780,2764,'Cards saved by the customer for future orders in this shop. No real credit cards were saved, only a special token on the side of the payment processor, which can be used in this store only.','en'),(2781,2765,'No active X-Payments payment methods, or saving credit cards is not activated.','en'),(2782,2766,'<b>Note:</b> No payment methods here because the module is not configured. Please finalize the settings at ','en'),(2783,2767,'Connection','en'),(2784,2768,'tab and get back here to configure methods.','en'),(2785,2769,'Start FREE Trial','en'),(2786,2770,'See how','en'),(2787,2771,'Open your X-Payments dashboard','en'),(2788,2772,'in','en'),(2789,2773,'X-Payments','en'),(2790,2774,'Configure your gateway','en'),(2791,2775,'Connect','en'),(2792,2776,'with','en'),(2793,2777,'Connect to X-Payments. Complete 3 easy steps.','en'),(2794,2778,'Open X-Payments dashboard to configure','en'),(2795,2779,'Connected!','en'),(2796,2780,'Conection with X-Payments is OK.','en'),(2797,2781,'Connection failed!','en'),(2798,2782,'Check the settings.','en'),(2799,2783,'Card saved','en'),(2800,2784,'Card has not been saved due to a payment processor error','en'),(2801,2785,'Payment methods have been imported successfully','en'),(2802,2786,'Do not use card setup','en'),(2803,2787,'Payment method for card setup','en'),(2804,2788,'1.3 (X-Payments 2.1)','en'),(2805,2789,'Authorize amount for card setup','en'),(2806,2790,'Description of the card setup payment','en'),(2807,2791,'Authorization period, days','en'),(2808,2792,'Charged amount','en'),(2809,2793,'Declined amount','en'),(2810,2794,'Difference','en'),(2811,2795,'Payment information','en'),(2812,2796,'To request a return please complete the form below','en'),(2813,2797,'Return quantity','en'),(2814,2798,'Create return','en'),(2815,2799,'Deliver to Post Office','en'),(2816,2800,'There are no post offices available','en'),(2817,2801,'Tracking pins','en'),(2818,2802,'Delivery to Post Office','en'),(2819,2803,'No events found','en'),(2820,2804,'Attached files','en'),(2821,2805,'Created on','en'),(2822,2806,'Documents','en'),(2823,2807,'Parcel options','en'),(2824,2808,'In store currency (0 - do not use coverage)','en'),(2825,2809,'Parcel','en'),(2826,2810,'Warnings','en'),(2827,2811,'Shipment info','en'),(2828,2812,'Shipment ID','en'),(2829,2813,'Shipment status','en'),(2830,2814,'Tracking pin','en'),(2831,2815,'Return tracking pin','en'),(2832,2816,'PO Number','en'),(2833,2817,'Manifests','en'),(2834,2818,'Manifest ID','en'),(2835,2819,'PO number','en'),(2836,2820,'Parcel characteristics','en'),(2837,2821,'Total items weight','en'),(2838,2822,'warning: parcel is overweight','en'),(2839,2823,'Box maximum weight','en'),(2840,2824,'Dimensions (cm)','en'),(2841,2825,'Parcel type','en'),(2842,2826,'Document','en'),(2843,2827,'Unpackaged','en'),(2844,2828,'Mailing tube','en'),(2845,2829,'Oversized','en'),(2846,2830,'On shipment','en'),(2847,2831,'On exception','en'),(2848,2832,'On delivery','en'),(2849,2833,'Test Canada Post rates calculation','en'),(2850,2834,'Please note that rates are calculated for shipping from Canadian locations only.','en'),(2851,2835,'Canada Post settings','en'),(2852,2836,'Merchant registration wizard','en'),(2853,2837,'To start the registration process for a Canada Post merchant account click on the \"Register\" button.','en'),(2854,2838,'If you want to enable merchant registration wizard once again, please click on the following link','en'),(2855,2839,'enable merchant wizard','en'),(2856,2840,'Administrator notes','en'),(2857,2841,'Not specified','en'),(2858,2842,'18 years','en'),(2859,2843,'19 years','en'),(2860,2844,'shipments are picked up by Canada Post','en'),(2861,2845,'deposit your items at a Post Office','en'),(2862,2846,'Counter - will return the regular price paid by retail consumers','en'),(2863,2847,'Commercial - will return the contracted price between Canada Post and the contract holder','en'),(2864,2848,'Card (hold) for pick up','en'),(2865,2849,'Leave at door','en'),(2866,2850,'Do not safe drop','en'),(2867,2851,'Parcel cannot be voided or transmitted - wrong quote type','en'),(2868,2852,'Parcel cannot be transmitted - wrong quote type','en'),(2869,2853,'Enter Return # or Order #','en'),(2870,2854,'Return products','en'),(2871,2855,'Void shipment','en'),(2872,2856,'Are you sure you want to void this shipment?','en'),(2873,2857,'Create shipment','en'),(2874,2858,'Transmit shipment','en'),(2875,2859,'Are you sure you want to transmit this shipment?','en'),(2876,2860,'Ordered qty','en'),(2877,2861,'Return qty','en'),(2878,2862,'Total weight','en'),(2879,2863,'Move item','en'),(2880,2864,'New parcel','en'),(2881,2865,'Return #','en'),(2882,2866,'CanadaPost settings','en'),(2883,2867,'Tracking details','en'),(2884,2868,'Search for returns','en'),(2885,2869,'The parcels have been successfully updated','en'),(2886,2870,'The shipment has been created with errors','en'),(2887,2871,'The shipment has been created successfully','en'),(2888,2872,'The shipment cannot be created','en'),(2889,2873,'The shipment has been voided with errors','en'),(2890,2874,'The shipment has been voided successfully','en'),(2891,2875,'The shipment cannot be voided','en'),(2892,2876,'The shipment has been transmitted with errors','en'),(2893,2877,'The shipment has been transmitted successfully','en'),(2894,2878,'The shipment cannot be transmitted','en'),(2895,2879,'Shipments','en'),(2896,2880,'Return','en'),(2897,2881,'The products return has been registered.','en'),(2898,2882,'No items have been selected for return.','en'),(2899,2883,'Fashion','en'),(2900,2884,'Noblesse','en'),(2901,2885,'Digital','en'),(2902,2886,'Tabs','en'),(2903,2886,'Вкладки','ru'),(2904,2887,'New tab','en'),(2905,2887,'Новая вкладка','ru'),(2906,2888,'The product tab has been updated','en'),(2907,2888,'Вкладка обновлена','ru'),(2908,2889,'The product tab has been added','en'),(2909,2889,'Вкладка добавлена','ru'),(2910,2890,'Note: In order to setup ePDQ essential payment gateway, you have to complete these steps: <ul><li>Log in to your ePDQ backoffice</li> <li>Open the \"Configuration\" -> \"Technical information\" page -> \"Global security parameters\" tab -> \"Hashing method\" section and select SHA-512 and UTF-8 options.</li> <li>Open the \"Configuration\" -> \"Technical information\" page -> \"Data and origin verification\" tab -> \"Checks for e-Commerce\" section and in the URL field enter this URL: <em>{{URL}}</em></li> <li>Define SHA-IN pass phrase in the corresponding section and further enter it here in X-Cart in the \"SHA-IN pass phrase\" field.</li> <li>Open the \"Configuration\" -> \"Technical information\" page -> \"Transaction feedback\" tab -> \"e-Commerce\" section and enable <em>I would like to receive transaction feedback parameters on the redirection URLs</em> option.</li> <li>Scroll down to the \"All transaction submission modes\" section and define SHA-OUT pass phrase and further enter it here in X-Cart in the \"SHA-OUT pass phrase\" field.</li></ul>','en'),(2911,2891,'PSPID','en'),(2912,2892,'SHA-IN pass phrase','en'),(2913,2893,'SHA-OUT pass phrase','en'),(2914,2894,'Currency','en'),(2915,2895,'Invoice number prefix','en'),(2916,2896,'Enable logging of ePDQ transactions','en'),(2917,2897,'Response from ePDQ is not trusted (SHA checking is failed)','en'),(2918,2898,'Unexpected result was received from ePDQ (transaction status is not set)','en'),(2919,2899,'Merchant ID','en'),(2920,2900,'SubID','en'),(2921,2901,'Public Certificate File','en'),(2922,2902,'Public Key','en'),(2923,2903,'Private Key','en'),(2924,2904,'Private Key Password','en'),(2925,2905,'Currency','en'),(2926,2906,'Invoice number prefix','en'),(2927,2907,'Enable logging of iDEAL transactions','en'),(2928,2908,'Something is wrong with the iDEAL payment module settings. Please try later or use a different payment option.','en'),(2929,2909,'Unexpected result was received from iDEAL (transaction status is not set)','en'),(2930,2910,'Payment return page requested without expected parameters','en'),(2931,2911,'Warning! This payment method requires OpenSSL extension. Please install and enable this extension in your PHP configuration.','en'),(2932,2912,'Warning! Please re-check public and private key values and private key password!','en'),(2933,2913,'Select issuer','en'),(2934,2914,'The file with the certificate needs to be located in the directory classes/XLite/Module/XC/IdealPayments/cert','en'),(2935,2915,'Unknown payment transaction','en'),(2936,2916,'Shopping options','en'),(2937,2917,'Show products','en'),(2938,2918,'Reset filter','en'),(2939,2919,'No products matching your criteria found. Please try again with different parameters.','en'),(2940,2920,'Show all products in this category','en'),(2941,2921,'Price range','en'),(2942,2922,'In stock only','en'),(2943,2923,'Generate cache on the fly','en'),(2944,2923,'Генерировать кеш в процессе работы','ru'),(2945,2924,'Remove cache when attribute or product data is changed','en'),(2946,2924,'Сбрасывать кеш при изменении данных атрибутов или товаров','ru'),(2947,2925,'Click the button to remove the data cache used by your product filter. After removing the cache, open any category in the storefront area to have the cache generated anew.','en'),(2948,2925,'Кнопка служит для удаления кеша данных, используемого фильтром товаров. После удаления кеша откройте любую категорию в клиентской части сайта, чтобы кеш был сгенерирован заново','ru'),(2949,2926,'Remove product filter cache','en'),(2950,2926,'Удалить кеш фильтра товаров','ru'),(2951,2927,'Variants','en'),(2952,2928,'The product does not have attributes with multiple options','en'),(2953,2929,'Choose the optional attributes that your variants will be based on','en'),(2954,2930,'{{count}} variants','en'),(2955,2931,'No variants added, and the product is not available for sale yet. Create at least one variant.','en'),(2956,2932,'Product variants are based on {{variants}}','en'),(2957,2933,'{{count}} options','en'),(2958,2934,'This item is out of stock','en'),(2959,2935,'This item is not available','en'),(2960,2936,'Default SKU','en'),(2961,2937,'Default QTY','en'),(2962,2938,'Add variant','en'),(2963,2939,'Variants have been created successfully','en'),(2964,2940,'Variants have been discarded successfully','en'),(2965,2941,'Variants have been updated successfully','en'),(2966,2942,'Variants have been successfully deleted','en'),(2967,2943,'Please, add product variants.','en'),(2968,2944,'To set product variants you should select attributes with multiple options. The product variants will be based on these attributes. For example, if you select Size and Color, you should create product variants with all the possible intersections of these two attributes.','en'),(2969,2945,'Add variants manually','en'),(2970,2946,'Create all possible variants','en'),(2971,2947,'Add attributes','en'),(2972,2948,'Product with selected attribute value(s) is not available or out of stock. Please select another product.','en'),(2973,2949,'{{count}} variant(s) have been created','en'),(2974,2950,'A variant with the specified attribute values already exists ({{list}}).','en'),(2975,2951,'Default variant','en'),(2976,2952,'The number of variants that can be created based on the selected attributes exceeds {{limit}}. Too many variants may be difficult to manage and may slow down your site performance. We recommend optimizing your attribute values to decrease the number of variants.','en'),(2977,2953,'The number of variants that can be created based on the selected attributes exceeds {{limit}}. Too many variants may be difficult to manage and may slow down your site performance. Are you sure you want to create all possible variants?','en'),(2978,2954,'The number of variants that can be created based on the selected attributes exceeds {{limit}}. Such a number of variants may impair your site operability on certain pages. Please optimize your attribute values to decrease the number of variants or create variants manually.','en'),(2979,2955,'The number of created variants exceeds {{limit}}. Too many variants may be difficult to manage and may slow down your site performance. We recommend optimizing your attribute values to decrease the number of variants.','en'),(2980,2956,'unlimited','en'),(2981,2957,'{{count}} stars','en'),(2982,2958,'{{count}} stars','en'),(2983,2959,'{{count}} stars','en'),(2984,2960,'{{count}} stars','en'),(2985,2961,'{{count}} star','en'),(2986,2962,'Any rating','en'),(2987,2963,'{{product}} reviews','en'),(2988,2964,'Product','en'),(2989,2965,'Product reviews','en'),(2990,2966,'Products reviews','en'),(2991,2967,'Add review','en'),(2992,2968,'Edit review','en'),(2993,2969,'Approve review','en'),(2994,2970,'The review has been created','en'),(2995,2971,'The review has been deleted','en'),(2996,2972,'The review has not been created since the product {{product}} has not been found','en'),(2997,2973,'The review has not been updated since the product {{product}} has not been found','en'),(2998,2974,'Reviewer','en'),(2999,2975,'Rating','en'),(3000,2976,'Reviews imported','en'),(3001,2977,'Product, SKU or customer info','en'),(3002,2978,'Approve','en'),(3003,2979,'Start typing product name or SKU','en'),(3004,2980,'Customer name','en'),(3005,2981,'Start typing customer email or name','en'),(3006,2982,'Text of review','en'),(3007,2983,'Published','en'),(3008,2984,'Please sign in to add review','en'),(3009,2985,'You have already reviewed this product','en'),(3010,2986,'Edit your review','en'),(3011,2987,'Add your own review','en'),(3012,2988,'Thank you for sharing your opinion with us!','en'),(3013,2989,'Your product rating is saved. Thank you!','en'),(3014,2990,'Your review has been updated. Thank your for sharing your opinion with us!','en'),(3015,2991,'Rating of votes','en'),(3016,2992,'Your email','en'),(3017,2993,'customers','en'),(3018,2994,'Average rating','en'),(3019,2995,'out of','en'),(3020,2996,'Based on','en'),(3021,2997,'votes','en'),(3022,2998,'Reviews','en'),(3023,2999,'Reviews: {{count}}','en'),(3024,3000,'We may use this email if we need additional information on your review. We will not use it for any kind of mailing lists or spam subscriptions','en'),(3025,3001,'How do you rate this item?','en'),(3026,3002,'Write your review','en'),(3027,3003,'Your review','en'),(3028,3004,'There are no reviews for this product yet','en'),(3029,3005,'Back to product details','en'),(3030,3006,'Customer reviews','en'),(3031,3007,'On moderation','en'),(3032,3008,'Read all reviews for the product','en'),(3033,3009,'Rates','en'),(3034,3010,'By Rate - 0-9','en'),(3035,3011,'By Rate - 9-0','en'),(3036,3012,'Only registered customers who purchased this product can leave feedback','en'),(3037,3013,'Registered users who purchased the product','en'),(3038,3014,'Score: {{score}}. Votes: {{votes}}','en'),(3039,3015,'No reviews.','en'),(3040,3016,'Not rated yet','en'),(3041,3017,'Be the first and leave feedback.','en'),(3042,3018,'All users','en'),(3043,3019,'Registered users only','en'),(3044,3020,'Reviews and ratings','en'),(3045,3021,'Ratings only','en'),(3046,3022,'Reviews only','en'),(3047,3023,'Review','en'),(3048,3024,'Selected reviews have been deleted','en'),(3049,3025,'Please select the reviews first','en'),(3050,3026,'Selected reviews have been updated','en'),(3051,3027,'Reviews about product','en'),(3052,3028,'Ratings and Reviews of {{product}}','en'),(3053,3029,'Rating: {{rating}} out of {{maxRating}}. Review by {{reviewerName}}: {{review}}','en'),(3054,3030,'SEO','en'),(3055,3031,'Select the review that should be included into the rich snippet shown for the page of this product when the page appears in search results by Google and other major search engines. More info: <a href=\"https://support.google.com/webmasters/answer/146750\" target=\"_blank\">https://support.google.com/webmasters/answer/146750</a>','en'),(3056,3032,'Vendor name','en'),(3057,3033,'Processing mode','en'),(3058,3034,'Password','en'),(3059,3035,'Invoice number prefix','en'),(3060,3036,'Pricing currency','en'),(3061,3037,'Don\'t have an account yet? <a href=\"https://support.sagepay.com/apply/default.aspx?PartnerID=BB1670B8-01B0-42D3-8AEC-6AF423BE26E7\">Sign up</a> for SagePay now!','en'),(3062,3038,'You need to install the PHP mcrypt extension to use the Sage Pay integration','en'),(3063,3039,'{{count}} items ({{total}})','en'),(3064,3039,'{{count}} продуктов ({{total}})','ru'),(3065,3040,'Token is empty','en'),(3066,3040,'Токен пустой','ru'),(3067,3041,'CVC verification: {{state}}','en'),(3068,3041,'Проверка подлинности кредитной карты (CVC): {{state}}','ru'),(3069,3042,'Address line verification: {{state}}','en'),(3070,3042,'Проверка адреса: {{state}}','ru'),(3071,3043,'Address zipcode verification: {{state}}','en'),(3072,3043,'Проверка почтового индекса: {{state}}','ru'),(3073,3044,'Requested transaction type: {{actual}}; real transaction type: {{real}}','en'),(3074,3044,'Запрашивалася транзакция типа {{actual}}, а реально была выполнена типа {{real}}','ru'),(3075,3045,'Requested amount: {{actual}}; real amount: {{real}}','en'),(3076,3045,'Запрашивалось к оплате {{actual}}, а реально было оплачено {{real}}','ru'),(3077,3046,'Requested currency: {{actual}}; real currency: {{real}}','en'),(3078,3046,'Запрашивалось к оплате сумма в валюте {{actual}}, а реально было оплачено в валюте {{real}}','ru'),(3079,3047,'Copy \"Webhook URL\" and go to <a href=\"https://manage.stripe.com/account/webhooks\" target=\"_blank\">Account settings</a>','en'),(3080,3047,'Скопируйте \"Webhook URL\" и перейдите в <a href=\"https://manage.stripe.com/account/webhooks\" target=\"_blank\">Account settings</a>','ru'),(3081,3048,'Go to your <strong>\"account settings\"</strong> on www.stripe.com','en'),(3082,3048,'Откройте страницу <strong>\"account settings\"</strong> на www.stripe.com','ru'),(3083,3049,'Choose <strong>\"Webhook tab\"</strong> and press <strong>\"+ add URL\"</strong> button','en'),(3084,3049,'Выберите вкладку <strong>\"Webhooks\"</strong> и нажмите кнопку <strong>\"+ add URL\"</strong>','ru'),(3085,3050,'Past <strong>\"Webhook URL\"</strong> to the field and press <strong>\"Create Webhook URL\"</strong> button','en'),(3086,3050,'Вставьте <strong>\"Webhook URL\"</strong> и нажмите кнопку <strong>\"Create Webhook URL\"</strong>','ru'),(3087,3051,'Disconnect','en'),(3088,3051,'Разъеденить','ru'),(3089,3052,'Status: <span>Connected</span> ({{mode}})','en'),(3090,3052,'Статус: <span>Соединено</span> ({{mode}})','ru'),(3091,3053,'Click \"Connect with Stripe\" to be redirected to Stripe.com','en'),(3092,3053,'Нажмите \"Connect with Stripe\" чтобы перейти на Stripe.com','ru'),(3093,3054,'<strong>Complete the form</strong> with your Company info to setup your account and start processing payments immedately.','en'),(3094,3054,'<strong>Заполняйте форму</strong>, имея на руках данные о Вашей компании. После регистрации Вы сможете сразу начать принимать платежи.','ru'),(3095,3055,'Refresh token','en'),(3096,3055,'Обновить токен','ru'),(3097,3056,'Your Stripe account is no longer accessible. Please connect with Stripe once again.','en'),(3098,3056,'Ваш Stripe аккаунт более недоступен. Пожалуста, пройдите соединение со Stripe еще раз.','ru'),(3099,3057,'Webhook URL is your store\'s URL through which Stripe informs your store about any changes in the order. For example, if you refund a payment transaction for a certain amount via Stripe backend, Stripe will send information about this refund to the store using a special request to the Webhook URL, and the store will update the order status to refunded. If Webhook URL is not specified, the store will not know that the order was updated in Stripe backend and the order status in the store will not be updated automatically.','en'),(3100,3057,'Webhook URL это URL Вашего магазина, через который Stripe оповещает магазин о изменениях в заказе. Например, если вы черезе Stripe backend сделаете refund плоатежной транзакции на некую сумму, то Stripe сообщит об этом магазину при помощи специального запроса к Webhook URL и магазин изменит состояние заказа на refunded. Иначе, если Webhook URL не указан, магазин об этом не узнает и закза не изменит свое состояние автоматически.','ru'),(3101,3058,'URL is copied','en'),(3102,3058,'URL скопирован','ru'),(3103,3059,'Show \"How to use\" instruction','en'),(3104,3059,'Показать инструкцию','ru'),(3105,3060,'Hide \"How to use\" instruction','en'),(3106,3060,'Спрятать инструкцию','ru'),(3107,3061,'Don\'t have an account?','en'),(3108,3062,'Publishable key','en'),(3109,3063,'Use custom css','en'),(3110,3064,'The database stores different version of the custom changes.','en'),(3111,3065,'Review it.','en'),(3112,3066,'Restore this version','en'),(3113,3067,'Your custom file has been saved successfully','en'),(3114,3068,'Theme tweaker','en'),(3115,3069,'Pick template from page element','en'),(3116,3070,'Edited templates','en'),(3117,3071,'Webmaster mode','en'),(3118,3072,'Template','en'),(3119,3073,'Back to templates list','en'),(3120,3074,'Webmaster Mode allows you to change the storefront design in click-and-edit mode.<br /><br />If the design of your store\'s customer area has been messed up by a template change, try restoring the original template in the Edited Templates section. More information about design changes in X-Cart is available in <a href=\"http://kb.x-cart.com/pages/viewpage.action?pageId=8224814\">X-Cart\'s Knowledge Base</a>.','en'),(3121,3075,'Webmaster mode is enabled','en'),(3122,3076,'Webmaster mode is disabled','en'),(3123,3077,'The template has been updated','en'),(3124,3078,'The template has been added','en'),(3125,3079,'Enabled','en'),(3126,3080,'Disabled','en'),(3127,3081,'Path for use in custom CSS','en'),(3128,3082,'URL','en'),(3129,3083,'The file {{file}} does not exist or is not writable.','en'),(3130,3084,'The directory {{dir}} does not exist or is not writable.','en'),(3131,3085,'New images','en'),(3132,3063,'Использовать свой CSS','ru'),(3133,1293,'Использовать свой JavaScript','ru'),(3134,3064,'В базе данных хранится другая версия пользовательского кода.','ru'),(3135,3065,'Просмотреть её.','ru'),(3136,3066,'Восстановить эту версию','ru'),(3137,3067,'Файл успешно сохранен','ru'),(3138,3068,'Theme tweaker','ru'),(3139,3069,'Выбор шаблона на основе элемента страницы','ru'),(3140,3070,'Измененные шаблоны','ru'),(3141,3071,'Режим веб-мастера','ru'),(3142,3072,'Шаблон','ru'),(3143,3073,'Вернуться к списку шаблонов','ru'),(3144,3074,'Режим веб-мастера позволяет редактировать внешний вид сайта по месту.<br /><br />Если после внесения изменений клиентская зона выглядит неправильно, попробуйте откатить изменения в секции \"Измененные шаблоны\". Больше информации об изменении дизайна сайта на X-Cart - в <a href=\"http://kb.x-cart.com/pages/viewpage.action?pageId=8224814\">Базе знаний X-Cart</a>.','ru'),(3145,3075,'Режим веб-мастера включен','ru'),(3146,3076,'Режим веб-мастера отключен','ru'),(3147,3077,'Шаблон обновлён','ru'),(3148,3078,'Шаблон добавлен','ru'),(3149,3079,'Вкл','ru'),(3150,3080,'Выкл','ru'),(3151,3085,'Новые картинки','ru'),(3152,3086,'<b>UPS</b> module allows you to use online shipping rates calculation via <a href=\"http://www.ups.com\" target=\"_new\">UPS service</a>.','en'),(3153,3087,'Test UPS rates calculation','en'),(3154,3088,'UPS settings','en'),(3155,3089,'To use UPS Rating API you need to register on <a href=\"http://www.ups.com/\" target=\"_new\">UPS.com</a> with a User ID and Password. Once you have registered you would need to obtain an Access Key from UPS.com that provides access to the Rating API. To obtain an Access Key an account number needs to be added or created in your UPS.com profile.','en'),(3156,3090,'Access key','en'),(3157,3091,'UPS account number','en'),(3158,3092,'A shipper\'s UPS account number is required when requesting to receive the negotiated rates.','en'),(3159,3093,'Package settings','en'),(3160,3094,'Package box type','en'),(3161,3095,'Package dimensions','en'),(3162,3096,'Service options','en'),(3163,3097,'Pickup type','en'),(3164,3098,'Saturday pickup','en'),(3165,3099,'Additional handling','en'),(3166,3100,'Saturday delivery','en'),(3167,3101,'Use negotiated rates','en'),(3168,3102,'Delivery confirmation','en'),(3169,3103,'Add insured value','en'),(3170,3104,'Insured value','en'),(3171,3105,'The specified value (if not empty) will be used as an extra cover value. Otherwise an order total will be used','en'),(3172,3106,'UPS module supports \'Cash on delivery\' feature for shipments within European Union, within United States and Puerto Rico, within Canada and from Canada to the United States.','en'),(3173,3107,'Currency conversion options','en'),(3174,3108,'Shipping cost currency','en'),(3175,3109,'Currency rate','en'),(3176,3110,'If the UPS returns rates in currency which is differ from the currency the store uses for payments you need to specify the conversion rate to convert the shipping cost returned by UPS into the necessary currency. Otherwise leave 1.','en'),(3177,3111,'This option enables logging of all communication between shopping cart and UPS server','en'),(3178,3112,'UPS Settings','en'),(3179,3113,'Related products','en'),(3180,3114,'Mutual link','en'),(3181,3115,'Related products page','en'),(3182,3116,'You cannot choose this product','en'),(3183,3117,'The product SKU#{{SKU}} is already set as related for the product','en'),(3184,3118,'Add related products','en'),(3185,3119,'Related products (Related Products module)','en'),(3186,3120,'The product SKU#\"X\" is already set as Related for the product','en'),(3187,3121,'Ogone PSPID','en'),(3188,3122,'SHA-IN passphrase','en'),(3189,3123,'SHA-OUT passphrase','en'),(3190,3124,'Don\'t have an account? <a href=\"{{url}}\" target=\"blank\">Sign Up Now</a><br /><br />','en'),(3191,3125,'Note: In order to setup \'Ingenico Payment Services\' payment method, you have to complete these steps: <ul><li>Log in to your Ingenico Payment Services account</li> <li>Open the \"Configuration\" -> \"Technical information\" page -> \"Data and origin verification\" tab -> \"Checks for e-Commerce\" section and in the URL field enter this URL: <em>{{URL}}</em></li> <li>Define SHA-IN pass phrase in the corresponding section and further enter it here in X-Cart in the \"SHA-IN pass phrase\" field.</li> <li>Open the \"Configuration\" -> \"Technical information\" page -> \"Transaction feedback\" tab -> \"e-Commerce\" section and enable <em>I would like to receive transaction feedback parameters on the redirection URLs</em> option.</li> <li>Scroll down to the \"All transaction submission modes\" section and define SHA-OUT pass phrase and further enter it here in X-Cart in the \"SHA-OUT pass phrase\" field.</li></ul>','en'),(3192,3126,'News messages','en'),(3193,3126,'Новости','ru'),(3194,3127,'News message','en'),(3195,3127,'Новость','ru'),(3196,3128,'New news message','en'),(3197,3128,'Новая новость','ru'),(3198,3129,'News','en'),(3199,3129,'Новости','ru'),(3200,3130,'Top News','en'),(3201,3130,'Последние новости','ru'),(3202,3131,'All news','en'),(3203,3131,'Все новости','ru'),(3204,3132,'Previous','en'),(3205,3132,'Предыдущая новость','ru'),(3206,3133,'Next','en'),(3207,3133,'Следующая новость','ru'),(3208,3134,'The news message has been updated','en'),(3209,3135,'The news message has been added','en'),(3210,3136,'Create news message','en'),(3211,3137,'Free','en'),(3212,3137,'БЕСПЛАТНО','ru'),(3213,3138,'Free shipping','en'),(3214,3138,'Бесплатная доставка','ru'),(3215,3139,'FREE SHIPPING','en'),(3216,3139,'БЕСПЛАТНАЯ ДОСТАВКА','ru'),(3217,3140,'Wrong free shipping format','en'),(3218,3140,'Неправильный формат значения поля \"Бесплатная доставка\"','ru'),(3219,3141,'Wrong shipping freight value format','en'),(3220,3141,'Неправильный формат значения поля \"freightFixedFee\"','ru'),(3221,3142,'This shipping method becomes available at checkout only if all the products in the cart are marked \"Free shipping\" and there are no other shipping methods available.','en'),(3222,3142,'Этот способ доставки становится доступным только если все продукты в корзине помечены как \"Бесплатная доставка\", и нет других доступных методов доставки.','ru'),(3223,3143,'Shipping freight','en'),(3224,3143,'Фиксированная стоимость доставки','ru'),(3225,3144,'This field can be used to set a fixed shipping fee for the product. Make sure the field value is a positive number (greater than zero).','en'),(3226,3144,'В данном поле можно задать фиксированную стоимость доставки для редактируемого продукта. Убедитесь, что используемое значение является положительным числом (больше нуля).','ru'),(3227,3145,'Shipping freight only','en'),(3228,3145,'указанному значению фиксированной стоимости доставки','ru'),(3229,3146,'Shipping freight + regular shipping rate','en'),(3230,3146,'сумме фиксированной стоимости доставки и стоимости доставки, рассчитанной стандартным способом','ru'),(3231,3147,'This shipping method becomes available on checkout, only if all the products in the cart have defined shipping freight and there are no other shipping methods available.','en'),(3232,3147,'Этот способ доставки становится доступным на чекауте, если у всех продуктов в корзине задана фиксированная стоимость доставки, и нет других доступных методов доставки.','ru'),(3233,3148,'Store ID','en'),(3234,3149,'HPP Key','en'),(3235,3150,'To set up the integration, go to the <a href=\"https://www3.moneris.com/mpg/\" target=\"_blank\">\"Site management\"</a> page on the eSelect site and make sure of the following:','en'),(3236,3151,'The \"Store ID\" and \"HPP Key\" value must be exactly the same as on it.','en'),(3237,3152,'The \"Approved URL\" value must be exactly as this:','en'),(3238,3153,'The \"Declined URL\" value must be exactly as this:','en'),(3239,3154,'Set the \"Response Method\" setting to \"Sent to your server as a POST\".','en'),(3240,3155,'Enable the \'Use \"Enhanced Cancel\"\' option.','en'),(3241,3156,'Approved URL','en'),(3242,3157,'Declined URL','en'),(3243,2964,'Продукт','ru'),(3244,43,'Предыдущий','ru'),(3245,44,'Следующий продукт','ru'),(3246,3158,'Test ShippingCalc rates calculation','en'),(3247,3159,'Subscribe to AuctionInc\'s ShippingCalc Module','en'),(3248,3160,'Guide to AuctionInc ShippingCalc Settings','en'),(3249,3161,'ShippingCalc settings','en'),(3250,3162,'ShippingCalc','en'),(3251,3163,'On-demand','en'),(3252,3164,'30 Day Trial of AuctionInc ShippingCalc Module.<br />Days Left: {{days}}','en'),(3253,3165,'Showing results for','en'),(3254,3165,'Показаны результаты для','ru'),(3255,3166,'See details','en'),(3256,3166,'Подробнее','ru'),(3257,3167,'See more results for','en'),(3258,3167,'Показать больше результатов для','ru'),(3259,3168,'Suggestions','en'),(3260,3168,'Предложения','ru'),(3261,3169,'Products','en'),(3262,3169,'Товары','ru'),(3263,3170,'Categories','en'),(3264,3170,'Категории','ru'),(3265,3171,'Pages','en'),(3266,3171,'Страницы','ru'),(3267,3172,'Did you mean','en'),(3268,3172,'Возможно, вы имели в виду','ru');
CREATE TABLE `xlite_language_labels` (
  `label_id` int(11) NOT NULL AUTO_INCREMENT,
  `name` varbinary(255) NOT NULL,
  PRIMARY KEY (`label_id`),
  UNIQUE KEY `name` (`name`)
) ENGINE=InnoDB DEFAULT CHARSET=utf8 COLLATE=utf8_unicode_ci;
INSERT INTO `xlite_language_labels` VALUES (2670,' page and make sure that:'),(2669,'\"Site management\"'),(1968,'\"X product\" options'),(1135,'\"{{number}}\" tracking number is added'),(1136,'\"{{number}}\" tracking number is removed'),(1762,'\"{{product}} product\" attributes'),(1928,'# selected'),(1986,'(optional)'),(2682,'(required for large size and container is non-rectangular or variable)'),(2683,'(specify rate X, where 1 USD = X in shop currency)'),(430,'+12130000000'),(1706,'- OR -'),(234,'-- No categories --'),(2739,'1.1 (X-Payments 1.0.5 and earlier)'),(2740,'1.2 (X-Payments 2.0 and X-Payments 1.0.6)'),(2788,'1.3 (X-Payments 2.1)'),(426,'1000 Example street'),(384,'14days'),(2842,'18 years'),(2843,'19 years'),(2665,'2Checkout.com account number'),(3164,'30 Day Trial of AuctionInc ShippingCalc Module. Days Left: X'),(385,'30days'),(383,'7days'),(429,'90001'),(1411,'A DB error occured while uninstalling the module X'),(2143,'A new category will be created'),(434,'A new customer? Enter your e-mail'),(2140,'A new membership will be created'),(2141,'A new product class will be created'),(2139,'A new product will be created'),(2142,'A new tax class will be created'),(3092,'A shipper\'s UPS account number is required when requesting to receive the negotiated rates.'),(2526,'A single domain'),(435,'ABA routing number'),(2444,'API Login ID'),(2575,'API access password'),(2574,'API access username'),(2579,'API certificate'),(2578,'API certificate filename'),(2568,'API credentials for payments and post-checkout operations'),(2577,'API signature'),(372,'APRIL'),(376,'AUGUST'),(2374,'About X remaining'),(436,'Absolute'),(437,'Accepted orders'),(439,'Access denied!'),(440,'Access information'),(3090,'Access key'),(441,'Access level'),(1859,'Access storefront via private link'),(442,'Account'),(443,'Account details'),(242,'Account settings'),(444,'Account status'),(445,'Account summary'),(2291,'Action'),(1407,'Action X::Y, M'),(30,'Activate'),(28,'Activate existing key'),(27,'Activate free license'),(34,'Activate free license description'),(1586,'Activate key'),(446,'Activate license key'),(2408,'Activate purchased skin'),(2192,'Activate your X-Cart'),(2190,'Activate your X-Cart installation'),(2191,'Activate your X-Cart installation first'),(21,'Activate your license key'),(447,'Activate your paid module license'),(448,'Active'),(449,'Active from'),(450,'Active till'),(451,'Add'),(452,'Add Product'),(453,'Add alternative payment method'),(1831,'Add attribute'),(2947,'Add attributes'),(454,'Add category'),(455,'Add child'),(2490,'Add coupon'),(456,'Add discount'),(457,'Add featured products'),(1973,'Add featured products for \"X\"'),(2495,'Add featured products for the front page'),(458,'Add file'),(459,'Add image'),(3103,'Add insured value'),(129,'Add language'),(460,'Add markup'),(461,'Add new'),(462,'Add new address'),(463,'Add new country'),(2483,'Add new coupon'),(2741,'Add new credit card'),(464,'Add new exception'),(128,'Add new label'),(132,'Add new language'),(465,'Add new membership level'),(466,'Add new option'),(467,'Add new option group'),(468,'Add new state'),(469,'Add offline payment method'),(470,'Add payment method'),(471,'Add product'),(1888,'Add products'),(1567,'Add rates'),(3118,'Add related products'),(2967,'Add review'),(472,'Add shipping method'),(1571,'Add states'),(473,'Add subcategory'),(2298,'Add to bag'),(40,'Add to cart'),(1138,'Add tracking number'),(474,'Add user'),(2938,'Add variant'),(2945,'Add variants manually'),(475,'Add your _products_'),(2987,'Add your own review'),(476,'Add zone'),(2317,'Add-on does not exist.'),(477,'Add-ons'),(478,'Add/update options'),(479,'Added'),(2489,'Added coupons'),(2109,'Added items'),(480,'Added to cart'),(3099,'Additional handling'),(2696,'Additional options'),(2557,'Additional settings'),(481,'Address'),(482,'Address book'),(483,'Address details'),(484,'Address field'),(485,'Address fields'),(2633,'Address for sales tax calculation'),(1765,'Address has been deleted'),(1760,'Address is not selected'),(3042,'Address line verification: X'),(1761,'Address not found'),(486,'Address pattern'),(1759,'Address type has wrong value'),(3043,'Address zipcode verification: X'),(1697,'Addresses list is empty'),(487,'Admin'),(1263,'Admin has requested a change of password for your account. Please change the password before you proceed.'),(488,'Administration Zone'),(489,'Administrator'),(1465,'Administrator Zone'),(2332,'Administrator account cannot be deleted via customer interface.'),(2230,'Administrator header'),(2840,'Administrator notes'),(2231,'Administrator signature'),(2234,'Administrator subject'),(2235,'Administrator text'),(2309,'Advanced Order Management'),(2519,'Advanced option'),(2524,'Advanced statistics with Google Analytics'),(1985,'After activation Skrill will give you access to a new section in your Skrill account called \"Merchant tools\". Please choose a secret word (do not use your password for this) and enter it into the merchant tools section and below.'),(1239,'After clicking this button, your hard/soft reset links will be regenerated. You need it in case old links were compromised.'),(1354,'After the problem has been fixed, try to connect again.'),(1437,'After the upgrade is completed please check your website. If you find that the site is inoperative, please try to do the following'),(1751,'Aggregation cache has been cleaned'),(231,'All'),(647,'All Addresses (default zone)'),(350,'All Order Statuses'),(400,'All User Types'),(490,'All add-ons'),(2065,'All attributes'),(1773,'All countries'),(491,'All customers'),(2106,'All items cannot be removed from the order.'),(2042,'All levels'),(398,'All membership levels'),(2612,'All newest products'),(3131,'All news'),(2046,'All orders'),(2031,'All payment statuses'),(492,'All products on sale'),(1696,'All rights reserved.'),(493,'All shipping methods'),(2032,'All shipping statuses'),(494,'All shipping zones'),(2301,'All statuses'),(495,'All the products are in sufficient quantities'),(496,'All time'),(2613,'All upcoming products'),(2308,'All user types'),(3018,'All users'),(1702,'All words'),(499,'Alphabetically'),(1602,'Already added'),(1641,'Already exists'),(500,'Already have an account?'),(97,'Alt'),(501,'Alternative payment methods'),(502,'Alternative text'),(278,'Alternatively, upload file sqldump.sql.php to the var/backup/ sub-directory click on the \"Restore from server\" button'),(503,'Amount'),(504,'Amount: high to low'),(505,'Amount: low to high'),(1784,'An attempt to update settings of unknown payment method'),(2256,'An error occurred while sending the request'),(2367,'An error occurred, please try again. If the problem persists, contact the administrator.'),(2368,'An error occurred, please try again. If the problem persists, contact the administrator. (txnNote)'),(1656,'An upgrade is a dangerous process that may result in a crashed website.'),(506,'An upgrade is a dangerous process that may result in a crashed website. It is strongly recommended to create a full back up of your shop (the code and the database) and download it to a local computer before proceeding to the next step.'),(1852,'Anonymous'),(2043,'Anonymous (access level)'),(203,'Anonymous Customer'),(204,'Anonymous Customer, _Registered User with the same email_'),(1938,'Anonymous Customers'),(2658,'Anonymous users only'),(507,'Another state'),(117,'Any availability status'),(404,'Any category'),(120,'Any class'),(508,'Any membership level'),(509,'Any product class'),(2962,'Any rating'),(405,'Any status'),(2090,'Any stock status'),(2657,'Any visitors'),(1703,'Any word'),(510,'Any zone'),(511,'Appearance'),(2456,'Applied discount coupon'),(512,'Apply destination'),(513,'Apply price'),(1675,'Apply value changes globally'),(1674,'Apply value changes locally'),(2978,'Approve'),(2969,'Approve review'),(3156,'Approved URL'),(514,'Are you sure you want to continue?'),(515,'Are you sure you want to delete the selected user?'),(1599,'Are you sure you want to delete this profile?'),(516,'Are you sure you want to disable this add-on?'),(517,'Are you sure you want to enable this add-on?'),(2859,'Are you sure you want to transmit this shipment?'),(2296,'Are you sure you want to uninstall selected add-ons?'),(518,'Are you sure you want to uninstall this add-on?'),(2856,'Are you sure you want to void this shipment?'),(519,'Are you sure you wish to delete the selected zones?'),(520,'Are you sure?'),(521,'Arrival date'),(522,'Ask.com'),(523,'Assigned classes'),(2804,'Attached files'),(524,'Attachment is not deleted'),(525,'Attachments'),(526,'Attachments have been updated successfully'),(1506,'Attribute'),(17,'Attribute data will be lost. warning text'),(1505,'Attribute group'),(1502,'Attribute name'),(1497,'Attribute option'),(1503,'Attribute values'),(123,'Attributes'),(733,'Attributes block'),(320,'Attributes for X product class'),(1763,'Attributes have been successfully changed'),(1812,'Attributes have been updated successfully'),(1827,'Attributes imported'),(527,'Australia Post settings'),(2443,'AustraliaPost settings'),(2012,'Auth'),(2558,'Auth and Capture'),(2559,'Auth only'),(528,'Authentication'),(2677,'Authentication options'),(529,'Author'),(1962,'Authorization and Capture'),(1963,'Authorization only'),(2791,'Authorization period, days'),(2789,'Authorize amount for card setup'),(2759,'Authorize/charge the difference'),(352,'Authorized'),(1752,'Authorized amount'),(2698,'Auto enable new USPS shipping methods'),(1600,'Autogenerate Clean URL'),(1983,'Autogenerated'),(530,'Availability'),(531,'Available for sale'),(2434,'Avalara, a leader in US sales tax automation, provides a solution that can make your life easier by providing accurate and up-to-date tax rates for products you sell.'),(2994,'Average rating'),(532,'B'),(246,'BEGIN - END of TOTAL'),(1740,'Back'),(1707,'Back to Login form'),(732,'Back to Zones list'),(2746,'Back to credit cards'),(533,'Back to file select'),(1708,'Back to modules'),(2239,'Back to notifications list'),(534,'Back to order list'),(3005,'Back to product details'),(3073,'Back to templates list'),(307,'Backend payment transaction X issued'),(535,'Backup'),(536,'Backup & Restore'),(537,'Backup database'),(538,'Bank Account Number'),(2590,'Banner on Cart page'),(2588,'Banner on Category pages'),(2587,'Banner on Home page'),(2589,'Banner on Product details pages'),(2996,'Based on'),(539,'Based on these patterns, different shipping rate formulas can be defined for different order weight and price ranges and quantities of items. Ranges cannot overlap.'),(3017,'Be the first and leave a feedback.'),(1538,'Before editing attributes specific for the chosen type you should save the changes'),(2433,'Before enabling HTTPS protocol read this article:'),(2188,'Before installing a paid addon for this installation, you need to activate your X-Cart license.'),(2440,'Before you can start configure Australia Post module you should update available options from Australia Post. Please click button below.'),(540,'Benchmark completed in '),(541,'Benchmark result under 3000ms is considered good'),(542,'Bestsellers'),(543,'Billing address'),(1996,'Billing address is not defined'),(544,'Billing address is not defined yet'),(1743,'Billing address is the same as Shipping'),(545,'Bing'),(1971,'Blocked'),(2823,'Box maximum weight'),(546,'Brief description'),(547,'Brief descrption'),(548,'Browse server'),(2119,'Buy'),(2383,'Buy Business Edition'),(549,'Buy more'),(2339,'Buy prolongation'),(1717,'C.O.D. fee included'),(2518,'C.O.D. type'),(550,'CLOSE'),(1918,'CM'),(2702,'COD fee ($)'),(2517,'COD is disabled'),(2516,'COD is enabled'),(551,'CSS & JavaScript'),(2286,'CSV delimiter'),(2071,'CSV file has the wrong filename format.'),(1898,'CSV or ZIP files, total max size: {{size}}'),(3041,'CVC verification: X'),(1728,'CVV2'),(2369,'Cache management'),(552,'Cache rebuild is already started, please wait'),(2372,'Calculate quick data'),(2373,'Calculate quick data help text'),(553,'Calculate rates'),(2375,'Calculating quick data...'),(428,'California'),(1730,'Call us: '),(2569,'Can be set up later'),(554,'Can\'t be disabled. The module is required by:'),(555,'Can\'t connect to the Modules Marketplace server'),(1941,'Can\\\'t connect to the marketplace server'),(2835,'Canada Post settings'),(2866,'CanadaPost settings'),(144,'Cancel'),(2717,'Cancel import and keep current payment methods'),(2632,'Cancel sale'),(354,'Canceled'),(1818,'Cannot autogenerate clean URL for the product name \"{{name}}\". Please specify it manually.'),(2103,'Cannot create temporary order for modification'),(2242,'Cannot gather modules from the marketplace. Please try later.'),(283,'Cannot set X permissions for subdirectories:'),(2013,'Capture'),(1753,'Captured amount'),(2848,'Card (hold) for pick up'),(2204,'Card number'),(2783,'Card saved'),(2201,'Card type'),(2784,'Card was not saved due to payment processor error'),(1723,'Cardholder name'),(2764,'Cards saved by the customer for the future orders in this shop. No real credit cards were saved, only special token on the side of the payment processor, that can be used in this store only.'),(2706,'Cards which can be used for your future orders in this shop. No real credit cards were saved, only special token on the side of the payment processor, that can be used in this store only.'),(1129,'Carrier'),(2505,'Carrier type(s)'),(1738,'Cart'),(556,'Cart & checkout'),(2087,'Cart contains products with wrong quantity'),(2086,'Cart contains products with wrong quantity. Please correct this to proceed'),(213,'Cart is empty'),(1977,'Cash on delivery'),(557,'Catalog'),(558,'Categories'),(1828,'Categories imported'),(559,'Category'),(89,'Category icon'),(560,'Category info'),(561,'Category name'),(562,'Category page title'),(563,'Change'),(564,'Change address'),(1729,'Change attributes'),(565,'Change method'),(566,'Change options'),(1356,'Change password'),(567,'Change payment info'),(568,'Change shipping info'),(2346,'Change the Clean URL value for this page'),(2107,'Changed items'),(2108,'Changed options'),(1672,'Changes of attributes globally'),(2121,'Character set'),(2792,'Charged amount'),(1654,'Check again'),(569,'Check all'),(2424,'Check for available free disk space has failed'),(570,'Check number'),(2782,'Check the settings.'),(571,'Checking'),(572,'Checking integrity, please wait...'),(217,'Checkout'),(573,'Choose'),(3049,'Choose Webhook tab and press + add URL button'),(574,'Choose _payment methods_'),(2410,'Choose a new template'),(2203,'Choose card type'),(575,'Choose file'),(576,'Choose from a variety of bundled payment solutions to accept credit cards and other methods of payment on your website'),(577,'Choose method'),(578,'Choose shipping method'),(2929,'Choose the optional attributes that your variants will be based on'),(1710,'Choose the product options first'),(2382,'Choose the right plan'),(1549,'Choosing \"URLs\" will link the exported data to your public files (product and category images, downloadable files shown on product pages, and so on) through direct URLs'),(2202,'Chose credit card type'),(579,'City'),(2066,'Classes & Attributes'),(1780,'Classes & attributes'),(580,'Clean URL'),(630,'Clean URLs are disabled'),(628,'Clean URLs are disabled. More info'),(629,'Clean URLs are enabled'),(632,'Clean URLs functionality may not be enabled. More info'),(585,'Clean aggregation cache'),(59,'Clean aggregation cache help text'),(586,'Clean widgets cache'),(60,'Clean widgets cache help text'),(587,'CleanURL'),(584,'Clean_urls_error_message'),(1461,'Cleanup'),(1458,'Cleanup queries'),(1714,'Clear all fields'),(588,'Clear bag'),(45,'Clear cart'),(115,'Clear search'),(3053,'Click Connect with Stripe to be redirected to Stripe.com'),(589,'Click here to access/add subcategories'),(2634,'Click here to specify tax rates that will apply only to shipping charges'),(590,'Click here to view states of country'),(1529,'Click if you do not want to add this value to new products or class’s assigns automatically'),(1530,'Click if you want to add this value to new products or class’s assigns automatically'),(2711,'Click the button below to re-import payment methods from X-Payments.'),(2120,'Click the link to increase product amount'),(1566,'Click to add rates'),(1570,'Click to add states'),(1633,'Click to close'),(1572,'Click to edit all this label translations'),(1565,'Click to edit rates'),(1569,'Click to edit states'),(1632,'Click to open'),(591,'Click to unblock'),(182,'Clicking the Place order button you accept: Terms and Conditions'),(1489,'Clone'),(1488,'Clone this product'),(124,'Cloned products'),(361,'Close'),(592,'Close storefront'),(1861,'Closed'),(593,'Code'),(2614,'Coming soon'),(2282,'Coming soon (title)'),(2625,'Coming soon...'),(1625,'Comma'),(594,'Comment'),(595,'Comments'),(1914,'Commercial'),(2847,'Commercial - will return the contracted price between Canada Post and the contract holder'),(2680,'Common options'),(2035,'Communication log'),(1846,'Compact view'),(596,'Company'),(597,'Company name'),(1995,'Compare'),(1731,'Compare products'),(1467,'Compare your result with other servers'),(1644,'Complete'),(1744,'Complete billing address'),(598,'Completed'),(599,'Component'),(2780,'Conection with X-Payments is OK.'),(600,'Configuration'),(2731,'Configuration has been successfully deployed'),(1561,'Configure'),(601,'Configure _shipping methods_'),(2525,'Configure the Google Analytics module to view the advanced statistics'),(2774,'Configure your gateway'),(602,'Configure your store'),(141,'Confirm deletion'),(603,'Confirm password'),(2389,'Confirmation'),(1642,'Confirmation does not match'),(163,'Congratulations! Your order has been placed successfully'),(2775,'Connect'),(2777,'Connect to X-Payments. Do 3 easy steps.'),(2779,'Connected!'),(2767,'Connection'),(2781,'Connection failed!'),(2538,'Contact Skrill on ecommerce@skrill.com or by phone +44 (0) 870 383 0762'),(2648,'Contact us'),(20,'Contact us trial notice'),(604,'Contacts'),(2001,'Container'),(605,'Content'),(606,'Continue'),(1745,'Continue as guest'),(46,'Continue shopping'),(58,'Continue...'),(3047,'Copy Webhook URL and go to Account settings'),(607,'Copy file to local server'),(2722,'Copy the value of the Configuration field from X-Payments Online Store Details page, paste the string here and click Deploy. All the connection settings will be specified automatically.'),(96,'Copy to file system'),(1612,'Core version'),(608,'Core version: '),(2704,'Could not add the discount because another discount already exists for the specified subtotal range and membership level'),(2364,'Could not assign upgrade access level to your license keys'),(2705,'Could not update the discount because another discount already exists for the specified subtotal range and membership level'),(1947,'Couldn\'t move X images. See log for details.'),(1946,'Couldn\'t move image X'),(1456,'Count'),(2846,'Counter - will return the regular price paid by retail consumers'),(609,'Countries'),(2212,'Countries information has been successfully updated'),(610,'Countries, states and zones'),(611,'Country'),(2485,'Coupon'),(2493,'Coupon cannot be combined with other coupons'),(612,'Coupon code'),(2463,'Coupon discount'),(2481,'Coupon discount can be limited to customers with these membership levels'),(2480,'Coupon discount can be limited to these product classes'),(613,'Coupons'),(614,'Create'),(616,'Create SQL file'),(617,'Create a backup'),(618,'Create account'),(2946,'Create all possible variants'),(619,'Create an account for later use'),(620,'Create category'),(2325,'Create label'),(621,'Create new account'),(3136,'Create news message'),(615,'Create profile'),(2798,'Create return'),(2857,'Create shipment'),(1250,'Create zone'),(622,'Created'),(2805,'Created on'),(2726,'Credit card'),(1724,'Credit card number'),(2211,'Credit card security code (if present)'),(1897,'Critical error'),(1440,'Critical errors have been detected in the files you are trying to import. Please correct the errors and try again.'),(1620,'Curl options'),(1619,'Curl version'),(623,'Currency'),(2511,'Currency code'),(3107,'Currency conversion options'),(1980,'Currency conversion rate'),(3109,'Currency rate'),(2102,'Current price for the selected configuration and quantity: X'),(2403,'Current template'),(1984,'Custom'),(624,'Custom CSS'),(87,'Custom HTML title'),(625,'Custom JavaScript'),(1903,'Custom attributes'),(626,'Custom images'),(1835,'Custom offline shipping'),(627,'Custom translation'),(202,'Customer'),(2041,'Customer access level'),(2228,'Customer header'),(2104,'Customer information'),(2980,'Customer name'),(201,'Customer note'),(3006,'Customer reviews'),(2229,'Customer signature'),(2232,'Customer subject'),(2233,'Customer text'),(1469,'Customer zone is closed for maintenance.'),(1824,'Customers'),(1825,'Customers imported'),(2615,'Customers who bought this product also bought'),(2616,'Customers who viewed this product bought'),(380,'DECEMBER'),(1919,'DM'),(2514,'Dangerous Goods/Accessibility'),(1441,'Data has not been found'),(634,'Data have been deleted successfully'),(635,'Data have been saved successfully'),(636,'Database backup created successfully'),(1801,'Database restored successfully!'),(637,'Date'),(1713,'Date range'),(392,'Date range should less than %d days'),(391,'Date range should longer than %d days'),(2476,'Date when customers can start using the coupon'),(2477,'Date when the coupon expires'),(2752,'Date, time'),(2617,'Date: newest first'),(2618,'Date: oldest first'),(638,'Day'),(360,'Days'),(639,'Dear'),(299,'Dear X'),(640,'Dear customer'),(641,'Decline'),(642,'Declined'),(3157,'Declined URL'),(2793,'Declined amount'),(643,'Default'),(2937,'Default QTY'),(2936,'Default SKU'),(644,'Default customer address'),(1833,'Default for admins'),(645,'Default for customer zone and can not disabled or deleted'),(646,'Default for customer zone and cannot be disabled or deleted'),(1832,'Default for customers'),(1499,'Default option'),(121,'Default tax class'),(1539,'Default value'),(2951,'Default variant'),(417,'Default zone tooltip text'),(1047,'Default-sort-option'),(648,'Define classes'),(143,'Delete'),(152,'Delete Language'),(649,'Delete SQL file'),(2331,'Delete account'),(650,'Delete all'),(1537,'Delete all files'),(57,'Delete item'),(651,'Delete profile'),(652,'Delete selected'),(653,'Delete selected profile'),(1444,'Delete temporary files after the import is completed'),(654,'Delete the image'),(655,'Delete this address?'),(2799,'Deliver to Post Office'),(48,'Delivery'),(3102,'Delivery confirmation'),(656,'Delivery methods'),(2802,'Delivery to Post Office'),(260,'Depending on the size of your data file, importing may take some time.'),(2016,'Deploy'),(41,'Description'),(2790,'Description of the card setup payment'),(657,'Descriptions of various rate types are provided below'),(1955,'Destination address'),(658,'Destination zone'),(659,'Details'),(2274,'Developers docs'),(2794,'Difference'),(2885,'Digital'),(2824,'Dimensions (cm)'),(660,'Directories and files permissions'),(341,'Directory X does not have permissions to write. Please set necessary permissions to directory X.'),(1830,'Directory does not have permissions to write'),(1624,'Directory is empty'),(148,'Disable'),(661,'Disable all modules in the system'),(662,'Disable suspicious modules'),(663,'Disabled'),(1532,'Disabled in catalog'),(151,'Disabled language can not be set as default for customer zone'),(1817,'Disabled language cannot be default.'),(664,'Disabled language cannot be set as default for customer zone'),(2025,'Disabled modules hooks message body'),(2024,'Disabled modules hooks message head'),(750,'Disables absolutely all modules (hard reset)'),(1145,'Disables all modules except ones that were downloaded from marketplace (soft reset)'),(3051,'Disconnect'),(665,'Discount'),(666,'Discount amount'),(667,'Discount type'),(2635,'Discounted subtotal'),(2636,'Discounted subtotal + Shipping cost'),(668,'Display \'inc/ex VAT\' labels next to prices'),(2580,'Display the \"Buy Now with PayPal\" button'),(669,'Display type'),(1841,'Displays the number of labels translated to the language'),(670,'Do not close this page!'),(1661,'Do not replace selected files and ignore their newer versions'),(2850,'Do not safe drop'),(2049,'Do not see your payment method? Find it on our Marketplace'),(2089,'Do not select anything if you want to make the product visible to all customers.'),(671,'Do not show at startup anymore'),(2786,'Do not use card setup'),(1443,'Do not verify images to increase speed of the process'),(2544,'Do you have questions?'),(672,'Do you really want to delete selected items?'),(2826,'Document'),(2806,'Documents'),(2687,'Domestic U.S.P.S.'),(2601,'Don\'t have account yet?'),(3037,'Don\'t have account yet? Sign up for SagePay now!'),(3061,'Don\'t have an account?'),(1634,'Double quote'),(1899,'Download CSV files'),(673,'Download SQL file'),(1550,'Download all files in a single archive'),(674,'Downloaded components'),(675,'Downloading updates'),(676,'Downloading updates, please wait...'),(677,'Drag and drop me to the bag'),(1442,'Drop existing items before import'),(678,'Drop items here to shop'),(2509,'Dropoff type'),(679,'Drupal frontend'),(319,'Duplicated clean URL: X'),(265,'During the import was recorded X errors. You can get them by downloading the log files.'),(1732,'E-Mail'),(2566,'E-Mail address to receive PayPal payment'),(680,'E-mail'),(681,'E-mail is not defined yet'),(1568,'Edit'),(1603,'Edit attribute'),(1528,'Edit attribute values'),(1475,'Edit attributes'),(682,'Edit charges for:'),(2406,'Edit custom options'),(153,'Edit label'),(154,'Edit labels'),(407,'Edit labels (X)'),(683,'Edit page'),(1563,'Edit product'),(684,'Edit profile'),(423,'Edit rates (X)'),(2968,'Edit review'),(412,'Edit states (X)'),(346,'Edit subcategories (X)'),(2986,'Edit your review'),(3070,'Edited templates'),(309,'Editing attribute groups on this page won\'t affect other product classes which use these groups'),(685,'Email'),(686,'Email &amp; password'),(219,'Email address'),(2539,'Email address of your Skrill account'),(687,'Email body'),(2224,'Email notifications'),(688,'Email settings'),(1942,'Empty \"class\" parameter is passed to the {{method}}'),(149,'Enable'),(689,'Enable HTTPS'),(581,'Enable clean URL'),(631,'Enable clean URLs'),(2504,'Enable debugging'),(2347,'Enable the Force Clean URL option to unassign the Clean URL from the page it is currently used for and apply it to this page.'),(3155,'Enable the Use Enhanced Cancel option.'),(690,'Enabled'),(2226,'Enabled for administrator'),(2227,'Enabled for customer'),(1531,'Enabled in catalog'),(349,'Enter OrderID or email'),(2853,'Enter Return # or Order #'),(695,'Enter X more characters to start search'),(185,'Enter a correct email'),(190,'Enter a negative number'),(187,'Enter a number'),(189,'Enter a positive number'),(186,'Enter an integer'),(2484,'Enter code'),(691,'Enter coupon code'),(351,'Enter date range'),(2548,'Enter description of the purchase that will be displayed on PayPal payment page.'),(2686,'Enter here a URL provided to you  by U.S.P.S. in the notification about registering for the U. S. Postal Service\'s Web Tools Application Program Interfaces'),(397,'Enter keyword'),(692,'Enter keywords'),(693,'Enter license key'),(1881,'Enter pattern here'),(1884,'Enter search pattern'),(694,'Enter shipping address'),(2547,'Enter the email address associated with your PayPal account.'),(1716,'Enter the shipping address to see delivery methods available to you'),(1746,'Enter your e-mail'),(29,'Enter your license key here'),(696,'Environment'),(697,'Environment info'),(698,'Error'),(582,'Error code explanation:'),(2736,'Error had occured during the requesting of payment methods from X-Payments. See log files for details.'),(2162,'Error of image loading. Make sure the \"images\" directory has write permissions.'),(1797,'Error of uploading file.'),(699,'Estimate shipping cost'),(700,'Estimate your server performance'),(701,'Estimated for'),(35,'Evaluation notice'),(702,'Everything you need'),(1701,'Exact phrase'),(703,'Example'),(427,'Example city'),(704,'Examples'),(705,'Exception'),(2436,'Existing Avalara user?'),(1718,'Existing Customer?'),(2338,'Exp. date'),(706,'Expand the functionality of your store by installing and using add-on modules'),(1847,'Expanded view'),(1726,'Expiration date'),(355,'Expired'),(707,'Export'),(1551,'Export completed'),(1555,'Export failed'),(1556,'Export in CSV'),(2063,'Export product data with'),(708,'Export products'),(1546,'Export public files as'),(1545,'Export settings'),(340,'Exported in X'),(1552,'Exporting data...'),(709,'Extensions'),(370,'FEBRUARY'),(366,'FR'),(3137,'FREE'),(3139,'FREE SHIPPING'),(2412,'FREE quote'),(710,'Failed'),(711,'Failed to add detailed image'),(712,'Failed to add the attachment'),(713,'Failed to add the attachment. The file download is forbidden'),(1808,'Failed to update category image'),(2652,'Failed to update page image'),(1829,'Failed write to file'),(342,'Failed write to file X. There may not be enough disc-space. Please check if there is enough disc-space.'),(714,'Failed/Declined'),(1655,'Failure'),(1722,'Failure reason:'),(1516,'Failure: File has the wrong format.'),(2883,'Fashion'),(1589,'Fax'),(2496,'Featured'),(715,'Featured products'),(2506,'FedEx Express (FDXE)'),(2507,'FedEx Ground (FDXG)'),(2523,'FedEx Settings'),(2508,'FedEx SmartPost (FXSP)'),(2502,'FedEx account number'),(2500,'FedEx authentication key'),(2501,'FedEx authentication password'),(2503,'FedEx meter number'),(2497,'FedEx module allows to use online shipping rates calculation via FedEx.'),(2499,'FedEx settings'),(716,'Field is required!'),(2323,'File is not an image'),(2324,'File is not uploaded'),(1789,'File not found'),(288,'File size exceeds the maximum size'),(717,'File title'),(2914,'File with certificate should be located in the directory classes/XLite/Module/XC/IdealPayments/cert'),(3054,'Fill out the form with your Company info to setup your account and start processing payments immedately'),(2381,'Filter transactions by status'),(1882,'Find countries'),(2050,'Find in Marketplace'),(1223,'Find language in marketplace'),(1883,'Find states'),(2379,'Find transactions by ID'),(718,'Find us on Facebook'),(719,'First name'),(2690,'First-Class mail type'),(720,'Flat markup'),(721,'Flat shipping charge (flat)'),(285,'Flat shipping charge per X ordered (per Y)'),(722,'Flat shipping charge per item ordered (per item)'),(723,'Footer menu'),(1610,'For details refer to'),(18,'For details refer to X-Cart license'),(724,'For real-time shipping methods (USPS, UPS, Intershipper):'),(725,'For the period'),(2349,'Force Clean URL'),(2021,'Force customer to choose product options before the product can be added to cart'),(1699,'Forgot password'),(726,'Forgot password?'),(1473,'Forgot your password?'),(727,'Format'),(2210,'Four-digit number on the front side of your card'),(53,'Free'),(728,'Free add-ons'),(2079,'Free license is activated successfully'),(2084,'Free license key for this email is already registered'),(3138,'Free shipping'),(3142,'Free shipping tooltip text'),(729,'From'),(93,'From computer'),(734,'From email'),(1749,'Front page'),(735,'Full description'),(736,'Full name'),(1932,'G'),(2694,'GXG destination is a post office box'),(2695,'GXG package contains a gift'),(737,'General'),(738,'General Settings'),(739,'General info'),(740,'General settings'),(2637,'General tax rates'),(2923,'Generate cache on the fly'),(2268,'Generate resized images'),(2269,'Generate resized images help text'),(1523,'Get CSV'),(2703,'Get X off for order amount over Y'),(2692,'Get commercial base postage'),(2681,'Girth (inches)'),(741,'Give buyers a way to pay by adding an alternative payment method.'),(742,'Give buyers another way to pay by adding an alternative payment method'),(1806,'Global'),(2064,'Global & Classes attributes'),(2693,'Global Express Guarantee (GXG)'),(1805,'Global attributes'),(743,'Go to Marketplace'),(744,'Go to checkout'),(37,'Go to checkout as a New customer'),(2761,'Go to payment details page'),(3048,'Go to your account settings on www.stripe.com'),(51,'Grand total'),(175,'Greetings, X'),(745,'Grid'),(746,'Group options'),(2173,'Group {{value}} does not exists and will be created'),(3160,'Guide to ShippingCalc Shipping Settings'),(3149,'HPP Key'),(747,'HTML title (\'title\' tag)'),(748,'HTTPS check'),(1820,'HTTPS option has been disabled'),(1819,'HTTPS option has been successfully enabled'),(749,'HTTPS settings'),(1686,'Hard reset (disables all modules and runs application)'),(751,'Hard reset: Disables absolutely all modules'),(2353,'Hash file for installed entry \"{{entry}}\" doesn\'t exist or is not readable'),(753,'Have a discount coupon?'),(2455,'Have more coupons?'),(2225,'Headers & signatures'),(1959,'Height'),(230,'Hello, user'),(108,'Help'),(754,'Help zone'),(755,'Here are shown only the methods enabled on the configuration page'),(756,'Here you can define how your payment methods will look in customer area'),(1478,'Here you can define how your payment methods will look in customer area.'),(757,'Hide'),(3060,'Hide \"How to use\" instruction'),(758,'Hide trailing zeros in fractional part'),(759,'History'),(760,'Home'),(2422,'How do I move X-Cart?'),(3001,'How do you rate this item?'),(761,'How to back up your store database'),(762,'How to define shipping rates'),(763,'How to define shipping zones'),(2350,'Human readable and SEO friendly web address for the page.'),(181,'I accept Terms and Conditions'),(2585,'I agree with PayPal terms & conditions'),(2199,'I confirm that I have created backups of my store\'s files and database before upgrading the store'),(2730,'I want to use this credit card for my future orders in this shop.'),(1920,'IN'),(2564,'IPN HTTP error'),(2563,'IPN verification failed'),(764,'Icons'),(765,'Identity'),(3110,'If the UPS returns rates in currency which is differ from the currency the store uses for payments you need to specify the conversion rate to convert the shipping cost returned by UPS into the necessary currency. Otherwise leave 1.'),(2512,'If the currency specified above differs from the currency which the store uses for payments you need to specify the conversion rate to convert the shipping cost returned by FedEx into the necessary currency. Otherwise leave 1.'),(766,'If there are some critical errors occured you can do the following'),(2699,'If you are planning to allow your customers to use the COD payment method for orders shipped with USPS shipping methods, you can make the calculation of shipping costs faster by setting a fixed extra fee for using the COD payment method.'),(767,'If you choose the second option, you can download the file from the server later on and delete it from the server by clicking on the \'Delete SQL file\' button.'),(1483,'If you choose to create SQL file, you will be able to download the file from the server later and after that delete it from the server by clicking on the \"Delete SQL file\" button.'),(768,'If you do not have an account, you can easily'),(769,'If you don\'t have a moneybookers account yet, please sign up for a free moneybookers account at: http://www.skrill.com'),(770,'If you have a license key for a commercial module, you can enter it here to register the purchase of the appropriate module.'),(771,'If you have a plugin in the .tar format, you can install it by uploading it here'),(1496,'If you have multiple products sharing the same set of attributes, it makes sence to make them to be of the same product type and create the attributes on the product type level.'),(2700,'If you have selected to use a fixed COD fee, specify the fee amount here.'),(2409,'If you purchased a template but do not see it here, activate the license key that was provided to you.'),(297,'If you store product images in the database, they are included in the SQL dump file'),(2494,'If you want the coupon discount to be applied only to products from specific categories, specify these categories here.'),(2838,'If you want to enable merchant registration wizard once again, please click on the following link'),(1944,'If your store is crashed after upgrade, you can recover it'),(772,'Image'),(193,'Image X'),(773,'Image border will not be displayed in customer\'s frontend'),(2057,'Image resized: X out of Y'),(2061,'Image resized: X out of Y with errors'),(122,'Images'),(2266,'Images resized'),(2280,'Images resized: {{count}}'),(774,'Import'),(775,'Import / Export'),(1453,'Import by CSV'),(776,'Import from file'),(2062,'Import has been cancelled.'),(2327,'Import language'),(1885,'Import language from CSV file'),(261,'Import mechanism does not know the field of X and it can not be imported'),(2710,'Import payment methods'),(1445,'Import settings'),(777,'Import/Export'),(2288,'Import/Export guide'),(2747,'Important!'),(2260,'Imported'),(2261,'Importing data...'),(258,'Importing will overwrite the existing product information. This operation cannot be undone.'),(2186,'In advanced mode you can choose specific modules for upgrade.'),(778,'In category'),(1479,'In order to accept credit cards payments you should install the necessary payment module from our Marketplace.'),(779,'In stock'),(2922,'In stock only'),(2808,'In store currency (0 - do not use coverage)'),(2352,'In this section you can review the recent payment transactions that have taken place at your store'),(780,'Inactive'),(781,'Incl. X'),(2629,'Include response in hash'),(251,'Including X'),(1509,'Including subcategories'),(1643,'Incomplete'),(782,'Incompleted'),(282,'Incorrect owner of X directory'),(284,'Incorrect owner of X file'),(2388,'Incorrect password. Please try again.'),(2638,'Individual settings for every rate'),(2085,'Information about free license key has been sent'),(783,'InnoDB engine support enabled'),(2036,'Input data'),(784,'Install'),(785,'Install add-on'),(1887,'Install modules'),(786,'Install updates'),(2329,'Installation date'),(787,'Installation directory'),(2429,'Installation warnings'),(788,'Installed'),(789,'Installed Modules'),(790,'Installed modules'),(1580,'Installed version'),(791,'Installing updates, please wait...'),(3104,'Insured value'),(2689,'International U.S.P.S.'),(792,'Invalid login or password'),(1821,'Inventory has been successfully updated'),(793,'Inventory status'),(794,'Inventory tracking'),(795,'Inventory tracking for this product is'),(2088,'Inventory tracking options'),(796,'Invoice'),(1758,'Invoice #{{orderId}}, {{time}}'),(209,'Invoice X'),(1964,'Invoice number prefix'),(1727,'Issue no'),(797,'It is impossible to delete or create user accounts because your store currently works as an integration with Drupal and shares users with Drupal. Deleting/creating user accounts is possible via Drupal administrator interface.'),(798,'It is impossible to edit some user profile fields because your store currently works as an integration with Drupal and shares users with Drupal. Modifying these fields is possible via Drupal administrator interface.'),(1433,'It\'s impossible to detect valid SSL certificate availability on your server because curl extension is not installed.'),(1848,'Item'),(799,'Item description'),(800,'Item has been deleted from cart'),(1768,'Item has not been deleted from cart'),(801,'Item name'),(215,'Items'),(802,'Items per page'),(803,'Items range'),(369,'JANUARY'),(375,'JULY'),(374,'JUNE'),(804,'Join forces with your bank'),(805,'K'),(1931,'KG'),(2756,'KOUNT Antifraud screening result'),(1408,'Key is validated, but the module X was not found'),(109,'Knowledge Base'),(1929,'LB'),(1842,'Label'),(139,'Label name'),(1834,'Labels'),(806,'Language'),(807,'Language labels'),(146,'Language name in X'),(103,'Language options'),(1512,'Language:'),(107,'Languages'),(1667,'Last 24 hours'),(1668,'Last 7 days'),(808,'Last logged in'),(809,'Last login'),(1669,'Last month'),(810,'Last name'),(2209,'Last three numbers on the back side of your card'),(2356,'Last week'),(2358,'Last year'),(2583,'Launch PayPal'),(2124,'Layout'),(2413,'Layout has been changed. Review the updated storefront.'),(2405,'Layout type'),(2218,'Learn More'),(2849,'Leave at door'),(2402,'Leave blank to use category name as Page Title.'),(2390,'Leave blank to use product name as Page Title.'),(1957,'Length'),(1500,'Length x Width x Height'),(1704,'Less search options'),(19,'License activation is not available'),(1414,'License is not received'),(2337,'License key'),(2335,'License key has been successfully verified and activated for \"{{name}}\" module by \"{{author}}\" author. But this key has expired and do not allow upgrade store.'),(811,'License key has been successfully verified for \"{{name}}\" module by \"{{author}}\" author'),(2328,'License: trial version'),(812,'Lifetime'),(2471,'Limit number of uses'),(813,'Limit the number of uses'),(2054,'Lines checked: X out of Y'),(2055,'Lines imported: X out of Y'),(2059,'Lines imported: X out of Y with errors'),(2058,'Lines verified: X out of Y with errors'),(814,'Link'),(815,'List'),(816,'List of states'),(1909,'Live'),(1991,'Live mode'),(1800,'Loading the database from file .'),(817,'Loading...'),(818,'Localization'),(1999,'Locked'),(2697,'Log all comunications between shopping cart and USPS server'),(2319,'Log files not found'),(819,'Log in'),(241,'Log off'),(820,'Log out'),(821,'Logged as'),(2659,'Logged in users only'),(240,'Logged in!'),(822,'Login'),(1719,'Login Here'),(2322,'Login dates'),(823,'Login here'),(824,'Login history'),(1851,'Login/E-mail'),(2649,'Logo'),(2661,'Logo & Favicon'),(825,'Look & Feel'),(1614,'Loopback test'),(324,'Low inventory products'),(826,'Low limit notification for this product is'),(827,'Low limit quantity'),(828,'Low stock'),(2357,'Low stock info'),(829,'M'),(371,'MARCH'),(373,'MAY'),(2627,'MD5 hash value'),(1917,'MM'),(362,'MO'),(2205,'MONTH'),(2002,'Machinable'),(2691,'Mail type'),(2828,'Mailing tube'),(127,'Main categories'),(830,'Maintenance'),(831,'Maintenance and operation'),(2398,'Make a discount available to all customers or only to specific membership levels;'),(832,'Make back-up of your store database'),(1798,'Making backup of the current database state ... '),(839,'Manage admins'),(1795,'Manage attribute groups'),(833,'Manage catalog'),(834,'Manage categories'),(347,'Manage category (X)'),(835,'Manage customer and administrator accounts'),(1605,'Manage groups'),(836,'Manage orders'),(837,'Manage orders placed at your store'),(1495,'Manage product classes'),(838,'Manage users'),(840,'Manage your product inventory'),(841,'Mandatory fields are marked with an asterisk'),(2818,'Manifest ID'),(2817,'Manifests'),(842,'Manually defined shipping methods'),(843,'Mark, the search engines you want to inform of the structure of your site using the site map'),(844,'Market price'),(845,'Marketplace'),(846,'Marketplace [check_addon_key]: the \"{{url}}\" URL requested'),(847,'Marketplace [check_for_updates]: the \"{{url}}\" URL requested'),(848,'Marketplace [check_for_updates]: valid response received'),(849,'Marketplace [get_hosting_score]: response has an invalid format'),(850,'Marketplace [get_hosting_score]: the \"{{url}}\" URL requested'),(2193,'Marketplace-Vendor'),(851,'Markup per item'),(852,'Markup per weight unit'),(1700,'Max'),(1501,'Maximum number of items per box'),(2472,'Maximum number of uses'),(2467,'Maximum order subtotal must be greater than minimum order subtotal'),(2479,'Maximum order subtotal the coupon can be applied to'),(1982,'Maximum package weight'),(279,'Maximum size of the file to upload is N'),(1796,'Measuring productivity in manual mode failed.'),(853,'Membership'),(854,'Membership access'),(855,'Membership levels'),(856,'Membership name'),(857,'Memberships'),(1997,'Menu'),(2651,'Menu links help text'),(858,'Menus'),(2553,'Merchant login'),(2836,'Merchant registration wizard'),(208,'Merge with Registered'),(859,'Message'),(2451,'Message has been sent'),(91,'Meta desc'),(860,'Meta description'),(861,'Meta keywords'),(90,'Meta tags'),(2312,'Method name'),(862,'Methods'),(2466,'Minimum order subtotal must be less than maximum order subtotal'),(2478,'Minimum order subtotal the coupon can be applied to'),(1498,'Modifiers'),(863,'Modify'),(864,'Modify \"{{name}}\" option group'),(865,'Modify category'),(866,'Modify option groups exceptions'),(867,'Modify root category (the front shop page)'),(2287,'Module Marketplace. Terms of use'),(135,'Module available editions 3'),(136,'Module available editions 4'),(868,'Module has been successfully installed'),(1791,'Module packing is available in the DEVELOPER mode only. Check etc/config.php file'),(2297,'Module page'),(1428,'Module with ID X is not found'),(1585,'Module\'s page'),(869,'Modules Marketplace'),(1419,'Modules have been successfully installed'),(1822,'Modules license agreements'),(388,'Month'),(1739,'More'),(1889,'More actions for selected'),(870,'More add-ons'),(871,'More details'),(1945,'More info is available in X-Cart\'s Knowledge Base article \'What to do if you cannot access your store...\''),(583,'More information about clean urls in X-Cart is available in '),(633,'More information on Clean URL problems on your system'),(1705,'More search options'),(872,'Most Popular'),(873,'Most Rated'),(874,'Move'),(2863,'Move item'),(1925,'Mr.'),(1927,'Mrs.'),(1926,'Ms.'),(2528,'Multiple top-level domains'),(3114,'Mutual link'),(875,'My account'),(876,'MySQL server'),(131,'N it.'),(101,'N items found'),(130,'N items total'),(379,'NOVEMBER'),(877,'Name'),(1839,'Name asc'),(1840,'Name desc'),(878,'Name of address field'),(879,'Name of bank at which account is maintained'),(880,'Name of purchaser'),(881,'Name under which the account is maintained at the bank'),(1494,'Name, e.g. Apparel'),(997,'Name-sort-option'),(147,'Native language name'),(2593,'Near \"Add to cart\" button'),(2594,'Near \"Checkout\" button'),(31,'Need a license key?'),(2411,'Need custom design? We can modify this template or create a completely unique design for you'),(1607,'Need license key?'),(1480,'Need more payment methods?'),(882,'Never'),(1542,'New Export'),(2299,'New access codes were generated.'),(883,'New access key will also be sent to the Site administrator\'s email address'),(2278,'New account'),(1472,'New address'),(884,'New address field'),(2619,'New arrivals'),(1604,'New attribute'),(125,'New category'),(885,'New discount coupon'),(1541,'New group'),(886,'New image'),(3085,'New images'),(1439,'New import'),(887,'New item'),(116,'New membership'),(2028,'New module version available for core versions X'),(2360,'New modules'),(3128,'New news message'),(2101,'New order notes'),(888,'New page'),(2864,'New parcel'),(889,'New product class'),(890,'New product has been added successfully'),(891,'New rate'),(892,'New role'),(1684,'New safe mode access key has been generated'),(2639,'New sale tax rate'),(2887,'New tab'),(1249,'New tax class'),(2435,'New to Avalara?'),(36,'New to our store?'),(1665,'New user registered'),(1540,'New value'),(171,'New zone has been created successfully'),(2620,'New!'),(893,'Newest'),(894,'Newest first'),(3129,'News'),(3127,'News message'),(3126,'News messages'),(895,'Next'),(3133,'Next news'),(896,'Next page'),(44,'Next product'),(86,'Next wizard'),(897,'No'),(1349,'No Curl extension for PHP error'),(1350,'No OpenSSL extension for PHP error'),(1348,'No Phar extension for PHP error'),(2765,'No active X-Payments payment methods, or saving credit cards is not activated.'),(1606,'No attributes are defined for the product class yet.'),(1508,'No attributes assigned'),(1781,'No category defined'),(2076,'No class'),(1915,'No delimiter'),(2803,'No events found'),(898,'No featured products defined for this category'),(1507,'No group'),(899,'No image'),(900,'No images uploaded'),(2303,'No items found'),(901,'No items found.'),(2882,'No items have been selected for return.'),(399,'No membership'),(902,'No merchant account required'),(498,'No merchant account required. Simple onboarding for you and easy checkout for your customers.'),(2304,'No model selected'),(1576,'No modules found'),(102,'No modules found for search_string'),(903,'No order have been placed yet'),(331,'No order on last day'),(334,'No order on last lifetime'),(333,'No order on last month'),(332,'No order on last week'),(335,'No orders'),(904,'No orders have been placed yet'),(106,'No other languages defined'),(1771,'No payment method selected'),(1772,'No payment methods found based on the selected criteria'),(905,'No payment modules installed'),(1493,'No product class assigned'),(1578,'No products found'),(2919,'No products matching your criteria found. Please try again with different parameters.'),(906,'No products sold yet'),(1579,'No profiles found'),(2243,'No promotion modules installed'),(2423,'No region'),(3015,'No reviews.'),(907,'No states found'),(1474,'No such user'),(908,'No tax rate defined'),(1133,'No tracking numbers are defined'),(1577,'No users found'),(2931,'No variants added, and the product is not available for sale yet. Create at least one variant.'),(2884,'Noblesse'),(909,'Non-administrator'),(232,'None'),(1616,'Not detected'),(1940,'Not enough disk space. Required: {{req}} (+{{reserve}} reserve). Available: {{avail}}'),(910,'Not finished'),(911,'Not numeric'),(3016,'Not rated yet'),(1524,'Not selected'),(2841,'Not specified'),(912,'Note'),(2766,'Note: No payment methods here because the module is not configured. Please finalize settings at '),(1974,'Note: To enable/disable \'Cash on delivery\' payment option you should enable/disable payment method \'Cash on delivery (FedEx)\' at the _Payment methods page_'),(1956,'Note: a new window will be opened'),(913,'Notes'),(2238,'Notification'),(2273,'Notification headers and signatures can be set using variables. A list of supported variables and their respective values is provided in the table below'),(2116,'Notify customer'),(1651,'Now disabled'),(1514,'Number of ignored rows:'),(2953,'Number of variants confirmation'),(2954,'Number of variants error'),(2952,'Number of variants warning'),(2955,'Number of variants warning message'),(378,'OCTOBER'),(1596,'OR'),(1930,'OZ'),(914,'Official website'),(915,'Offline methods'),(3121,'Ogone PSPID'),(3125,'Ogone settings note'),(3124,'Ogone signup'),(2744,'Ok'),(2100,'Old order notes'),(916,'Old price'),(917,'On all catalog pages'),(2832,'On delivery'),(2831,'On exception'),(3007,'On moderation'),(918,'On product details only'),(2830,'On shipment'),(2237,'On this page you can edit the header and signature used by all the email notifications sent by your store (separately for admin and customer users)'),(3163,'On-demand'),(1238,'Once links are regenerated, they will be sent to store administrator email.'),(2719,'Once the connection is verified, you should proceed to the'),(2128,'One column'),(2527,'One domain with multiple subdomains'),(919,'Online catalog structure setup'),(438,'Online methods'),(2047,'Online orders'),(3012,'Only customers who purchased this product can leave feedback on this product'),(119,'Only disabled'),(118,'Only enabled'),(1790,'Only enabled modules can be packed'),(920,'Only small letter, digits and undescore sign are allowed'),(1858,'Open'),(921,'Open Graph meta tags'),(2778,'Open X-Payments dashboard to configure'),(2663,'Open graph image'),(922,'Open graph tags'),(923,'Open storefront'),(2771,'Open your X-Payments dashboard'),(924,'Operating system'),(925,'Option group'),(2441,'Option values has been successfully updated.'),(926,'Options have been successfully changed'),(2293,'Options:'),(2723,'Or fill in the settings manually'),(2605,'Or register with'),(2604,'Or sign in the classic way'),(2608,'Or use your social account'),(927,'Order'),(928,'Order #'),(267,'Order #X, Y'),(1880,'Order #{{id}}'),(1890,'Order #{{id}} details'),(929,'Order ID'),(930,'Order Total'),(304,'Order Total X'),(268,'Order X'),(1454,'Order by'),(1747,'Order can not be placed because not all required fields are completed. Please check the form and try again.'),(2117,'Order changes cannot be saved due to negative total value'),(931,'Order date from'),(932,'Order date through'),(933,'Order details'),(2330,'Order failed'),(1845,'Order history'),(934,'Order id'),(2565,'Order id prefix'),(322,'Order is placed'),(2111,'Order item attributes are out-of-date and cannot be edited'),(935,'Order items'),(1770,'Order not found'),(936,'Order note'),(1712,'Order number'),(1698,'Order payment'),(2033,'Order payment status changed from {{oldStatus}} to {{newStatus}}'),(2666,'Order prefix'),(937,'Order review'),(2034,'Order shipping status changed from {{oldStatus}} to {{newStatus}}'),(938,'Order statistics'),(939,'Order status'),(2019,'Order status changed from {{oldStatus}} to {{newStatus}}'),(1130,'Order tracking information'),(2112,'Order will be delivered to the billing address.'),(2860,'Ordered qty'),(940,'Orders'),(941,'Orders count'),(2281,'Orders list'),(229,'Other'),(166,'Other items'),(114,'Our Blog'),(1737,'Out of Stock'),(942,'Out of stock'),(2829,'Oversized'),(1618,'PHP \'gd\' extension is not installed.'),(2816,'PO Number'),(2819,'PO number'),(2048,'POS orders'),(943,'Pack it'),(1591,'Package'),(2688,'Package Size (length + girth, inches)'),(3094,'Package box type'),(3095,'Package dimensions'),(2438,'Package dimensions (cm)'),(1981,'Package dimensions (inches)'),(1975,'Package properties'),(3093,'Package settings'),(1951,'Package subtotal'),(1952,'Package subtotal (X)'),(1949,'Package weight'),(1950,'Package weight (X)'),(1979,'Packaging'),(944,'Page'),(945,'Page URL'),(946,'Page name'),(947,'Page not found'),(948,'Pages'),(949,'Paid'),(2809,'Parcel'),(2820,'Parcel characteristics'),(2852,'Parcel is cannot be transmitted - wrong quote type'),(2851,'Parcel is cannot be voided or transmitted - wrong quote type'),(2807,'Parcel options'),(2825,'Parcel type'),(2869,'Parcels have been successfully updated'),(950,'Parent category'),(358,'Partially refunded'),(2551,'Partner name'),(220,'Password'),(382,'Past'),(3050,'Past Webhook URL to the field and press Create Webhook URL button'),(3081,'Path for using in custom CSS'),(951,'Pattern search'),(2728,'Pay with previously used credit card'),(2610,'PayPal'),(2595,'PayPal API (Merchant API) will work for most merchants; however, some merchants may have access only to Payflow API.'),(2584,'PayPal Credit is'),(2546,'PayPal ID / Email'),(2586,'PayPal account email'),(497,'PayPal all-in-one solutions'),(2555,'PayPal recommends entering a User Login here instead of your Merchant Login'),(2573,'Payflow API'),(952,'Payment gateways'),(2598,'Payment has been captured successfully'),(2596,'Payment has been refunded successfully'),(2597,'Payment has been voided successfully'),(953,'Payment info'),(2795,'Payment information'),(954,'Payment instructions'),(2284,'Payment is not required'),(955,'Payment method'),(2787,'Payment method for card setup'),(2427,'Payment method has been added'),(1794,'Payment method has been added successfully'),(317,'Payment method has been disabled successfully'),(316,'Payment method has been enabled successfully'),(318,'Payment method has been removed successfully'),(2246,'Payment method is disabled'),(2245,'Payment method is enabled'),(2320,'Payment method settings'),(2428,'Payment method was not added'),(956,'Payment methods'),(313,'Payment methods appearance description'),(2785,'Payment methods have been imported successfully'),(3040,'Payment processed with errors. Please, try again or ask administrator'),(2910,'Payment return page requested without expected parameters'),(957,'Payment settings'),(2029,'Payment status'),(306,'Payment transaction X issued'),(958,'Payment transactions'),(305,'Payment was not finished'),(959,'Payments'),(2572,'Paypal API'),(2571,'Paypal API solution'),(960,'Pending'),(236,'Pending membership'),(961,'Per item markup'),(962,'Per weight unit markup'),(963,'Percent'),(964,'Percent markup'),(965,'Percent off'),(966,'Perform order search'),(967,'Performance'),(2465,'Period end date must be later than period start date'),(2464,'Period start date must be sooner than period end date'),(968,'Permissions'),(969,'Permissions checking failed'),(970,'Personal info'),(1264,'Personal info: The new password must not coincide with the current password for your account.'),(971,'Phone'),(972,'Pick address from address book'),(3069,'Pick template from page element'),(3097,'Pickup type'),(2533,'Pin It'),(973,'Place order'),(183,'Place order X'),(1595,'Placed on'),(2095,'Placed on DATE by NAME EMAIL'),(2094,'Placed on DATE by _NAME_ EMAIL'),(302,'Placed on X by Y'),(303,'Placed on X by Y link'),(1843,'Plain field'),(1574,'Please'),(974,'Please accept the Terms and Conditions to continue'),(975,'Please choose the appropriate action'),(1515,'Please confirm if you want proceed with the import otherwise cancel the operation.'),(2037,'Please create a new password'),(976,'Please enable JavaScript in your web browser.'),(2450,'Please enter the correct captcha'),(1639,'Please enter the correct file location or set correct file permissions.'),(977,'Please identify yourself'),(1464,'Please make sure that \"min weight\", \"min total\", \"min items\", \"shipping zone\", \"shipping method\" fields do not overlap with other shipping rates.'),(1521,'Please make sure your file format is as described.'),(2834,'Please note that rates are calculated for shipping from Canadian locations only.'),(978,'Please note that some of these modules are definitely incompatible with the upcoming upgrade and will be disabled in order to prevent the system crash'),(2277,'Please note that the following modules will also be enabled'),(979,'Please run the benchmark test in order to estimate your server performance'),(980,'Please save the soft reset and hard reset links so that you can use them later in case the website crash happens'),(396,'Please select a date range'),(395,'Please select a date range between %d and %d days'),(394,'Please select a date range less than %d days'),(393,'Please select a date range longer than %d days'),(981,'Please select one'),(401,'Please select one ...'),(1764,'Please select other attribute'),(2213,'Please select the countries first'),(1750,'Please select the products first'),(3025,'Please select the reviews first'),(2083,'Please select the states first'),(2984,'Please sign in to add review'),(155,'Please specify a pattern to find the required labels'),(1410,'Please specify non-empty key'),(134,'Please specify text labels for each language'),(2187,'Please take your attention that it is not guaranteed the correct site operation after upgrade if you select to not upgrade all.'),(2943,'Please, add product variants.'),(227,'Please, clarify your search request or search in Marketplace'),(226,'Please, clarify your search request. Suggest your idea or contact us to get free quote for custom service'),(1646,'Please, enter a valid IP address'),(1645,'Please, enter a valid e-mail address'),(1629,'Please, enter unique membership name'),(1557,'Please, make sure that the following modules are installed and enabled:'),(1584,'Popularity'),(982,'Pos'),(983,'Pos.'),(984,'Pos.:'),(985,'Position'),(2072,'Possible import file names are:'),(2074,'Possible reasons of data not found in import file'),(1954,'Postal Code'),(1960,'Postal/ZIP Code'),(988,'Pre upgrade disabled modules hooks message body'),(991,'Pre upgrade disabled modules hooks message footer'),(987,'Pre upgrade disabled modules hooks message head'),(990,'Pre-upgrade off'),(989,'Pre-upgrade on'),(986,'Prefix'),(2075,'Premium license modules warning'),(992,'Prev'),(1490,'Preview product page'),(386,'Previous'),(3132,'Previous news'),(993,'Previous page'),(43,'Previous product'),(224,'Price'),(1837,'Price asc'),(1838,'Price desc'),(994,'Price modifier'),(2921,'Price range'),(996,'Price-sort-option'),(995,'Price: Not a numeric'),(2667,'Pricing currency'),(2701,'Pricing type to be used'),(998,'Primary menu'),(1910,'Print'),(999,'Print invoice'),(1911,'Print selected'),(2023,'Priority'),(1969,'Private'),(1448,'Proceed import'),(184,'Proceed to payment X'),(1000,'Processed'),(1001,'Processed/Completed'),(2265,'Processing products...'),(2964,'Product'),(1692,'Product ID'),(1002,'Product Name'),(1003,'Product SKU'),(1004,'Product Title'),(1005,'Product added to bag'),(2067,'Product attributes values'),(2069,'Product attributes values (Plain text) has been imported'),(2070,'Product attributes values (Textarea) has been imported'),(2068,'Product attributes values (Yes/No) has been imported'),(2302,'Product attributes values has been imported'),(1006,'Product class'),(1813,'Product class have been updated successfully'),(1814,'Product class name is empty'),(2172,'Product class {{value}} does not exists and will be created'),(1007,'Product classes'),(1008,'Product has been added to cart'),(1767,'Product has not been added to cart'),(1009,'Product images'),(1010,'Product info'),(1011,'Product info has been updated successfully'),(1012,'Product is out of stock'),(225,'Product name'),(1013,'Product on sale'),(1014,'Product options'),(1015,'Product page title'),(1016,'Product prices are defined including this tax calculated for'),(2965,'Product reviews'),(2932,'Product variants are based on {{variants}}'),(2167,'Product with SKU \"{{value}}\" does not exists'),(2948,'Product with selected attribute value(s) is not available or out of stock. Please select other.'),(2098,'Product with selected properties cannot be purchased'),(2977,'Product, SKU or customer info'),(1815,'Product-Specific'),(1816,'Product-Specific attributes'),(2166,'ProductSKU is empty'),(1017,'Products'),(1457,'Products found'),(1826,'Products imported'),(1018,'Products in bag'),(2326,'Products information has been successfully deleted'),(1019,'Products information has been successfully updated'),(2264,'Products processed'),(2056,'Products processed: X out of Y'),(2060,'Products processed: X out of Y with errors'),(2279,'Products processed: {{count}}'),(2966,'Products reviews'),(1020,'Products with low inventory'),(1021,'Profile'),(1022,'Profile has been created successfully'),(1023,'Profile has been deleted successfully'),(1877,'Profile has been modified successfully'),(1024,'Profile has been updated successfully'),(2040,'Profile is not defined'),(2305,'Profile is not selected'),(1025,'Profile settings'),(2340,'Prolongate all keys'),(1026,'Promotions'),(1027,'Properties'),(2310,'Public ID'),(2311,'Public id'),(3062,'Publishable key'),(2983,'Published'),(1028,'Purchase'),(1029,'Purchase SSL certificate'),(1990,'Purchase description'),(1030,'Purchase order number'),(26,'Purchase premium license'),(1582,'Purchased'),(2631,'Put up for sale'),(1031,'Put up selected for sale'),(1032,'Qty'),(1033,'Qty.'),(211,'Quantity'),(1034,'Quantity: high to low'),(1035,'Quantity: low to high'),(389,'Quarter'),(1455,'Query'),(1036,'Queued'),(1037,'Quick and easy setup'),(2294,'RSS feed'),(1038,'Rate'),(3010,'Rate asc'),(3011,'Rate desc'),(3009,'Rate sort'),(1039,'Rates'),(1040,'Rates / Conditions'),(2975,'Rating'),(2991,'Rating of votes'),(3028,'Ratings and Reviews of X'),(3021,'Ratings only'),(1041,'Raw online rate (on-line rate)'),(1042,'Re-build cache'),(2370,'Re-deploy the store'),(2371,'Re-deploy the store help text'),(1043,'Re-generate access key'),(1504,'Re-generate links'),(2709,'Re-import payment methods'),(1044,'Re-order'),(2341,'Re-validate license keys'),(3008,'Read all reviews about the product'),(2114,'Recalculate this value automatically'),(1045,'Recent open orders'),(1046,'Recent orders'),(2321,'Recently installed modules'),(2621,'Recently viewed'),(1836,'Recommended'),(221,'Recover password'),(2486,'Redeem'),(1048,'Referer'),(3055,'Refresh token'),(2015,'Refund'),(356,'Refund requested'),(357,'Refunded'),(1754,'Refunded amount'),(1049,'Register'),(1678,'Register user'),(2606,'Register with'),(2603,'Register with PayPal or go to checkout as a New customer'),(1050,'Registered'),(2044,'Registered (access level)'),(205,'Registered Customer'),(206,'Registered Customer, _Anonymous Customer with the same email_'),(1937,'Registered Customers'),(3019,'Registered users only'),(3013,'Registered users who purchased product'),(3113,'Related products'),(3115,'Related products page'),(33,'Removal of this message is allowed only through activation of a free or premium license.'),(1051,'Remove'),(2924,'Remove cache when attribute or product data is changed'),(2118,'Remove data'),(2926,'Remove product filter cache'),(2925,'Remove product filter cache tooltip'),(2488,'Removed coupons'),(2110,'Removed items'),(1536,'Removing this attribute will affect all the products. Leave this blank to hide this option for the product.'),(1611,'Removing this message without buying a Full license is prohibited and will result in legal proceedings.'),(1659,'Replace all modified files with the unmodified newer versions'),(2716,'Replace payment methods'),(111,'Report a bug'),(2254,'Request for upgrade'),(2713,'Request payment methods'),(1987,'Request type must be POST'),(3045,'Requested amount: X; real amount: Y'),(3046,'Requested currency: X; real currency: Y'),(3044,'Requested transaction type: X; real transaction type: Y'),(1886,'Requested zone does not exists'),(1355,'Require to change password on next log in'),(1052,'Required'),(1630,'Required field'),(263,'Required field X is not defined or empty'),(1053,'Requires registered merchant account'),(1054,'Rerun benchmark'),(2918,'Reset filter'),(1913,'Residential'),(2267,'Resizing images...'),(2348,'Resolve the conflict'),(2897,'Response from ePDQ is not trusted (SHA checking is failed)'),(1055,'Response from marketplace is not received'),(1056,'Response from marketplace: '),(1409,'Response from marketplace: X'),(1057,'Restore'),(1058,'Restore database'),(1059,'Restore from server'),(1060,'Restore last backup'),(3066,'Restore this version'),(1803,'Restoring database from the backup .'),(2345,'Result'),(1647,'Result pages'),(2753,'Result payment status'),(2880,'Return'),(2865,'Return #'),(2854,'Return products'),(2861,'Return qty'),(2797,'Return quantity'),(1061,'Return to Drupal'),(1804,'Return to admin interface'),(2815,'Return tracking pin'),(1449,'Reupload files'),(1062,'Revenue'),(3023,'Review'),(2970,'Review has been created'),(2971,'Review has been deleted'),(2972,'Review has not been created since product is not found'),(2973,'Review has not been updated since product is not found'),(3065,'Review it.'),(1063,'Review statistics on various aspects of your store\'s operation'),(2974,'Reviewer'),(2998,'Reviews'),(3027,'Reviews about product'),(3020,'Reviews and ratings'),(2963,'Reviews for product'),(2976,'Reviews imported'),(3022,'Reviews only'),(2999,'Reviews: X'),(1064,'Role'),(1065,'Roles'),(1066,'Root Level'),(1067,'Root access'),(1597,'Root categories'),(1068,'Root category'),(2052,'Root category listings format'),(233,'Root level'),(1895,'Row {{number}}'),(1896,'Row(s) {{numbers}}'),(2758,'Rules triggered'),(1069,'Run Benchmark again'),(1070,'Run benchmark'),(367,'SA'),(3030,'SEO'),(377,'SEPTEMBER'),(3122,'SHA-IN passphrase'),(3123,'SHA-OUT passphrase'),(286,'SHIPPING = flat + ITEMS*per_item + WEIGHT*per_weight + SUBTOTAL*(% of subtotal)/100;'),(287,'SHIPPING = raw on-line_rate + flat + ITEMS*per_item + WEIGHT*per_weight + SUBTOTAL*(% of subtotal)/100;'),(42,'SKU'),(2306,'SKU is not selected'),(1071,'SKU: a-z'),(1072,'SKU: z-a'),(1073,'SMTP server'),(1788,'SQL file was deleted successfully'),(1351,'SSL Error'),(1074,'STORE SETUP'),(368,'SU'),(1075,'SYSTEM SETTINGS'),(1076,'Safe mode'),(1077,'Safe mode access key'),(1782,'Safe mode access key has been re-generated'),(3034,'Sage Pay password'),(3036,'Sage Pay pricing currency'),(3033,'Sage Pay processing mode'),(3032,'Sage Pay vendor name'),(3035,'Sage pay invoice number prefix'),(1078,'Sale'),(1079,'Sale price'),(2354,'Sale statistics'),(1080,'Sale statistics from the opening of the store'),(1081,'Sales'),(2447,'Sales asc'),(2448,'Sales desc'),(2446,'Sales sort'),(1082,'Sales tax'),(1447,'Samples of the file structures'),(3100,'Saturday delivery'),(3098,'Saturday pickup'),(133,'Save'),(2660,'Save & Close'),(1083,'Save as new'),(2738,'Save cards'),(1084,'Save changes'),(2745,'Save credit card'),(2115,'Save the existing value without re-calculating'),(1085,'Save zone details'),(2742,'Saved credit cards'),(1086,'Savings'),(2757,'Score'),(3014,'Score: X. Votes: Y'),(85,'Search'),(1087,'Search for modules'),(1088,'Search for orders'),(2868,'Search for returns'),(2380,'Search for transactions by date'),(1089,'Search for users'),(1090,'Search for users that are'),(406,'Search in'),(1091,'Search in subcategories'),(2051,'Search items...(customer header search form)'),(402,'Search keywords'),(403,'Search payment method'),(1092,'Search product'),(1093,'Search profiles'),(1094,'Search result'),(1095,'Search results'),(2045,'Search total'),(2541,'Secret Word'),(2017,'Secret key'),(2000,'Secret word'),(1096,'Secure connection cannot be established.'),(2200,'Secure credit card payment'),(1097,'Security'),(2208,'Security code'),(2359,'Security issue'),(1098,'Security settings'),(1742,'See comparison chart'),(2770,'See how'),(2077,'See log file for details'),(296,'Select a country or a state from a list, specify the zone'),(1663,'Select all'),(1099,'Select country'),(98,'Select file'),(2913,'Select issuer'),(105,'Select language'),(228,'Select one'),(1100,'Select options'),(1779,'Select products from the list'),(3031,'Select the review that should be included into the rich snippet shown for the page of this product when the page appears in search results by Google and other major search engines'),(731,'Selected countries:'),(3024,'Selected reviews have been deleted'),(3026,'Selected reviews have been updated'),(359,'Selected:'),(1626,'Semicolon'),(1101,'Send'),(2522,'Send package cost to calculate insurances'),(1102,'Send test email'),(1132,'Send tracking info'),(1103,'Service name'),(1104,'Service name of address field'),(3096,'Service options'),(1105,'Set'),(2399,'Set a single discount or add multiple volume discounts.'),(2397,'Set absolute or %-based discount rates;'),(3154,'Set the Response Method setting to Sent to your server as a POST.'),(1106,'Set the sale price'),(150,'Set this language as default for customer zone'),(1107,'Settings'),(1108,'Setup _address zones_ and _taxes_'),(2096,'Setup store price: X'),(2510,'Ship date (days)'),(1486,'Ship in a separate box'),(2812,'Shipment ID'),(2872,'Shipment cannot be created'),(2878,'Shipment cannot be transmitted'),(2875,'Shipment cannot be voided'),(2871,'Shipment has been created successfully'),(2870,'Shipment has been created with errors'),(2876,'Shipment has been tranmitted with errors'),(2877,'Shipment has been transmitted successfully'),(2874,'Shipment has been voided successfully'),(2873,'Shipment has been voided with errors'),(2811,'Shipment info'),(2521,'Shipment is from residential address'),(2520,'Shipment is scheduled for Saturday pickup (option will be used if ship date is Saturday)'),(1976,'Shipment options'),(2813,'Shipment status'),(2879,'Shipments'),(1109,'Shippable'),(353,'Shipped'),(2650,'Shipping'),(1110,'Shipping & Taxes'),(1251,'Shipping / Payment info'),(1111,'Shipping address'),(1757,'Shipping address is invalid'),(1112,'Shipping address is not completly defined yet'),(1113,'Shipping address is not defined'),(1114,'Shipping address is not defined yet'),(1115,'Shipping charge based on percentage of order subtotal (% of subtotal)'),(1471,'Shipping charges'),(52,'Shipping cost'),(3108,'Shipping cost currency'),(3143,'Shipping freight'),(3146,'Shipping freight + regular shipping rate'),(3145,'Shipping freight only'),(3147,'Shipping freight tooltip text'),(1590,'Shipping has been calculated based on the following split of the products into packages:'),(1116,'Shipping info'),(1117,'Shipping markup has been created successfully'),(1118,'Shipping markups have been updated'),(1119,'Shipping method'),(1120,'Shipping method has been added'),(1121,'Shipping methods'),(1122,'Shipping methods are not available'),(168,'Shipping methods have been updated'),(1463,'Shipping rate cannot be added'),(1462,'Shipping rate has been added successfully'),(1123,'Shipping rates'),(1124,'Shipping rates are comprised of several components (rate types) and calculated according to the following generic patterns'),(1125,'Shipping settings'),(2030,'Shipping status'),(1126,'Shipping zones'),(3162,'ShippingCalc'),(3161,'ShippingCalc settings'),(1140,'Shopping bag'),(2916,'Shopping options'),(381,'Shortcuts'),(1939,'Show'),(3059,'Show \"How to use\" instruction'),(88,'Show Category title'),(2591,'Show above products'),(100,'Show all labels'),(2920,'Show all products in this category'),(2729,'Show all saved credit cards'),(2592,'Show below products'),(200,'Show filter options'),(2917,'Show products'),(1141,'Show social buttons'),(2219,'Sign Up'),(2602,'Sign Up Now'),(1142,'Sign in'),(1143,'Sign out'),(2515,'Signature option'),(25,'Simplify tax compilance process and reduce the sales tax audit risk with AvaTax Sales Tax Automation'),(1635,'Single quote'),(1144,'Size'),(2540,'Skrill Customer ID'),(2534,'Skrill Quick Checkout enables you to take direct payment from credit cards, debit cards and over 60 other local payment options in over 200 countries as well as the Skrill eWallet.'),(2545,'Skrill settings'),(1687,'Soft reset (disables all modules except ones that were downloaded from marketplace)'),(752,'Soft reset: Disables all modules except ones that were downloaded from marketplace'),(1657,'Some files are modified'),(266,'Some products could have been imported incorrectly'),(2908,'Something wrong in the iDEAL payment module settings. Please try later or use other payment option.'),(2492,'Sorry, this coupon cannot be combined with the coupon already applied. Revome the previously applied coupon and try again.'),(1720,'Sorry, your order payment is canceled.'),(1721,'Sorry, your order payment is failed.'),(235,'Sort by'),(2244,'Sorting & Descriptions'),(1953,'Source address'),(1916,'Space'),(2513,'Special services'),(432,'Specification'),(2724,'Specify the URL of your X-Payments installation. Copy and paste Store ID, Public key, Private key and Private key password from X-Payments Online Store Details page.'),(1146,'Specify your _store information_'),(2113,'Staff note'),(2404,'Standard'),(1544,'Start Export'),(2769,'Start FREE Trial'),(1438,'Start Import'),(2567,'Start accepting Express Checkout payments immediately by simply plugging in the email address where you would like to receive payments.'),(1725,'Start date'),(1147,'Start selling!'),(2981,'Start typing customer email or name'),(2979,'Start typing product name or SKU'),(1148,'State'),(1426,'State cannot be created with unknown country code X'),(1149,'States'),(1150,'States have been deleted successfully'),(1151,'States have been updated successfully'),(2082,'States information has been successfully deleted'),(1152,'Statistics'),(1153,'Status'),(2307,'Status is not defined'),(3052,'Status: Connected'),(338,'Steps to complete your store for real sales'),(1850,'Stock'),(3148,'Store ID'),(1154,'Store Maintenance'),(1155,'Store currency'),(1156,'Store info'),(1157,'Store is closed'),(1158,'Store is open'),(1670,'Store lifetime'),(1159,'Store setup'),(1160,'Storefront'),(1857,'Storefront is closed'),(1860,'Storefront is open'),(126,'Subcat'),(1161,'Subcategories'),(348,'Subcategories for'),(1162,'Subject'),(47,'Submit'),(3159,'Subscribe to AuctionIncs ShippingCalc Module'),(1163,'Substring'),(54,'Subtotal'),(2640,'Subtotal + Shipping cost'),(1164,'Subtotal range'),(1165,'Subtotal range (begin)'),(1166,'Subtotal range (end)'),(1588,'Success'),(1167,'Successfully imported X new products'),(1168,'Successfully imported X new products and upgraded Y old products'),(1169,'Successfully upgraded Y old products'),(1170,'Suffix'),(110,'Suggest an idea'),(1436,'Support'),(1171,'System settings'),(1774,'System will download and install this module from marketplace. Continue?'),(365,'TH'),(363,'TU'),(1627,'Tab'),(1172,'Table'),(2886,'Tabs'),(4,'Tags'),(2136,'Tags are not allowed in the column \"{{column}}\" and will be stripped'),(55,'Tax'),(1491,'Tax class'),(1810,'Tax classes'),(1173,'Tax disabled'),(1174,'Tax enabled'),(1175,'Tax has been disabled successfully'),(1176,'Tax has been enabled successfully'),(2641,'Tax rate has been deleted successfully'),(2642,'Tax rate has not been deleted successfully'),(2644,'Tax rates for shipping charges have not yet been created.'),(1177,'Tax rates have been updated successfully'),(2645,'Tax rates have not yet been created.'),(2646,'Tax rates on shipping cost'),(1178,'Tax title'),(2643,'Taxable base'),(1179,'Taxes'),(1180,'Teaser'),(3072,'Template'),(2662,'Terms and conditions'),(1424,'Terms and conditions text'),(1912,'Test'),(2442,'Test Australia Post rates calculation'),(2833,'Test Canada Post rates calculation'),(2498,'Test FedEx rates calculation'),(3158,'Test ShippingCalc rates calculation'),(2676,'Test U.S.P.S. rates calculation'),(3087,'Test UPS rates calculation'),(1181,'Test email configuration'),(1679,'Test email notification'),(1680,'Test email notification:'),(1978,'Test mode'),(2092,'Test mode: Live'),(2091,'Test mode: Test'),(2733,'Test transaction completed successfully'),(2743,'Test transaction completed successfully for API version X'),(2734,'Test transaction failed. Please check the X-Payment Connector settings and try again. If all options is ok review your X-Payments settings and make sure you have properly defined shopping cart properties.'),(1989,'Test/Live mode'),(1182,'Text'),(74,'Text labels have been deleted'),(70,'Text labels have been updated successfully'),(75,'Text labels have not been deleted: no text labels have been found or specified'),(72,'Text labels have not been updated successfully: the default application language has been set as the translation language'),(73,'Text labels have not been updated successfully: the translation language has not been found'),(71,'Text labels have not been updated successfully: the translation language has not been specified'),(2982,'Text of review'),(1844,'Textarea'),(245,'Thank you for registering a customer account, your profile has been created successfully'),(197,'Thank you for using company services'),(1183,'Thank you for your order'),(300,'Thank you for your order FOOTER'),(2988,'Thank your for sharing your opinion with us!'),(2672,'The \"Approved URL\" value must be exact as this'),(2671,'The \"Pricing currency\" value must be exactly the same as on it.'),(2664,'The \"{{file}}\" file is not allowed image and was not uploaded. Allowed images are: {{extensions}}'),(1748,'The \"{{file}}\" file was not uploaded'),(1786,'The \"{{file}}\" is not CSV or archive'),(2134,'The \"{{value}}\" category does not exist'),(2164,'The \"{{value}}\" group is not created'),(2133,'The \"{{value}}\" image does not exist'),(2130,'The \"{{value}}\" membership does not exist'),(2131,'The \"{{value}}\" product class does not exist'),(2132,'The \"{{value}}\" tax class does not exist'),(3152,'The Approved URL value must be exact as this:'),(2343,'The Clean URL entered above is already in use.'),(3153,'The Declined URL value must be exact as this:'),(2022,'The English language cannot be removed as it is primary language for all texts'),(1184,'The SSL certificate installed for your custom website domain is not valid.'),(1185,'The SSL certificate installed on your server is not valid. Although you can switch the store to use the secure protocol for the website pages, most Internet browsers will likely display a warning message scaring your website visitors away.'),(3151,'The Store ID and HPP Key value must be exactly the same as on it.'),(269,'The X field is empty'),(1186,'The X language has been added and enabled successfully'),(63,'The X language has been added successfully'),(65,'The X language has been deleted successfully'),(68,'The X language has been disabled successfully'),(69,'The X language has been enabled successfully'),(160,'The X module has been installed incorrectly. Please see the logs for more information'),(158,'The X module has been installed successfully'),(159,'The X module has been installed with errors: the DB has not been modified correctly'),(161,'The X module has been installed, but the module has a wrong module control class'),(1869,'The address field has been added'),(1868,'The address field has been updated'),(1187,'The attachment has been added successfully'),(1863,'The attribute group has been added'),(1862,'The attribute group has been updated'),(1871,'The attribute has been added'),(1870,'The attribute has been updated'),(1865,'The attribute option has been added'),(1864,'The attribute option has been updated'),(196,'The benchmark evaluates server environment'),(2097,'The button is inactive either because no changes have been detected on the current page or because the order totals need to be recalculated before the order can be updated.'),(2377,'The calculation of quick data has been completed successfully.'),(2378,'The calculation of quick data has been stopped.'),(1867,'The category has been added'),(1866,'The category has been updated'),(1188,'The changes will be applied to all selected products'),(2344,'The clean URL will be generated automatically.'),(2314,'The common notification fields has been updated'),(198,'The confirmation URL link was mailed to email'),(2038,'The confirmation URL link will be emailed to you shortly'),(1792,'The countries list for zone is empty. Please specify it.'),(2469,'The coupon has been added'),(2462,'The coupon has been applied to your order'),(2470,'The coupon has been updated'),(1802,'The database has not been restored because of the errors'),(3064,'The database stores different version of the custom changes.'),(67,'The default interface language cannot be disabled'),(1189,'The detailed image has been added successfully'),(1190,'The detailed image has been deleted'),(1811,'The detailed image has not been deleted'),(1191,'The detailed images have been updated successfully'),(1485,'The directory \'var/backup/\' does not exist or is not writable.'),(3084,'The directory {{dir}} does not exist or is not writable.'),(2468,'The discount should be less than 100%'),(82,'The edited language has not been found'),(199,'The email with your account information was mailed to email'),(1192,'The exceptions have been updated successfully'),(1688,'The export is complete.'),(289,'The file was not loaded because of a failure on the server'),(1809,'The file was not loaded because of a failure on the server.'),(3083,'The file {{file}} does not exist or is not writable.'),(1194,'The following add-on(s) must be disabled'),(1193,'The following add-on(s) must be enabled'),(1195,'The following categories were selected to be removed'),(1196,'The following dependent add-ons will be disabled  automatically'),(1430,'The following expected input data have wrong format or empty: X'),(1543,'The following files are too large to be included in the archive'),(2249,'The following modules currently do not have a version compatible with the X-Cart version to which you are upgrading'),(137,'The following modules will be disabled'),(2275,'The following selected modules cannot be disabled or uninstalled as they have dependent modules'),(2276,'The following selected modules cannot be enabled as they depend on disabled modules which cannot be enabled'),(1778,'The form could not be identified as a form generated by X-Cart'),(1876,'The front page has been updated'),(2270,'The generation of resized images has been completed successfully.'),(2271,'The generation of resized images has been stopped.'),(1197,'The image has been updated'),(2272,'The image resizing process may take a while to complete. Please do not close this page until the process is fully completed.'),(1198,'The import is in progress'),(1199,'The importing starts immediately upon selecting the data file. No additional confirmation prompts will appear.'),(1517,'The language CSV file should be a text file which contains 3 columns per row (columns are separated by comma:'),(83,'The language data has been saved'),(66,'The language has not been found'),(1511,'The language labels have been successfully imported:'),(62,'The language you want to add has already been added'),(61,'The language you want to add has not been found'),(64,'The language you want to delete has not been found'),(1200,'The language you want to delete is the default application language and cannot be deleted'),(1201,'The language you want to delete is the default interface language and cannot be deleted'),(2453,'The length of X field must be greater than Y'),(2454,'The length of X field must be less than Y'),(2138,'The length of value for the column \"{{column}}\" exceeds length of field and will be cut'),(84,'The maximum file size that can be uploaded: X'),(1202,'The maximum number of uses'),(1628,'The membership name cannot contain such symbols as \\, \' and \". Also, it cannot exceed 32 characters.'),(2655,'The menu has been added'),(2654,'The menu has been updated'),(1755,'The method is not configured and cannot be used'),(1412,'The module X has been uninstalled successfully'),(1203,'The module has been partially uninstalled'),(157,'The module has been uninstalled successfully'),(1653,'The module is incompatible with the new core version going to be installed'),(1204,'The module is not released for your X-Cart version'),(156,'The module to uninstall has not been found'),(2027,'The module version is incompatible with your core version and cannot be enabled. Minimum core version required for this module is X.'),(2026,'The module version is incompatible with your core version and cannot be installed. Minimum core version required for this module is X.'),(162,'The modules have been updated'),(2156,'The name is empty'),(3135,'The news message has been added'),(3134,'The news message has been updated'),(2315,'The notification has been updated'),(2135,'The number of values in the row does not match the number of column headers for this CSV file'),(1756,'The only remaining active administrator profile cannot be deleted.'),(1854,'The order subtotal exceeds the maximum allowed value ({{max_order_amount}})'),(1900,'The order subtotal exceeds the maximum allowed value ({{max_order_amount}}), please remove some items from the cart.'),(1855,'The order subtotal less than the minimum allowed value ({{min_order_amount}})'),(1901,'The order subtotal less than the minimum allowed value ({{min_order_amount}}), please add some items to the cart.'),(1205,'The page has been added'),(2656,'The page has been updated'),(1676,'The password is the one you specified during checkout.'),(1677,'The password is the one you specified.'),(343,'The process of export is complete. You can follow this_link to check the results and download the files containing data.'),(1554,'The process of export may take much time. Please do not close this page until the export is complete'),(1553,'The process of export may take much time. You may close the page, the operation will be in progress as background. If the operation takes long enough, we will send you a notification when it is complete.'),(1451,'The process of import may take much time. Please do not close this page until the import is complete'),(1450,'The process of import may take much time. You may close the page, the operation will be in progress as background. If the operation takes long enough, we will send you a notification when it is complete.'),(2376,'The process of quick data calculation may take a while to complete. Please do not close this page until the process is fully completed.'),(3120,'The product SKU#\"X\" is already set as Related for the product'),(1972,'The product SKU#\"X\" is already set as featured for the category'),(3117,'The product SKU#\"X\" is already set as related for the product'),(1873,'The product class has been added'),(1872,'The product class has been updated'),(2928,'The product does not have attributes with multiple options'),(2316,'The product has been added'),(2078,'The product has been updated'),(1206,'The product option group has been added successfully'),(1207,'The product option group has been updated successfully'),(1208,'The product option groups have been updated successfully'),(1209,'The product option groups have not been successfully updated'),(1875,'The product selection has been added'),(1874,'The product selection has been updated'),(2889,'The product tab has been added'),(2888,'The product tab has been updated'),(2129,'The product with \"{{value}}\" SKU does not exist'),(2881,'The products return has been registered.'),(1423,'The profile has been registered. The password has been sent to the user\'s email address'),(1422,'The profiles have been merged'),(1510,'The provided file contains the following language labels:'),(2755,'The related payment not found. Apparently it was deleted.'),(1210,'The requested page could not be found.'),(1211,'The restoration procedure is irreversible and erases all data tables from your store database. It is highly recommended that you back your present database data up before restoring one of the previous states from a back-up.'),(2674,'The role has been added'),(2673,'The role has been updated'),(1212,'The same as shipping'),(1894,'The script found {{number}} errors during verification'),(2421,'The secure protocol is enabled for your website. But X-Cart hasn\'t found the valid SSL certificate on your server.'),(1777,'The selected payment method is obsolete or invalid. Select another payment method'),(1213,'The selected shipping markups have been deleted successfully'),(167,'The selected shipping method has been deleted successfully'),(169,'The selected zones have been deleted successfully'),(2093,'The service name X is reserved and cannot be used for an address field.'),(1785,'The settings of payment method successfully updated'),(2684,'The shipping cost is always returned in US Dollars. So if the store use other currency for payments you need to specify'),(2099,'The specified amount of product exceeds maximum amount of product in stock'),(3105,'The specified value (if not empty) will be used as an extra cover value. Otherwise an order total will be used'),(1214,'The state has been added successfully'),(262,'The string is different from that of the title number of columns - X instead of Y'),(2290,'The system detects that some updates are available for enabled modules. It is strongly recommended to have all enabled modules updated to latest version for better compatibility before the install new ones from Marketplace.'),(2400,'The system has been restored to the selected snapshot of X'),(1658,'The system has detected that some custom modifications were made by editing core and module files, not by writing new modules. In order to proceed with the upgrade you should decide what to do with the modifications'),(2401,'The system has failed to restore because there was no snapshot of X'),(1879,'The tax class has been added'),(1878,'The tax class has been updated'),(3078,'The template has been added'),(3077,'The template has been updated'),(80,'The text label has been added successfully'),(76,'The text label has been deleted'),(81,'The text label has been modified successfully'),(78,'The text label has not been added, because its name has not been specified'),(1215,'The text label has not been added, because its translation to the default application language has not been specified'),(1216,'The text label has not been added, because its translation to the default interface language has not been specified'),(79,'The text label has not been added, because such a text label already exists'),(77,'The text label has not been deleted: it has been either not found or not specified'),(1217,'The text label has not been modified, because its translation to the default application language has not been specified'),(1218,'The text label has not been modified, because its translation to the default interface language has not been specified'),(2750,'The transaction will be marked as'),(1219,'The upgrade is completed. Please, do not close this page until you check your web site and check that everything works properly'),(207,'The user will be registered; a password will be sent to the user via email'),(2137,'The value in the column \"{{column}}\" will be adjusted according to HTML specification to prevent potential XSS attack'),(1631,'The value must be in range'),(272,'The value of the X field has an incorrect format'),(270,'The value of the X field must be greater than Y'),(271,'The value of the X field must be less than Y'),(273,'The value of the X field should not be longer than Y'),(1468,'The values are average'),(3068,'Theme tweaker'),(2336,'There are expired license keys which do not allow proceed'),(2365,'There are no activated license keys'),(1220,'There are no categories'),(1492,'There are no images loaded for this product'),(1427,'There are no labels translated to X'),(1221,'There are no markups selected'),(2735,'There are no payment configurations for this store.'),(1222,'There are no rates available for specified source/destination and/or package measurements/weight.'),(3004,'There are no reviews for this product yet'),(1715,'There are no shipping methods available'),(1564,'There are no shipping methods defined for this carrier'),(2419,'There are unsaved changes on the page. If you choose to continue, these changes will be lost. Do you want to proceed?'),(1128,'There is a maximum purchase limit of MaxQuantity'),(1127,'There is a minimum purchase limit of MinQuantity'),(179,'There is already an account with your email address. You can sign in or continue as guest'),(2460,'There is no such a coupon, please check the spelling: X'),(1224,'There is no user with specified email address'),(1225,'There were no orders placed'),(411,'There\'s no payment method available'),(2800,'There\'s no post offices available'),(2532,'These Open Graph meta tags were generated automatically based on general product information.'),(1906,'These attributes can be applied to all the products in the store.'),(1904,'These attributes can be applied to the \"{{name}}\" product class.'),(1905,'These attributes can only be applied to this particular product.'),(1226,'These components require your attention'),(1227,'These components will be updated'),(1228,'These instructions will appear below the order invoice on the page which customers see after they confirm their order.'),(1229,'These modules may be incompatible with the upcoming upgrade. No guarantee that the store will operate correctly if the modules remain enabled. Please consider disabling the modules before proceeding to the next step'),(2707,'These payment methods were imported from your X-Payments. You can add them to your store at the '),(1733,'This address was used as a'),(1230,'This address was used as a billing address during the recent purchase'),(1231,'This address was used as a shipping address during the recent purchase'),(2482,'This comment will be visible to shop administrators only'),(1232,'This component is added to the shipping rate regardless of the weight, price and number of items ordered.'),(1233,'This component is automatically calculated by shipping add-on module and cannot be edited'),(2491,'This coupon cannot be combined with other coupons'),(1234,'This e-mail address is already in use by another user.'),(1235,'This email address is used for an existing account. Enter another email address or sign in'),(2351,'This feature is available only for paid (non-free) X-Cart license plans'),(3144,'This field can be used to set a fixed shipping fee for the product. Make sure the field value is a positive number (greater than zero).'),(191,'This field is required'),(2449,'This field is required.'),(1236,'This is a default zone which covers all addresses. It\'s impossible to edit this zone\'s countries, states etc'),(223,'This is a demo store with powerful X-Cart engine inside'),(2554,'This is the login name you created when signing up for PayPal Payments Advanced.'),(2561,'This is the login name you created when signing up for Payflow.'),(2562,'This is the password you created when signing up for PayPal Payflow or the password you created for API calls.'),(2556,'This is the password you created when signing up for PayPal Payments Advanced or the password you created for API calls.'),(2935,'This item is not available'),(2934,'This item is out of stock'),(408,'This language is added by module and cannot be removed.'),(1559,'This method does not support the current store currency and is not available for customers'),(1560,'This method is in test mode'),(323,'This module is available for X-Cart hosted stores only.'),(1948,'This module uses PHP\'s cURL functions which are disabled on your web server'),(1237,'This month'),(1711,'This operation is irreversible. Are you sure you want to proceed?'),(2439,'This option enables logging of all communication between shopping cart and AustraliaPost server'),(3111,'This option enables logging of all communication between shopping cart and UPS server'),(2543,'This options is relevant only if you share your Skrill account with other online shops.'),(2236,'This page allows you to adjust the types of email notifications your store sends to users'),(1470,'This page allows you to configure Shipping methods, zones and charges.'),(1477,'This page allows you to edit global attributes, which are available for all products in your store, and attributes specific for classes of your products.'),(2391,'This page is intended for the creation and management of discount coupons.'),(2396,'This page is intended for the management of volume discounts based on the order subtotal.'),(1562,'This payment method cannot be enabled until you configure it'),(2214,'This payment method is Active.'),(2215,'This payment method is Inactive.'),(172,'This product has been added to your bag'),(49,'This product is out of stock or it has been disabled for sale'),(2623,'This product will be shown in coming soon section'),(2622,'This product will be shown in new arrivals'),(1240,'This section displays 10 top-selling products for today, this week and this month'),(1241,'This section displays order placement statistics'),(1466,'This section displays order processing statistics'),(2581,'This setting determines whether or not the \"Buy Now with PayPal\" button should be displayed on product list pages (in list view) and product details pages.'),(2560,'This should be the same partner name that is used when logging into your PayPal Payflow account.'),(1242,'This site requires JavaScript to function properly.'),(1243,'This tax is calculated based on customer\'s billing address'),(2386,'This tool allows you to get rid of any content that might have been created in your store for testing purposes and which you no longer need.'),(180,'This user name is used for an existing account. Enter another user name or sign in'),(2630,'This value must be set in exactly the same way as it is set on the payment gateway end.'),(1244,'This week'),(344,'This will increase the shipping cost by XX'),(1245,'This year'),(2127,'Three columns'),(1246,'Through'),(1247,'Thumbnail'),(1352,'Timeout error'),(1248,'Title'),(22,'To activate your X-Cart license, enter your secret key into the field below and click Activate.'),(23,'To activate your X-Cart or commercial module license, enter your license key into the field below and click Activate.'),(2712,'To be able to use the payment methods defined in X-Payments you should import information about them from X-Payments. Click the button below and X-Payments will return a list of payment methods available for this shopping cart.'),(274,'To boost your sales try to use Discounts coupons, Sale, Product Advisor, Volume discounts addons. Also you may be interested in all Marketing extensions from our Marketplace'),(1683,'To change the password, log into your company account and use the \'Modify profile\' link'),(1525,'To change the roles of your profile, contact the store administrator'),(1252,'To contact us please fill the form below'),(1253,'To email'),(2018,'To enable \'Cash on delivery\' payment option you should enable payment method \'Cash on delivery (UPS)\' at the _Payment methods page_'),(337,'To enable secure protocol for your website pages you need a valid SSL certificate purchased for the website domain and installed on your server.'),(276,'To fix this problem, do the following: 3 points'),(259,'To get the format of the import data you can export your products to a file'),(2535,'To have access to the International payment network of Skrill please register here for a free account if you don\'t have one yet.'),(1476,'To have attributes specific for product classes, define product classes first.'),(336,'To make the online store use the secure protocol you need an SSL certificate purchased for the website domain and installed on your server.'),(2414,'To make your changes visible in the customer area, cache rebuild is required. It will take several seconds. You don’t need to close the storefront, the operation is executed in the background.'),(1254,'To place the order please accept Terms and Conditions'),(1255,'To place the order please complete the previous steps first'),(2536,'To process your customers\' payments with Skrill, you need a Skrill account. If you do not have one yet, you can sign up for free at http://www.skrill.com'),(1256,'To recover your password, please type in the valid e-mail address you use as a login'),(2796,'To request a return please fill the form below'),(2944,'To set product variants you should select attributes with multiple options.'),(2668,'To set up the integration you should follow '),(3150,'To set up the integration, go to the _Site management_'),(24,'To setup Tax Rates, find and install the appropriate addons from Marketplace'),(2837,'To start registration process for Canada Post merchant account click on the \"Register\" button.'),(3089,'To use UPS Rating API you need to register on UPS.com'),(2474,'To use the coupon, your order subtotal must be at least X'),(2473,'To use the coupon, your order subtotal must be between X and Y'),(2475,'To use the coupon, your order subtotal must not exceed Y'),(1257,'Today'),(3130,'Top News'),(194,'Top X products'),(1258,'Top sellers'),(1259,'Top selling products'),(212,'Total'),(2821,'Total items weight'),(2862,'Total weight'),(1689,'Totals'),(1131,'Track package'),(2867,'Tracking details'),(1139,'Tracking information has been sent'),(2313,'Tracking number'),(1137,'Tracking number is changed from \"{{old_number}}\" to \"{{new_number}}\"'),(1134,'Tracking numbers'),(2814,'Tracking pin'),(2801,'Tracking pins'),(2529,'Traditional'),(2318,'Transaction'),(2751,'Transaction ID'),(1994,'Transaction amount mismatch'),(2445,'Transaction key'),(2754,'Transaction result'),(1961,'Transaction type'),(1260,'Translation driver'),(112,'Translations'),(2858,'Transmit shipment'),(308,'Trial period X days'),(1908,'Trial period expires today'),(1907,'Trial period is expired'),(1709,'Try search-as-you-type feature...'),(1775,'Try to change the search criteria or find the needed solution in marketplace'),(1776,'Try to search worldwide or find the needed solution in marketplace'),(1390,'Try to unpack them manually'),(275,'Trying to access the shop at X'),(2531,'Tweet'),(2126,'Two columns with left sidebar'),(2125,'Two columns with right sidebar'),(1261,'Type'),(1262,'Type of Account'),(2679,'U.S.P.S. API server URL'),(2675,'U.S.P.S. settings'),(3112,'UPS Settings'),(3091,'UPS account number'),(3086,'UPS module allows to use online shipping rates calculation via UPS service.'),(3106,'UPS module supports \'Cash on delivery\' feature for shipments within European Union, within United States and Puerto Rico, within Canada and from Canada to the United States.'),(3088,'UPS settings'),(3082,'URL'),(3058,'URL is copied'),(1547,'URLs'),(1787,'Unable to delete file'),(1413,'Unable to delete module X files: some dirs have no writable permissions: Y'),(280,'Unable to install module X because some modules, which it depends on, have not been installed or activated yet'),(1970,'Unavailable'),(1265,'Uncheck all'),(99,'Undelete'),(1266,'Understanding Online Payments'),(1267,'Unexpected error: version value is not passed'),(2898,'Unexpected result was received from ePDQ (transaction status is not set)'),(2909,'Unexpected result was received from iDEAL (transaction status is not set)'),(2600,'Unfortunately, your API credentials could not be obtained from your PayPal account automatically.'),(1268,'Uninstall'),(1269,'Units & Formats'),(1270,'Units of measurement'),(2530,'Universal Analytics'),(1271,'Unknown'),(1431,'Unknown language: X'),(2915,'Unknown payment transaction'),(2080,'Unknown payment. If you see this message after returning from the payment page, please contact the store administrator for information about the status of your payment.'),(1998,'Unlimited'),(2827,'Unpackaged'),(1272,'Unpacking archives, please wait...'),(1664,'Unselect all'),(1273,'Unset'),(50,'Update'),(2727,'Update default card'),(1274,'Update exceptions'),(1275,'Update module'),(1276,'Update product'),(1277,'Update profile'),(1278,'Updated components'),(1279,'Updates are available'),(1280,'Updates for the X-Cart core and/or installed modules are available'),(1281,'Updates for your version ({{version}})'),(1282,'Upgrade'),(2366,'Upgrade access level cannot be changed for default free license'),(2362,'Upgrade access level has been successfully assigned to your license keys'),(2363,'Upgrade access level tooltip message'),(1283,'Upgrade available'),(1284,'Upgrade core'),(1650,'Upgrade for X-Cart core is available'),(1285,'Upgrade module'),(2248,'Upgrade note'),(1286,'Upgrade to version {{version}}'),(1287,'Upload'),(1288,'Upload add-on'),(1289,'Upload and restore'),(1290,'Upload file'),(1446,'Upload files'),(95,'Upload via URL'),(2576,'Use PayPal authentication method'),(2721,'Use X-Payments configuration bundle'),(1291,'Use a merchant account from your financial institution or choose a bundled payment solution to accept credit cards and other methods of payment on your website.'),(1292,'Use a merchant account from your financial institution to accept online payments'),(3063,'Use custom css'),(1293,'Use custom js'),(1294,'Use default logo'),(2611,'Use existing PayPal account'),(2609,'Use existing account from'),(3101,'Use negotiated rates'),(2628,'Use of Restriction key must be disabled in your Quantum Gateway merchant center account at all times.'),(2762,'Use one of the following cards to'),(1295,'Use the category name'),(1685,'Use the following key to access safe mode'),(2189,'Use the form below to provide your license information.'),(1296,'Use the navigation bar above this dialog to navigate through the catalog categories'),(2647,'Use the same tax rates for all user membership levels'),(1297,'Use this component to add an extra charge for every item ordered.'),(1298,'Use this component to adjust shipping rates according to order subtotals.'),(1299,'Use this component to specify weight-based charges.'),(1300,'Use this section to back the database of your online store up. Please note that the database backup procedure can take up to several minutes.'),(1482,'Use this section to back up the database of your online store. Please note that the database backup procedure can take up to several minutes.'),(1301,'Use this section to define shipping rates calculation rules'),(1302,'Use this section to define shipping zones.'),(1303,'Use this section to define your store\'s shipping methods.'),(1304,'Use this section to manage the list of existing countries. This list is used in the shipping settings and calculations, and in the registration form at the Customer Front-end.'),(1305,'Use this section to manage the lists of counties, provinces, regions and states of different countries. The lists are used in shipping settings and calculations, and in the registration form at the Customer Front-end.'),(1306,'Use this section to restore the database of your online store. Please note that the database restoration procedure can take up to several minutes'),(1307,'Use this section to review the list of existing membership levels and add new ones'),(2725,'Used credit cards'),(1992,'User'),(2678,'User ID'),(243,'User X is logged in'),(1648,'User activity'),(1691,'User filled in Contact Us form'),(1308,'User membership'),(1309,'User type'),(1310,'Username or e-mail'),(1311,'Users'),(1312,'Uses count'),(1313,'Uses left'),(2206,'VALID THRU'),(1314,'VAT'),(1315,'Validate key'),(1316,'Value'),(2950,'Variant with specified attribute values already exists'),(2927,'Variants'),(2939,'Variants have been created successfully'),(2940,'Variants have been discarded successfully'),(2942,'Variants have been successfully deleted'),(2941,'Variants have been updated successfully'),(1452,'Verification results'),(2262,'Verified'),(2263,'Verifying data before importing...'),(1317,'Version'),(1318,'Version change'),(94,'Via URL'),(1671,'View all low inventory products'),(1856,'View all modules'),(1319,'View all open orders'),(2053,'View all ordered items'),(218,'View cart'),(92,'View image'),(1583,'View in list'),(1320,'View logs'),(2361,'View more addons in Marketplace'),(2760,'View payment information'),(1321,'View profile'),(2283,'View storefront'),(1322,'View system logs'),(1323,'View update log'),(2653,'Visible for'),(1324,'Visit module details page'),(1325,'Visit storefront'),(2407,'Visit the template store'),(2014,'Void'),(2855,'Void shipment'),(1326,'Volume discounts'),(1598,'WARNING! There are no more available administrators\' profiles. You will not be able to manage your store after you delete this profile.'),(364,'WE'),(1327,'Warning'),(1617,'Warning!'),(1637,'Warning! CSV file was not specified.'),(1615,'Warning! InnoDB engine is not supported. It is required for software operation'),(1573,'Warning! Installing this module will overwrite all language labels translated to the appropriate language.'),(2912,'Warning! Please re-check public and private key values!'),(1640,'Warning! The file you have specified in the \'File (CSV) for upload\' field has not been uploaded to the server.'),(1638,'Warning! The file you have specified in the \'File (CSV) local\' field does not exist or cannot be read.'),(2387,'Warning! The selected types of content data will be deleted permanently.'),(1328,'Warning! There is not enough product items in stock to process the order'),(2911,'Warning! This payment method requires OpenSSL extension. Please install and enable this extension in your PHP configuration.'),(1481,'Warning: The restoration procedure is irreversible and erases all the data tables from the store database. It is highly recommended that you back up your current database before restoring one of the previous states from a back-up.'),(1329,'Warning: this operation can not be reverted!'),(2810,'Warnings'),(314,'Watch this short video and learn the basics of how online payment processing works'),(1330,'Watch video'),(1429,'We are already aware of this problem and working on it. If you would like to get in touch, feel free to contact us via our Help center at _URL_'),(1435,'We have found a valid SSL certificate installed on the server. Now you can switch the store to use the secure protocol for the store back-end and checkout, sign-in and profile pages.'),(3000,'We use this email in case we need additional information on your review. We do not use it for any kind of mailing lists or spam subscriptions'),(2748,'We will authorize'),(1331,'Web server'),(3057,'Webhook URL is your store\'s URL through which Stripe informs your store about any changes in the order'),(3074,'Webmaster Mode allows you to change the storefront design in click-and-edit mode'),(3071,'Webmaster mode'),(3076,'Webmaster mode is disabled'),(3075,'Webmaster mode is enabled'),(1666,'Website'),(387,'Week'),(38,'Weight'),(39,'Weight X'),(1332,'Weight modifier'),(1333,'Weight range'),(1527,'Welcome'),(210,'Welcome to X-Cart'),(1334,'What is benchmark?'),(1533,'What to export'),(310,'What\'s new'),(2437,'When AustraliaPost returns shipping methods which does not exists in the available methods list, these methods will be created in the list automatically'),(1335,'When the export is completed, you will be prompted to download the product data file'),(1807,'Widgets cache has been cleaned'),(1958,'Width'),(2295,'Will be deleted:'),(1652,'Will be installed'),(2292,'Will be updated if core update is selected'),(3002,'Write your review'),(2169,'Wrong \"owner\" format ({{value}}). Value should be one of \"Yes\" or \"No\"'),(2170,'Wrong \"priceModifier\" format ({{value}}). Correct examples: +1, +1%, -1, -1%'),(2168,'Wrong \"type\" value ({{value}}). This should be \"C\", \"S\" or \"T\"'),(2171,'Wrong \"weightModifier\" format ({{value}}). Correct examples: +1, +1%, -1, -1%'),(2176,'Wrong added format'),(2149,'Wrong arrival date format'),(2183,'Wrong billing address format'),(2159,'Wrong box height format'),(2158,'Wrong box length format'),(2157,'Wrong box width format'),(2184,'Wrong country code format'),(2150,'Wrong date format'),(2145,'Wrong enabled format'),(2177,'Wrong first login date format'),(2161,'Wrong format of Clean URL value (allowed alpha-numeric, \"_\" and \"-\" chars)'),(2342,'Wrong format: Field contains unallowed characters'),(3140,'Wrong free shipping format'),(3141,'Wrong freight fixed fee format'),(2152,'Wrong inventory tracking format'),(2160,'Wrong items per box format'),(2181,'Wrong language format'),(2178,'Wrong last login date format'),(2175,'Wrong login format'),(2155,'Wrong low limit level format'),(2154,'Wrong low stock notification format'),(1336,'Wrong method_id specifed'),(2163,'Wrong position format'),(2144,'Wrong price format'),(2180,'Wrong referer format'),(2147,'Wrong shippable format'),(2182,'Wrong shipping address format'),(2174,'Wrong show title format'),(2185,'Wrong state id format'),(2179,'Wrong status format'),(2153,'Wrong stock level format'),(2165,'Wrong type format'),(2151,'Wrong update date format'),(2148,'Wrong use separate box format'),(2146,'Wrong weight format'),(250,'X GB'),(145,'X Language (Code: Y)'),(249,'X MB'),(321,'X attributes in group'),(247,'X bytes'),(2459,'X code is already used for other coupon, please specify a different code'),(2458,'X coupon(s) has been created'),(2457,'X coupon(s) has been removed'),(254,'X days'),(295,'X entities has been created'),(294,'X entities has been removed'),(2081,'X expired shopping cart(s) have been successfully removed'),(192,'X field is required'),(1420,'X file type'),(255,'X hours'),(264,'X image unable to load'),(214,'X item'),(290,'X item available'),(164,'X item in bag'),(176,'X items'),(3039,'X items ($)'),(291,'X items available'),(165,'X items in bag'),(248,'X kB'),(104,'X labels'),(410,'X language labels have been removed'),(409,'X languages have been removed'),(315,'X methods available'),(256,'X minutes'),(195,'X module settings'),(2250,'X module will be disabled'),(2252,'X module will be upgraded'),(1425,'X module(s) selected'),(2385,'X modules selected'),(2251,'X modules will be disabled'),(2253,'X modules will be upgraded'),(253,'X months'),(2487,'X off'),(239,'X orders'),(325,'X orders on last day'),(327,'X orders on last month'),(326,'X orders on last week'),(293,'X product(s) has been created'),(292,'X product(s) has been removed'),(345,'X products'),(244,'X products found'),(237,'X results found'),(328,'X revenue on last day'),(330,'X revenue on last month'),(329,'X revenue on last week'),(257,'X seconds'),(421,'X shipping methods have been created'),(422,'X shipping methods have been removed'),(2961,'X star_1'),(2960,'X stars_2'),(2959,'X stars_3'),(2958,'X stars_4'),(2957,'X stars_5'),(413,'X states have been removed'),(414,'X states have been successfully created'),(2949,'X variants have been created'),(252,'X years'),(415,'X zones have been removed'),(416,'X zones have been successfully created'),(339,'X, including images and file attachments'),(1337,'X-Cart'),(113,'X-Cart News'),(2718,'X-Cart automatically checks the connection to X-Payments after the settings are saved.<br/> If the module is configured properly, a \"Test transaction completed successfully\" message is displayed at the top of the page.'),(2432,'X-Cart could not find a valid SSL certificate on your server.'),(2431,'X-Cart could not find a valid SSL certificate on your server. Although you can switch the store to use the secure protocol for the website pages, most Internet browsers will likely display a warning message scaring your website visitors away.'),(2073,'X-Cart could not find data in your file.'),(2420,'X-Cart found some issues with installed SSL certificate'),(2333,'X-Cart license key has been successfully verified'),(2334,'X-Cart license key has been successfully verified and activated. But this key has expired and do not allow upgrade store.'),(1338,'X-Cart online store builder'),(1339,'X-Cart shopping cart software'),(2773,'X-Payments'),(2715,'X-Payments configuration ID'),(2714,'X-Payments returned the following payment methods for your shopping cart:'),(2737,'X-Payments transaction'),(1340,'XML parser'),(1341,'XML sitemap'),(2207,'YEAR'),(1342,'Yahoo!'),(1343,'Yandex'),(390,'Year'),(2020,'Year when store started its operation'),(1344,'Yes'),(1345,'Yes, I agree with License agreement'),(2289,'Yes, I agree with License agreements'),(1849,'Yes/No'),(2355,'Yesterday'),(142,'You are going to delete the X language'),(1346,'You are not allowed to access this resource!'),(1694,'You are sure to clear your cart?'),(1609,'You can build your web-site during FREE evaluation, but you cannot use this installation for real sales without buying a license.'),(2123,'You can change the CSV delimiter for all subsequent imports and exports using this link'),(2122,'You can change the charset for all subsequent imports and exports using this link'),(298,'You can choose if to download your database data'),(2549,'You can define an order id prefix, which would precede each order number in your shop, to make it unique'),(2542,'You can define an order id prefix, which would precede each order number in your shop, to make it unique (each transaction id must be unique for a Skrill account)'),(2430,'You can get more information using this service: '),(138,'You can install these updates after purchasing and activating your X-Cart license key'),(1682,'You can now use the following credentials to access your account'),(277,'You can upload the database data directly from your local computer'),(3116,'You cannot choose this product'),(1484,'You cannot save database data to a file on the web server (\'var/backup/sqldump.sql.php\').'),(2985,'You have already reviewed this product'),(2461,'You have already used the coupon'),(1769,'You have an unpaid order #{{ORDER}}'),(1558,'You have no payment methods enabled in your shop'),(1347,'You have selected to delete your profile. Please, confirm you want to proceed'),(2537,'You have sent a request for activation on the X.'),(1526,'You have the following roles:'),(32,'You must register your installation before you can use it for real sales'),(1943,'You need hard and soft reset links in case some 3rd party module crashes your web-store'),(3038,'You need to install the PHP mcrypt extension to use the Sage Pay integration'),(2426,'You should check available free disk space yourself before continuing installation'),(2425,'You should check available free disk space yourself before continuing upgrade'),(2247,'You should confirm that you have created backup before upgrading the store.'),(1766,'You tried to buy more items of \"{{product}}\" product {{description}} than are in stock. We have {{amount}} item(s) only. Please adjust the product quantity.'),(1487,'You will be able to provide additional product info (images, attributes, etc.) after you submit this form.'),(2039,'Your \"Password reset key\" has expired. Please enter the email address associated with your user account to get a new \"Password reset key\".'),(2599,'Your API credentials have been successfully obtained from your PayPal account and saved for use by your X-Cart store.'),(1741,'Your Account'),(2452,'Your Message'),(2570,'Your PayPal Publisher ID is X'),(3056,'Your Stripe account is no longer accessible. Please connect with Stripe once again.'),(1608,'Your X-Cart installation is licensed for evaluation purposes only.'),(311,'Your account email is X.'),(1357,'Your account information will be e-mailed to you shortly'),(1358,'Your account information will be e-mailed to you shortly.'),(312,'Your account password is X.'),(2550,'Your account settings'),(222,'Your cart'),(2732,'Your configuration string is not correct'),(3067,'Your custom file is successfully saved'),(1359,'Your e-mail'),(2992,'Your email'),(424,'Your first name'),(425,'Your last name'),(1360,'Your name'),(1681,'Your new password'),(1891,'Your order details will be sent to your e-mail address'),(2552,'Your partner name is PayPal'),(2989,'Your product rating is saved. Thank you!'),(1361,'Your products will be exported as a CSV file.'),(1690,'Your profile modified'),(2255,'Your request has been sent successfully'),(3003,'Your review'),(2990,'Your review has been updated. Thank your for sharing your opinion with us!'),(173,'Your shopping bag - X item'),(174,'Your shopping bag - X items'),(1362,'Your shopping bag is empty'),(1363,'Your store'),(1434,'Your store is configured to use the secure protocol for the store back-end and checkout, sign-in and profile pages.'),(1364,'Your store is currently unable to calculate taxes'),(2259,'Your version (X) can be upgraded to'),(188,'Zero cannot be used'),(1365,'Zip code'),(1366,'Zip/postal code masks'),(1367,'Zone'),(420,'Zone address masks help'),(419,'Zone city masks help'),(170,'Zone details have been updated successfully'),(1368,'Zone name'),(1421,'Zone not found (X)'),(418,'Zone zipcode masks help'),(1369,'Zones'),(2285,'Zoom image'),(1993,'\\\'RESULT\\\' argument not found'),(1988,'\\\'status\\\' request argument can not found'),(177,'_X_ item'),(178,'_X_ items'),(1965,'a side box'),(2626,'a2cp-source-code-PAB'),(3119,'a2cp-source-code-REL'),(1736,'address during the recent purchase'),(2006,'always'),(1370,'and'),(1695,'attributes'),(1734,'billing'),(1371,'by'),(1353,'cURL error'),(1621,'cannot create directory'),(281,'cannot set X permissions'),(2241,'checkbox.onoff.off'),(2240,'checkbox.onoff.on'),(1922,'cm'),(3170,'cs_categories'),(3172,'cs_did_you_mean'),(3171,'cs_pages'),(3169,'cs_products'),(3166,'cs_see_details'),(3167,'cs_see_more_results_for'),(3165,'cs_showing_results_for'),(3168,'cs_suggestions'),(2993,'customers'),(2008,'daily'),(1522,'default'),(1432,'deleted'),(2845,'deposit your items at a Post Office'),(1372,'details'),(1593,'dimensions'),(1373,'disabled'),(1923,'dm'),(1799,'done'),(1374,'downloads'),(2894,'ePDQ Currency'),(2896,'ePDQ Enable logging of ePDQ transactions'),(2895,'ePDQ Invoice number prefix'),(2891,'ePDQ PSPID'),(2892,'ePDQ SHA-IN pass phrase'),(2893,'ePDQ SHA-OUT pass phrase'),(2890,'ePDQ settings note'),(2004,'each'),(1534,'editable'),(431,'email@example.com'),(2222,'emailNotificationAdminHeader'),(2223,'emailNotificationAdminSignature'),(2220,'emailNotificationCustomerHeader'),(2221,'emailNotificationCustomerSignature'),(1636,'empty'),(2839,'enable merchant wizard'),(1375,'enabled'),(2624,'expected on'),(1967,'expired'),(1623,'file does not exist'),(2763,'for this order'),(730,'from'),(1376,'from URL'),(1377,'from local computer'),(1378,'from local server'),(1936,'g'),(1379,'hard reset'),(2258,'hide list'),(2007,'hourly'),(2905,'iDEAL Currency'),(2907,'iDEAL Enable logging of iDEAL transactions'),(2906,'iDEAL Invoice number prefix'),(2899,'iDEAL Merchant ID'),(2903,'iDEAL Private Key'),(2904,'iDEAL Private Key Password'),(2901,'iDEAL Public Certificate File'),(2902,'iDEAL Public Key'),(2900,'iDEAL SubID'),(1587,'if you have any questions'),(2418,'imgsize-category-Default'),(2415,'imgsize-product-Default'),(2416,'imgsize-product-LGThumbnailGrid'),(2417,'imgsize-product-LGThumbnailList'),(2772,'in'),(1380,'in description'),(1381,'in title'),(1924,'inches'),(1415,'invalid module ID passed: X'),(1382,'is available'),(1594,'item(s)'),(1693,'item(s) in stock'),(216,'items'),(1383,'items available'),(1935,'kg'),(1519,'label name,'),(1520,'label translation.'),(1513,'labels count:'),(1518,'language code,'),(1933,'lbs'),(1384,'less'),(1548,'local files'),(1921,'mm'),(1417,'module version X is not equal to the core one (Y)'),(3,'module-sort-Alphabetically'),(1,'module-sort-Most popular'),(2,'module-sort-Newest'),(1385,'modules'),(2010,'monthly'),(1386,'ms'),(1535,'multi value'),(56,'n/a'),(1387,'never'),(2105,'no comments'),(1388,'none'),(1389,'not all archives were unpacked'),(433,'not all upgrade packs were downloaded'),(1391,'not available for sale'),(1392,'not installed'),(1393,'not ready to download packs. Please, try again'),(1649,'now disabled'),(1394,'of'),(2749,'on your credit card in order to attach this credit card to your account. The amount will be released back to your card after a while.'),(1395,'options'),(1396,'or'),(2607,'or go to checkout as a New customer'),(2995,'out of'),(1581,'outdated'),(1934,'oz'),(2708,'page.'),(2216,'paymentStatus.Active'),(2217,'paymentStatus.Inactive'),(2582,'paypal_welcome_text'),(238,'per page'),(301,'percent X off'),(2194,'price-All'),(2196,'price-Free'),(2195,'price-Paid'),(1601,'products'),(1397,'proxy'),(1853,'requested for'),(1460,'requested once or twice'),(1459,'requested only once'),(140,'required'),(3029,'reviewMetaDescription'),(1398,'sale'),(2005,'save'),(2720,'section.'),(2844,'shipments are picked up by Canada Post'),(1735,'shipping'),(1399,'should be performed manually'),(2300,'show list'),(1400,'soft reset'),(1622,'subdirectories problems'),(2768,'tab and get back here to configure methods.'),(6,'tag-Accounting'),(7,'tag-Administration'),(5,'tag-All'),(2197,'tag-Catalog Management'),(8,'tag-Delivery'),(9,'tag-Development'),(10,'tag-Fulfillment'),(11,'tag-Marketing'),(12,'tag-Payment processing'),(2198,'tag-Search and Navigation'),(13,'tag-Statistics'),(14,'tag-Translation'),(15,'tag-User experience'),(16,'tag-Website design'),(2394,'the categories and product classes to which the coupon may be applied;'),(2685,'the conversion rate to convert the shipping cost returned by shipping service into the necessary currency. Otherwise leave 1.'),(1660,'the custom modifications will be lost'),(2392,'the dates the coupon should be valid for;'),(1966,'the main column'),(2393,'the order subtotal range for which the coupon can be used;'),(1401,'trying to install a non-marketplace module: X'),(1402,'trying to unpack non-downloaded archives'),(1416,'unable to add module entry to the installation list: X'),(1403,'unable to install: not all archives were unpacked. Please, try again'),(1404,'unable to test files: not all archives were unpacked'),(1418,'unable to upload module'),(2384,'unavailable'),(2003,'units'),(1405,'unknown'),(1793,'unknown error'),(2956,'unlimited'),(1575,'upgrade core'),(1613,'verified version'),(2257,'view list'),(2997,'votes'),(2822,'warning: parcel is overweight'),(3080,'webmasterMode.Disabled'),(3079,'webmasterMode.Enabled'),(2009,'weekly'),(1592,'weight'),(2395,'whether the coupon may be used by everyone or only by users with specific memberships.'),(2776,'with'),(2011,'yearly'),(1406,'you save'),(1662,'your web site may crash'),(1892,'{{count}} created'),(2933,'{{count}} options'),(1893,'{{count}} updated'),(2930,'{{count}} variants'),(1823,'{{module}} license agreement'),(1902,'{{name}} attributes'),(1783,'{{paymentMethod}} settings'),(1673,'Сhanges of attributes locally');
CREATE TABLE `xlite_language_translations` (
  `label_id` int(11) NOT NULL AUTO_INCREMENT,
  `id` int(11) DEFAULT NULL,
  `name` varchar(64) COLLATE utf8_unicode_ci NOT NULL,
  `code` char(2) COLLATE utf8_unicode_ci NOT NULL,
  PRIMARY KEY (`label_id`),
  KEY `IDX_610C29E2BF396750` (`id`),
  KEY `ci` (`code`,`id`),
  CONSTRAINT `FK_610C29E2BF396750` FOREIGN KEY (`id`) REFERENCES `xlite_languages` (`lng_id`) ON DELETE CASCADE
) ENGINE=InnoDB DEFAULT CHARSET=utf8 COLLATE=utf8_unicode_ci;
INSERT INTO `xlite_language_translations` VALUES (1,1,'Afar','en'),(2,2,'Abkhazian','en'),(3,3,'Afrikaans','en'),(4,4,'Akan','en'),(5,5,'Albanian','en'),(6,6,'Amharic','en'),(7,7,'Arabic','en'),(8,8,'Aragonese','en'),(9,9,'Armenian','en'),(10,10,'Assamese','en'),(11,11,'Avaric','en'),(12,12,'Avestan','en'),(13,13,'Aymara','en'),(14,14,'Azerbaijani','en'),(15,15,'Bashkir','en'),(16,16,'Bambara','en'),(17,17,'Basque','en'),(18,18,'Belarusian','en'),(19,19,'Bengali','en'),(20,20,'Bihari','en'),(21,21,'Bislama','en'),(22,22,'Bosnian','en'),(23,23,'Breton','en'),(24,24,'British','en'),(25,25,'Bulgarian','en'),(26,26,'Burmese','en'),(27,27,'Catalan','en'),(28,28,'Chamorro','en'),(29,29,'Chechen','en'),(30,30,'Chinese','en'),(31,31,'Church Slavic','en'),(32,32,'Chuvash','en'),(33,33,'Cornish','en'),(34,34,'Corsican','en'),(35,35,'Cree','en'),(36,36,'Czech','en'),(37,37,'Danish','en'),(38,38,'Divehi','en'),(39,39,'Dutch','en'),(40,40,'Dzongkha','en'),(41,41,'English','en'),(42,42,'Esperanto','en'),(43,43,'Estonian','en'),(44,44,'Ewe','en'),(45,45,'Faroese','en'),(46,46,'Fijian','en'),(47,47,'Finnish','en'),(48,48,'French','en'),(49,49,'Western Frisian','en'),(50,50,'Fulah','en'),(51,51,'Georgian','en'),(52,52,'German','en'),(53,53,'Gaelic','en'),(54,54,'Irish','en'),(55,55,'Galician','en'),(56,56,'Manx','en'),(57,57,'Greek','en'),(58,58,'Guarani','en'),(59,59,'Gujarati','en'),(60,60,'Haitian','en'),(61,61,'Hausa','en'),(62,62,'Hebrew','en'),(63,63,'Herero','en'),(64,64,'Hindi','en'),(65,65,'Hiri Motu','en'),(66,66,'Croatian','en'),(67,67,'Hungarian','en'),(68,68,'Igbo','en'),(69,69,'Icelandic','en'),(70,70,'Ido','en'),(71,71,'Sichuan Yi','en'),(72,72,'Inuktitut','en'),(73,73,'Interlingue','en'),(74,74,'Interlingua','en'),(75,75,'Indonesian','en'),(76,76,'Inupiaq','en'),(77,77,'Italian','en'),(78,78,'Javanese','en'),(79,79,'Japanese','en'),(80,80,'Kalaallisut','en'),(81,81,'Kannada','en'),(82,82,'Kashmiri','en'),(83,83,'Kanuri','en'),(84,84,'Kazakh','en'),(85,85,'Khmer or Cambodian','en'),(86,86,'Kikuyu','en'),(87,87,'Kinyarwanda','en'),(88,88,'Kirghiz','en'),(89,89,'Komi','en'),(90,90,'Kongo','en'),(91,91,'Korean','en'),(92,92,'Kuanyama','en'),(93,93,'Kurdish','en'),(94,94,'Lao','en'),(95,95,'Latin','en'),(96,96,'Latvian','en'),(97,97,'Limburgan','en'),(98,98,'Lingala','en'),(99,99,'Lithuanian','en'),(100,100,'Luxembourgish','en'),(101,101,'Luba-Katanga','en'),(102,102,'Ganda','en'),(103,103,'Macedonian','en'),(104,104,'Marshallese','en'),(105,105,'Malayalam','en'),(106,106,'Maori','en'),(107,107,'Marathi','en'),(108,108,'Malay','en'),(109,109,'Malagasy','en'),(110,110,'Maltese','en'),(111,111,'Mongolian','en'),(112,112,'Nauru','en'),(113,113,'Navajo','en'),(114,114,'Ndebel','en'),(115,115,'Ndebel','en'),(116,116,'Ndonga','en'),(117,117,'Nepali','en'),(118,118,'Norwegian','en'),(119,119,'Chichewa','en'),(120,120,'Occitan','en'),(121,121,'Ojibwa','en'),(122,122,'Oriya','en'),(123,123,'Oromo','en'),(124,124,'Ossetian','en'),(125,125,'Panjabi','en'),(126,126,'Persian','en'),(127,127,'Pali','en'),(128,128,'Polish','en'),(129,129,'Portuguese','en'),(130,130,'Pushto','en'),(131,131,'Quechua','en'),(132,132,'Romansh','en'),(133,133,'Romanian','en'),(134,134,'Rundi','en'),(135,135,'Russian','en'),(136,136,'Sango','en'),(137,137,'Sanskrit','en'),(138,138,'Sinhala','en'),(139,139,'Slovak','en'),(140,140,'Slovenian','en'),(141,141,'Northern Sami','en'),(142,142,'Samoan','en'),(143,143,'Shona','en'),(144,144,'Sindhi','en'),(145,145,'Somali','en'),(146,146,'Soth','en'),(147,147,'Spanish','en'),(148,148,'Sardinian','en'),(149,149,'Serbian','en'),(150,150,'Swati','en'),(151,151,'Sundanese','en'),(152,152,'Swahili','en'),(153,153,'Swedish','en'),(154,154,'Tahitian','en'),(155,155,'Tamil','en'),(156,156,'Tatar','en'),(157,157,'Telugu','en'),(158,158,'Tajik','en'),(159,159,'Tagalog','en'),(160,160,'Thai','en'),(161,161,'Tibetan','en'),(162,162,'Tigrinya','en'),(163,163,'Tonga','en'),(164,164,'Tswana','en'),(165,165,'Tsonga','en'),(166,166,'Turkmen','en'),(167,167,'Turkish','en'),(168,168,'Twi','en'),(169,169,'Uighur','en'),(170,170,'Ukrainian','en'),(171,171,'Urdu','en'),(172,172,'Uzbek','en'),(173,173,'Venda','en'),(174,174,'Vietnamese','en'),(175,175,'Welsh','en'),(176,176,'Walloon','en'),(177,177,'Wolof','en'),(178,178,'Xhosa','en'),(179,179,'Yiddish','en'),(180,180,'Yoruba','en'),(181,181,'Zhuang','en'),(182,182,'Zulu','en');
CREATE TABLE `xlite_languages` (
  `lng_id` int(11) NOT NULL AUTO_INCREMENT,
  `code` char(2) COLLATE utf8_unicode_ci NOT NULL,
  `code3` char(3) COLLATE utf8_unicode_ci NOT NULL,
  `r2l` tinyint(1) NOT NULL,
  `added` tinyint(1) NOT NULL,
  `enabled` tinyint(1) NOT NULL,
  `module` varchar(255) COLLATE utf8_unicode_ci DEFAULT NULL,
  PRIMARY KEY (`lng_id`),
  UNIQUE KEY `UNIQ_3940C19D77153098` (`code`),
  UNIQUE KEY `UNIQ_3940C19D937180DD` (`code3`),
  KEY `added` (`added`),
  KEY `enabled` (`enabled`)
) ENGINE=InnoDB DEFAULT CHARSET=utf8 COLLATE=utf8_unicode_ci;
INSERT INTO `xlite_languages` VALUES (1,'aa','aar',0,0,0,NULL),(2,'ab','abk',0,0,0,NULL),(3,'af','afr',0,0,0,NULL),(4,'ak','aka',0,0,0,NULL),(5,'sq','alb',0,0,0,NULL),(6,'am','amh',0,0,0,NULL),(7,'ar','ara',0,0,0,NULL),(8,'an','arg',0,0,0,NULL),(9,'hy','arm',0,0,0,NULL),(10,'as','asm',0,0,0,NULL),(11,'av','ava',0,0,0,NULL),(12,'ae','ave',0,0,0,NULL),(13,'ay','aym',0,0,0,NULL),(14,'az','aze',0,0,0,NULL),(15,'ba','bak',0,0,0,NULL),(16,'bm','bam',0,0,0,NULL),(17,'eu','baq',0,0,0,NULL),(18,'be','bel',0,0,0,NULL),(19,'bn','ben',0,0,0,NULL),(20,'bh','bih',0,0,0,NULL),(21,'bi','bis',0,0,0,NULL),(22,'bs','bos',0,0,0,NULL),(23,'br','bre',0,0,0,NULL),(24,'gb','gbr',0,0,0,'XC\\GbTranslation'),(25,'bg','bul',0,0,0,NULL),(26,'my','bur',0,0,0,NULL),(27,'ca','cat',0,0,0,NULL),(28,'ch','cha',0,0,0,NULL),(29,'ce','che',0,0,0,NULL),(30,'zh','chi',0,0,0,NULL),(31,'cu','chu',0,0,0,NULL),(32,'cv','chv',0,0,0,NULL),(33,'kw','cor',0,0,0,NULL),(34,'co','cos',0,0,0,NULL),(35,'cr','cre',0,0,0,NULL),(36,'cs','cze',0,0,0,NULL),(37,'da','dan',0,0,0,NULL),(38,'dv','div',0,0,0,NULL),(39,'nl','dut',0,0,0,NULL),(40,'dz','dzo',0,0,0,NULL),(41,'en','eng',0,1,1,NULL),(42,'eo','epo',0,0,0,NULL),(43,'et','est',0,0,0,NULL),(44,'ee','ewe',0,0,0,NULL),(45,'fo','fao',0,0,0,NULL),(46,'fj','fij',0,0,0,NULL),(47,'fi','fin',0,0,0,NULL),(48,'fr','fre',0,0,0,'CDev\\FrTranslation'),(49,'fy','fry',0,0,0,NULL),(50,'ff','ful',0,0,0,NULL),(51,'ka','geo',0,0,0,NULL),(52,'de','ger',0,0,0,'CDev\\DeTranslation'),(53,'gd','gla',0,0,0,NULL),(54,'ga','gle',0,0,0,NULL),(55,'gl','glg',0,0,0,NULL),(56,'gv','glv',0,0,0,NULL),(57,'el','gre',0,0,0,NULL),(58,'gn','grn',0,0,0,NULL),(59,'gu','guj',0,0,0,NULL),(60,'ht','hat',0,0,0,NULL),(61,'ha','hau',0,0,0,NULL),(62,'he','heb',0,0,0,NULL),(63,'hz','her',0,0,0,NULL),(64,'hi','hin',0,0,0,NULL),(65,'ho','hmo',0,0,0,NULL),(66,'hr','hrv',0,0,0,NULL),(67,'hu','hun',0,0,0,NULL),(68,'ig','ibo',0,0,0,NULL),(69,'is','ice',0,0,0,NULL),(70,'io','ido',0,0,0,NULL),(71,'ii','iii',0,0,0,NULL),(72,'iu','iku',0,0,0,NULL),(73,'ie','ile',0,0,0,NULL),(74,'ia','ina',0,0,0,NULL),(75,'id','ind',0,0,0,NULL),(76,'ik','ipk',0,0,0,NULL),(77,'it','ita',0,0,0,NULL),(78,'jv','jav',0,0,0,NULL),(79,'ja','jpn',0,0,0,NULL),(80,'kl','kal',0,0,0,NULL),(81,'kn','kan',0,0,0,NULL),(82,'ks','kas',0,0,0,NULL),(83,'kr','kau',0,0,0,NULL),(84,'kk','kaz',0,0,0,NULL),(85,'km','khm',0,0,0,NULL),(86,'ki','kik',0,0,0,NULL),(87,'rw','kin',0,0,0,NULL),(88,'ky','kir',0,0,0,NULL),(89,'kv','kom',0,0,0,NULL),(90,'kg','kon',0,0,0,NULL),(91,'ko','kor',0,0,0,NULL),(92,'kj','kua',0,0,0,NULL),(93,'ku','kur',0,0,0,NULL),(94,'lo','lao',0,0,0,NULL),(95,'la','lat',0,0,0,NULL),(96,'lv','lav',0,0,0,NULL),(97,'li','lim',0,0,0,NULL),(98,'ln','lin',0,0,0,NULL),(99,'lt','lit',0,0,0,NULL),(100,'lb','ltz',0,0,0,NULL),(101,'lu','lub',0,0,0,NULL),(102,'lg','lug',0,0,0,NULL),(103,'mk','mac',0,0,0,NULL),(104,'mh','mah',0,0,0,NULL),(105,'ml','mal',0,0,0,NULL),(106,'mi','mao',0,0,0,NULL),(107,'mr','mar',0,0,0,NULL),(108,'ms','may',0,0,0,NULL),(109,'mg','mlg',0,0,0,NULL),(110,'mt','mlt',0,0,0,NULL),(111,'mn','mon',0,0,0,NULL),(112,'na','nau',0,0,0,NULL),(113,'nv','nav',0,0,0,NULL),(114,'nr','nbl',0,0,0,NULL),(115,'nd','nde',0,0,0,NULL),(116,'ng','ndo',0,0,0,NULL),(117,'ne','nep',0,0,0,NULL),(118,'no','nor',0,0,0,NULL),(119,'ny','nya',0,0,0,NULL),(120,'oc','oci',0,0,0,NULL),(121,'oj','oji',0,0,0,NULL),(122,'or','ori',0,0,0,NULL),(123,'om','orm',0,0,0,NULL),(124,'os','oss',0,0,0,NULL),(125,'pa','pan',0,0,0,NULL),(126,'fa','per',0,0,0,NULL),(127,'pi','pli',0,0,0,NULL),(128,'pl','pol',0,0,0,NULL),(129,'pt','por',0,0,0,NULL),(130,'ps','pus',0,0,0,NULL),(131,'qu','que',0,0,0,NULL),(132,'rm','roh',0,0,0,NULL),(133,'ro','rum',0,0,0,NULL),(134,'rn','run',0,0,0,NULL),(135,'ru','rus',0,0,0,'CDev\\RuTranslation'),(136,'sg','sag',0,0,0,NULL),(137,'sa','san',0,0,0,NULL),(138,'si','sin',0,0,0,NULL),(139,'sk','slo',0,0,0,NULL),(140,'sl','slv',0,0,0,NULL),(141,'se','sme',0,0,0,NULL),(142,'sm','smo',0,0,0,NULL),(143,'sn','sna',0,0,0,NULL),(144,'sd','snd',0,0,0,NULL),(145,'so','som',0,0,0,NULL),(146,'st','sot',0,0,0,NULL),(147,'es','spa',0,0,0,NULL),(148,'sc','srd',0,0,0,NULL),(149,'sr','srp',0,0,0,NULL),(150,'ss','ssw',0,0,0,NULL),(151,'su','sun',0,0,0,NULL),(152,'sw','swa',0,0,0,NULL),(153,'sv','swe',0,0,0,NULL),(154,'ty','tah',0,0,0,NULL),(155,'ta','tam',0,0,0,NULL),(156,'tt','tat',0,0,0,NULL),(157,'te','tel',0,0,0,NULL),(158,'tg','tgk',0,0,0,NULL),(159,'tl','tgl',0,0,0,NULL),(160,'th','tha',0,0,0,NULL),(161,'bo','tib',0,0,0,NULL),(162,'ti','tir',0,0,0,NULL),(163,'to','ton',0,0,0,NULL),(164,'tn','tsn',0,0,0,NULL),(165,'ts','tso',0,0,0,NULL),(166,'tk','tuk',0,0,0,NULL),(167,'tr','tur',0,0,0,NULL),(168,'tw','twi',0,0,0,NULL),(169,'ug','uig',0,0,0,NULL),(170,'uk','ukr',0,0,0,NULL),(171,'ur','urd',0,0,0,NULL),(172,'uz','uzb',0,0,0,NULL),(173,'ve','ven',0,0,0,NULL),(174,'vi','vie',0,0,0,NULL),(175,'cy','wel',0,0,0,NULL),(176,'wa','wln',0,0,0,NULL),(177,'wo','wol',0,0,0,NULL),(178,'xh','xho',0,0,0,NULL),(179,'yi','yid',0,0,0,NULL),(180,'yo','yor',0,0,0,NULL),(181,'za','zha',0,0,0,NULL),(182,'zu','zul',0,0,0,NULL);
CREATE TABLE `xlite_measure_dumps` (
  `id` int(10) unsigned NOT NULL AUTO_INCREMENT,
  `data` varchar(255) COLLATE utf8_unicode_ci NOT NULL,
  `text` longtext COLLATE utf8_unicode_ci NOT NULL,
  PRIMARY KEY (`id`)
) ENGINE=InnoDB DEFAULT CHARSET=utf8 COLLATE=utf8_unicode_ci;
CREATE TABLE `xlite_measures` (
  `id` int(10) unsigned NOT NULL AUTO_INCREMENT,
  `date` int(10) unsigned NOT NULL,
  `fsTime` int(10) unsigned NOT NULL,
  `dbTime` int(10) unsigned NOT NULL,
  `cpuTime` int(10) unsigned NOT NULL,
  PRIMARY KEY (`id`)
) ENGINE=InnoDB DEFAULT CHARSET=utf8 COLLATE=utf8_unicode_ci;
CREATE TABLE `xlite_membership_coupons` (
  `coupon_id` int(10) unsigned NOT NULL,
  `membership_id` int(10) unsigned NOT NULL,
  PRIMARY KEY (`coupon_id`,`membership_id`),
  KEY `IDX_560DE2166C5951B` (`coupon_id`),
  KEY `IDX_560DE211FB354CD` (`membership_id`),
  CONSTRAINT `FK_560DE211FB354CD` FOREIGN KEY (`membership_id`) REFERENCES `xlite_memberships` (`membership_id`) ON DELETE CASCADE,
  CONSTRAINT `FK_560DE2166C5951B` FOREIGN KEY (`coupon_id`) REFERENCES `xlite_coupons` (`id`) ON DELETE CASCADE
) ENGINE=InnoDB DEFAULT CHARSET=utf8 COLLATE=utf8_unicode_ci;
CREATE TABLE `xlite_membership_translations` (
  `label_id` int(11) NOT NULL AUTO_INCREMENT,
  `id` int(10) unsigned DEFAULT NULL,
  `name` varchar(128) COLLATE utf8_unicode_ci NOT NULL,
  `code` char(2) COLLATE utf8_unicode_ci NOT NULL,
  PRIMARY KEY (`label_id`),
  KEY `IDX_571DB741BF396750` (`id`),
  KEY `ci` (`code`,`id`),
  CONSTRAINT `FK_571DB741BF396750` FOREIGN KEY (`id`) REFERENCES `xlite_memberships` (`membership_id`) ON DELETE CASCADE
) ENGINE=InnoDB DEFAULT CHARSET=utf8 COLLATE=utf8_unicode_ci;
INSERT INTO `xlite_membership_translations` VALUES (1,1,'Wholesaler','en'),(2,1,'Оптовый покупатель','ru');
CREATE TABLE `xlite_memberships` (
  `membership_id` int(10) unsigned NOT NULL AUTO_INCREMENT,
  `position` int(11) NOT NULL,
  `enabled` tinyint(1) NOT NULL,
  PRIMARY KEY (`membership_id`)
) ENGINE=InnoDB DEFAULT CHARSET=utf8 COLLATE=utf8_unicode_ci;
INSERT INTO `xlite_memberships` VALUES (1,10,1);
CREATE TABLE `xlite_menu_translations` (
  `label_id` int(11) NOT NULL AUTO_INCREMENT,
  `id` int(10) unsigned DEFAULT NULL,
  `name` varchar(255) COLLATE utf8_unicode_ci NOT NULL,
  `code` char(2) COLLATE utf8_unicode_ci NOT NULL,
  PRIMARY KEY (`label_id`),
  KEY `IDX_CC54E72BBF396750` (`id`),
  KEY `ci` (`code`,`id`),
  CONSTRAINT `FK_CC54E72BBF396750` FOREIGN KEY (`id`) REFERENCES `xlite_menus` (`id`) ON DELETE CASCADE
) ENGINE=InnoDB DEFAULT CHARSET=utf8 COLLATE=utf8_unicode_ci;
INSERT INTO `xlite_menu_translations` VALUES (1,1,'Home','en'),(2,1,'Главная','ru'),(3,2,'Shipping','en'),(4,2,'Доставка','ru'),(5,3,'My Account','en'),(6,3,'Мой профиль','ru'),(7,4,'Contact us','en'),(8,4,'Напишите нам','ru'),(9,5,'Terms & Conditions','en'),(10,5,'Условия','ru'),(11,6,'Shipping','en'),(12,6,'Доставка','ru'),(13,7,'Sitemap','en'),(14,7,'Карта сайта','ru'),(15,8,'Sale','en'),(16,8,'Распродажа','ru'),(17,9,'New arrivals','en'),(18,9,'Новинки','ru'),(19,10,'Coming soon','en'),(20,10,'Скоро в продаже','ru');
CREATE TABLE `xlite_menus` (
  `id` int(10) unsigned NOT NULL AUTO_INCREMENT,
  `link` varchar(255) COLLATE utf8_unicode_ci NOT NULL,
  `type` varchar(1) COLLATE utf8_unicode_ci NOT NULL,
  `position` int(11) NOT NULL,
  `enabled` tinyint(1) NOT NULL,
  `visibleFor` varchar(2) COLLATE utf8_unicode_ci NOT NULL,
  PRIMARY KEY (`id`),
  KEY `enabled` (`enabled`,`type`),
  KEY `position` (`position`)
) ENGINE=InnoDB DEFAULT CHARSET=utf8 COLLATE=utf8_unicode_ci;
INSERT INTO `xlite_menus` VALUES (1,'{home}','P',100,1,'AL'),(2,'shipping.html','P',200,1,'AL'),(3,'{my account}','P',600,1,'L'),(4,'{contact us}','P',700,1,'AL'),(5,'terms-and-conditions.html','F',100,1,'AL'),(6,'shipping.html','F',200,1,'AL'),(7,'?target=map','F',300,1,'AL'),(8,'{sale}','P',300,1,'AL'),(9,'{new arrivals}','P',400,1,'AL'),(10,'{coming soon}','P',500,1,'AL');
CREATE TABLE `xlite_module_keys` (
  `keyId` int(11) NOT NULL AUTO_INCREMENT,
  `name` varchar(64) COLLATE utf8_unicode_ci NOT NULL,
  `author` varchar(64) COLLATE utf8_unicode_ci NOT NULL,
  `keyValue` char(64) COLLATE utf8_unicode_ci NOT NULL,
  `keyType` int(11) NOT NULL,
  `xcnPlan` bigint(20) NOT NULL,
  `keyData` longtext COLLATE utf8_unicode_ci NOT NULL COMMENT '(DC2Type:array)',
  PRIMARY KEY (`keyId`),
  UNIQUE KEY `an` (`author`,`name`,`xcnPlan`)
) ENGINE=InnoDB DEFAULT CHARSET=utf8 COLLATE=utf8_unicode_ci;
CREATE TABLE `xlite_modules` (
  `moduleID` int(11) NOT NULL AUTO_INCREMENT,
  `name` varchar(64) COLLATE utf8_unicode_ci NOT NULL,
  `author` varchar(64) COLLATE utf8_unicode_ci NOT NULL,
  `authorEmail` varchar(255) COLLATE utf8_unicode_ci NOT NULL,
  `enabled` tinyint(1) NOT NULL,
  `installed` tinyint(1) NOT NULL,
  `yamlLoaded` tinyint(1) NOT NULL,
  `date` int(11) NOT NULL,
  `rating` decimal(14,4) NOT NULL,
  `votes` int(11) NOT NULL,
  `downloads` int(11) NOT NULL,
  `price` decimal(14,2) NOT NULL,
  `currency` varchar(3) COLLATE utf8_unicode_ci NOT NULL,
  `majorVersion` varchar(8) COLLATE utf8_unicode_ci NOT NULL,
  `minorVersion` int(11) NOT NULL,
  `minorRequiredCoreVersion` int(11) NOT NULL,
  `revisionDate` int(11) NOT NULL,
  `packSize` bigint(20) NOT NULL,
  `xcnPlan` bigint(20) NOT NULL,
  `moduleName` varchar(255) COLLATE utf8_unicode_ci NOT NULL,
  `authorName` varchar(255) COLLATE utf8_unicode_ci NOT NULL,
  `description` longtext COLLATE utf8_unicode_ci NOT NULL,
  `iconURL` varchar(255) COLLATE utf8_unicode_ci DEFAULT NULL,
  `pageURL` varchar(255) COLLATE utf8_unicode_ci NOT NULL,
  `authorPageURL` varchar(255) COLLATE utf8_unicode_ci NOT NULL,
  `dependencies` longtext COLLATE utf8_unicode_ci NOT NULL COMMENT '(DC2Type:array)',
  `tags` longtext COLLATE utf8_unicode_ci NOT NULL COMMENT '(DC2Type:array)',
  `fromMarketplace` tinyint(1) NOT NULL,
  `isLanding` tinyint(1) NOT NULL,
  `landingPosition` int(11) NOT NULL,
  `isSystem` tinyint(1) NOT NULL,
  `hasLicense` tinyint(1) NOT NULL,
  `editionState` int(11) NOT NULL,
  `editions` longtext COLLATE utf8_unicode_ci NOT NULL COMMENT '(DC2Type:array)',
  `xbProductId` int(11) NOT NULL,
  PRIMARY KEY (`moduleID`),
  UNIQUE KEY `moduleVersion` (`author`,`name`,`majorVersion`,`minorVersion`,`fromMarketplace`),
  KEY `enabled` (`enabled`),
  KEY `date` (`date`),
  KEY `downloads` (`downloads`),
  KEY `rating` (`rating`),
  KEY `ani` (`author`,`name`,`installed`),
  KEY `anmm` (`author`,`name`,`majorVersion`,`minorVersion`),
  KEY `anf` (`author`,`name`,`fromMarketplace`)
) ENGINE=InnoDB DEFAULT CHARSET=utf8 COLLATE=utf8_unicode_ci;
INSERT INTO `xlite_modules` VALUES (1,'AuthorizeNet','CDev','',1,1,1,1440762483,0.0000,0,0,0.00,'USD','5.2',3,0,0,0,0,'Authorize.Net SIM','X-Cart team','Enables taking credit card payments for your online store via AuthorizeNet payment gateway (Server Integration Method).',NULL,'','','a:0:{}','a:0:{}',0,0,0,0,0,0,'a:0:{}',0),(2,'FedEx','CDev','',1,1,1,1440762483,0.0000,0,0,0.00,'USD','5.2',3,0,0,0,0,'FedEx','X-Cart team','Gets shipping quotes for FedEx delivery methods.',NULL,'','','a:0:{}','a:0:{}',0,0,0,0,0,0,'a:0:{}',0),(3,'SimpleCMS','CDev','',1,1,1,1440762483,0.0000,0,0,0.00,'USD','5.2',6,1,0,0,0,'Simple CMS','X-Cart team','Allows you to add custom website pages and modify the primary website menu and the footer links. After installing additional TinyMCE and Go Social modules you can configure OpenGraph tags for your pages and edit their contents in the WYSIWYG mode. This module is incompatible with modules integrating your store with third-party CMS solutions.',NULL,'','','a:0:{}','a:0:{}',0,0,0,0,0,0,'a:0:{}',0),(4,'ContactUs','CDev','',1,1,1,1440762483,0.0000,0,0,0.00,'USD','5.2',2,0,0,0,0,'Contact us','X-Cart team','Enables \"Contact us\" page',NULL,'','','a:0:{}','a:0:{}',0,0,0,0,0,0,'a:0:{}',0),(5,'USPS','CDev','',1,1,1,1440762483,0.0000,0,0,0.00,'USD','5.2',6,0,0,0,0,'U.S.P.S.','X-Cart team','Gets shipping quotes for USPS delivery methods.',NULL,'','','a:0:{}','a:0:{}',0,0,0,0,0,0,'a:0:{}',0),(6,'GoogleAnalytics','CDev','',1,1,1,1440762483,0.0000,0,0,0.00,'USD','5.2',3,0,0,0,0,'Google Analytics','X-Cart team','Enables tracking and analyzing your website e-commerce statistics with Google Analytics.',NULL,'','','a:0:{}','a:0:{}',0,0,0,0,0,0,'a:0:{}',0),(7,'PINCodes','CDev','',0,1,0,1440762483,0.0000,0,0,0.00,'USD','5.2',3,0,0,0,0,'PIN Codes','X-Cart team','Allows to sell PIN codes attached to products.',NULL,'','','a:0:{}','a:0:{}',0,0,0,0,0,0,'a:0:{}',0),(8,'SalesTax','CDev','',1,1,1,1440762483,0.0000,0,0,0.00,'USD','5.2',3,0,0,0,0,'Sales Tax','X-Cart team','Setup the rules for calculating sales tax. The rates can depend on product classes, customer\'s membership levels and address. When several tax rates are applicable to one product, you can specify the priority of their application.',NULL,'','','a:0:{}','a:0:{}',0,0,0,0,0,0,'a:0:{}',0),(9,'Moneybookers','CDev','',1,1,1,1440762483,0.0000,0,0,0.00,'USD','5.2',4,0,0,0,0,'Skrill','X-Cart team','Enables taking payments for your online shop via Skrill (ex-Moneybookers) payment gateway (iframe integration method)',NULL,'','','a:0:{}','a:0:{}',0,0,0,0,0,0,'a:0:{}',0),(10,'Coupons','CDev','',1,1,1,1440762483,0.0000,0,0,0.00,'USD','5.2',4,0,0,0,0,'Coupons','X-Cart team','Allows to configure discounts which customers can activate in your shop with a coupon code',NULL,'','','a:0:{}','a:0:{}',0,0,0,0,0,0,'a:0:{}',0),(11,'GoSocial','CDev','',1,1,1,1440762483,0.0000,0,0,0.00,'USD','5.2',3,0,0,0,0,'Go Social','X-Cart team','Adds social media sharing functions like Facebook comments, OpenGraph meta tags and share buttons for product pages.',NULL,'','','a:0:{}','a:0:{}',0,0,0,0,0,0,'a:0:{}',0),(12,'UserPermissions','CDev','',1,1,1,1440762483,0.0000,0,0,0.00,'USD','5.2',2,0,0,0,0,'User permissions','X-Cart team','Allows you to restrict access to backend functions to only those employees who need them. You can define administrator roles and configure which groups of back-end functions are available to users having these roles.',NULL,'','','a:0:{}','a:0:{}',0,0,0,0,0,0,'a:0:{}',0),(13,'Wholesale','CDev','',0,1,0,1440762483,0.0000,0,0,0.00,'USD','5.2',9,0,0,0,0,'Wholesale','X-Cart team','Enables wholesale pricing depending on product quantity and customer membership level. Also the module allows you to set the minimum purchase quantity per membership level.',NULL,'','','a:0:{}','a:0:{}',0,0,0,0,0,0,'a:0:{}',0),(14,'FeaturedProducts','CDev','',1,1,1,1440762483,0.0000,0,0,0.00,'USD','5.2',2,0,0,0,0,'Featured Products','X-Cart team','Shows your best and most profitable products to customers.',NULL,'','','a:0:{}','a:0:{}',0,0,0,0,0,0,'a:0:{}',0),(15,'FileAttachments','CDev','',0,1,0,1440762483,0.0000,0,0,0.00,'USD','5.2',3,0,0,0,0,'File attachments','X-Cart team','Allows you to attach files to goods that can be downloaded from the detailed pages of this product by visitors.',NULL,'','','a:0:{}','a:0:{}',0,0,0,0,0,0,'a:0:{}',0),(16,'Egoods','CDev','',0,1,0,1440762483,0.0000,0,0,0.00,'USD','5.2',3,0,0,0,0,'E-goods','X-Cart team','Allows to sell files that customers can download after the purchase. Requires to have the FileAttachments module priorly installed and enabled.',NULL,'','','a:1:{i:0;s:20:\"CDev\\FileAttachments\";}','a:0:{}',0,0,0,0,0,0,'a:0:{}',0),(17,'VolumeDiscounts','CDev','',1,1,1,1440762483,0.0000,0,0,0.00,'USD','5.2',3,0,0,0,0,'Volume Discounts','X-Cart team','Enables discounts depending on the total price of ordered products and the customer membership level.',NULL,'','','a:0:{}','a:0:{}',0,0,0,0,0,0,'a:0:{}',0),(18,'TwoCheckout','CDev','',1,1,1,1440762483,0.0000,0,0,0.00,'USD','5.2',2,0,0,0,0,'2Checkout.com','X-Cart team','Enables taking credit card payments for your online store via 2Checkout.com payment gateway.',NULL,'','','a:0:{}','a:0:{}',0,0,0,0,0,0,'a:0:{}',0),(19,'Sale','CDev','',1,1,1,1440762483,0.0000,0,0,0.00,'USD','5.2',2,0,0,0,0,'Sale','X-Cart team','Module allows you set special sale prices for certain products.Â Sale module may not work properly with product attributes with surcharges and VAT/Sales Tax modules. Stay tuned for updates.',NULL,'','','a:0:{}','a:0:{}',0,0,0,0,0,0,'a:0:{}',0),(20,'ProductAdvisor','CDev','',1,1,1,1440762483,0.0000,0,0,0.00,'USD','5.2',3,0,0,0,0,'Product Advisor','X-Cart team','Adds specific products lists to the catalog: new arrivals, coming soon, recently viewed etc.',NULL,'','','a:0:{}','a:0:{}',0,0,0,0,0,0,'a:0:{}',0),(21,'Paypal','CDev','',1,1,1,1440762483,0.0000,0,0,0.00,'USD','5.2',5,0,0,0,0,'PayPal','X-Cart team','Enables taking payments for your online store via PayPal services.',NULL,'','','a:0:{}','a:0:{}',0,0,0,0,0,0,'a:0:{}',0),(22,'AustraliaPost','CDev','',1,1,1,1440762483,0.0000,0,0,0.00,'USD','5.2',4,0,0,0,0,'Australia Post','X-Cart team','Gets shipping quotes for Australia Post delivery methods.',NULL,'','','a:0:{}','a:0:{}',0,0,0,0,0,0,'a:0:{}',0),(23,'Quantum','CDev','',1,1,1,1440762483,0.0000,0,0,0.00,'USD','5.2',3,0,0,0,0,'QuantumGateway','X-Cart team','Enables taking credit card payments for your online store via QuantumGateway (QGWdatabase Engine API).',NULL,'','','a:0:{}','a:0:{}',0,0,0,0,0,0,'a:0:{}',0),(24,'TinyMCE','CDev','',1,1,1,1440762483,0.0000,0,0,0.00,'USD','5.2',5,0,0,0,0,'TinyMCE integration','X-Cart team','Enables TinyMCE WYSIWYG editor for editing product and category descriptions.',NULL,'','','a:0:{}','a:0:{}',0,0,0,0,0,0,'a:0:{}',0),(25,'XPaymentsConnector','CDev','',1,1,1,1440762483,0.0000,0,0,0.00,'USD','5.2',5,0,0,0,0,'X-Payments connector','X-Cart team','PCI compliant credit card processing through major payment gateways without redirects that allows PCI compliant credit card storing for re-using and subscriptions. X-Payments integrates with over 40 payment providers including but not limited to: PayPal, BrainTree, Authorize.Net AIM/CIM, Chase Paymentech, CyberSource, Elavon, Moneris (former eSelect), First Data, Intuit Quickbooks, Ogone, Sage Pay, Realex, WorldPay and many others.',NULL,'','','a:0:{}','a:0:{}',0,0,0,0,0,0,'a:0:{}',0),(26,'Bestsellers','CDev','',1,1,1,1440762483,0.0000,0,0,0.00,'USD','5.2',1,0,0,0,0,'Bestsellers','X-Cart team','Lists best-selling products at any place of the customer interface.',NULL,'','','a:0:{}','a:0:{}',0,0,0,0,0,0,'a:0:{}',0),(27,'CloudSearch','QSL','',1,1,1,1440762483,0.0000,0,0,0.00,'USD','5.2',0,0,0,0,0,'CloudSearch','Qualiteam','CloudSearch is a SaaS solution that integrates with X-Cart 5 to enable dynamic, real-time product search with highly relevant search results. Power up your store with enterprise-class search technologies for better conversion!',NULL,'http://www.x-cart.com/extensions/addons/cloudsearch.html','','a:0:{}','a:0:{}',0,0,0,0,0,0,'a:0:{}',0),(28,'PayWithAmazon','Amazon','',1,1,1,1440762483,0.0000,0,0,0.00,'USD','5.2',2,0,0,0,0,'Pay with Amazon','Amazon Payments','This module enables Pay with Amazon functionality',NULL,'','','a:0:{}','a:0:{}',0,0,0,0,0,0,'a:0:{}',0),(29,'ColorSchemes','XC','',1,1,1,1440762483,0.0000,0,0,0.00,'USD','5.2',3,5,0,0,0,'Color Schemes','X-Cart team','This module adds three new color schemes to the base X-Cart design theme.',NULL,'','','a:0:{}','a:0:{}',0,0,0,0,0,0,'a:0:{}',0),(30,'Sitemap','XC','',1,1,1,1440762483,0.0000,0,0,0.00,'USD','5.2',1,0,0,0,0,'Site Map','X-Cart team','Enable a sitemap on your site for easier customers\' navigation.The sitemap can include categories and static pages.',NULL,'','','a:0:{}','a:0:{}',0,0,0,0,0,0,'a:0:{}',0),(31,'CanadaPost','XC','',1,1,1,1440762483,0.0000,0,0,0.00,'USD','5.2',5,0,0,0,0,'Canada Post','X-Cart team','Gets shipping quotes for Canada Post delivery methods.',NULL,'','','a:0:{}','a:0:{}',0,0,0,0,0,0,'a:0:{}',0),(32,'Reviews','XC','',1,1,1,1440762483,0.0000,0,0,0.00,'USD','5.2',6,0,0,0,0,'Product reviews','X-Cart team','Adds an ability to add products reviews and manage them in admin area',NULL,'','','a:0:{}','a:0:{}',0,0,0,0,0,0,'a:0:{}',0),(33,'EPDQ','XC','',1,1,1,1440762483,0.0000,0,0,0.00,'USD','5.2',2,0,0,0,0,'Barclaycard ePDQ e-Commerce','X-Cart team','Enables taking payments for your online store via Barclaycard ePDQ e-Commerce payment system (Basic e-Commerce integration).',NULL,'','','a:0:{}','a:0:{}',0,0,0,0,0,0,'a:0:{}',0),(34,'IdealPayments','XC','',1,1,1,1440762483,0.0000,0,0,0.00,'USD','5.2',2,0,0,0,0,'iDEAL Payments','X-Cart team','Enables taking credit card payments for your online store via iDEAL payment system.',NULL,'','','a:0:{}','a:0:{}',0,0,0,0,0,0,'a:0:{}',0),(35,'FreeShipping','XC','',1,1,1,1440762483,0.0000,0,0,0.00,'USD','5.2',5,0,0,0,0,'Free Shipping and Shipping freights','X-Cart team','Attract more customers by offering Free Shipping. Mark the products that are shipped for free. Add a possibility to specify shipping freight to products.',NULL,'','','a:0:{}','a:0:{}',0,0,0,0,0,0,'a:0:{}',0),(36,'Stripe','XC','',1,1,1,1440762483,0.0000,0,0,0.00,'USD','5.2',5,0,0,0,0,'Stripe','X-Cart team','Enables taking credit card payments for your online store via Stripe',NULL,'','','a:0:{}','a:0:{}',0,0,0,0,0,0,'a:0:{}',0),(37,'SagePay','XC','',1,1,1,1440762483,0.0000,0,0,0.00,'USD','5.2',5,0,0,0,0,'Sage Pay (Form)','X-Cart team','Enables taking credit card payments for your online store via SagePay payment gateway (Form protocol method).',NULL,'','','a:0:{}','a:0:{}',0,0,0,0,0,0,'a:0:{}',0),(38,'News','XC','',1,1,1,1440762483,0.0000,0,0,0.00,'USD','5.2',6,2,0,0,0,'News','X-Cart team','Share the company and products news and updates with your community.',NULL,'','','a:0:{}','a:0:{}',0,0,0,0,0,0,'a:0:{}',0),(39,'AuctionInc','XC','',1,1,1,1440762483,0.0000,0,0,0.00,'USD','5.2',2,3,0,0,0,'AuctionInc ShippingCalc','X-Cart team','Provide your customers with accurate \"real-time\" comparative domestic or international shipping rates from\nyour choice of services from Fedex, UPS, USPS and DHL. No carrier accounts required. Full support for your\nitem dimensions and dimensional rates. Shipping origins from any country supported. A host of advanced\nfeatures include: shipping promotions, bundled handling fees, drop-shipping from multiple origins, and a\npackaging engine that accurately predicts appropriate packaging for multiple items and quantities. Free\nmonth-long trial, then subscription to AuctionInc required.',NULL,'','','a:0:{}','a:0:{}',0,0,0,0,0,0,'a:0:{}',0),(40,'UPS','XC','',1,1,1,1440762483,0.0000,0,0,0.00,'USD','5.2',4,0,0,0,0,'UPS','X-Cart team','Gets shipping quotes for UPS delivery methods.',NULL,'','','a:0:{}','a:0:{}',0,0,0,0,0,0,'a:0:{}',0),(41,'ThemeTweaker','XC','',1,1,1,1440762483,0.0000,0,0,0.00,'USD','5.2',7,0,0,0,0,'Theme tweaker','X-Cart team','This extension allows you to tweak your store design by adding and editing custom CSS styles and JavaScript code directly in the store back end. Also you can upload images to link them from your CSS styles.',NULL,'','','a:0:{}','a:0:{}',0,0,0,0,0,0,'a:0:{}',0),(42,'WebmasterKit','XC','',0,1,0,1440762483,0.0000,0,0,0.00,'USD','5.2',1,0,0,0,0,'Webmaster Kit','X-Cart team','This module helps web developers. It is used to find specific templates (the same as Webmaster mode functionality in X-Cart 4), SQL logging, benchmarking.',NULL,'','','a:0:{}','a:0:{}',0,0,0,0,0,0,'a:0:{}',0),(43,'Upselling','XC','',1,1,1,1440762483,0.0000,0,0,0.00,'USD','5.2',3,0,0,0,0,'Related Products','X-Cart team','This module gives you the ability to add a list of products which will be offered along with the product being viewed. You may use this feature to promote products, e.g. making them related or recommended.',NULL,'','','a:0:{}','a:0:{}',0,0,0,0,0,0,'a:0:{}',0),(44,'ProductFilter','XC','',1,1,1,1440762483,0.0000,0,0,0.00,'USD','5.2',4,0,0,0,0,'Product Filter','X-Cart team','Allows customers to filter products.',NULL,'','','a:0:{}','a:0:{}',0,0,0,0,0,0,'a:0:{}',0),(45,'Add2CartPopup','XC','',0,1,0,1440762483,0.0000,0,0,0.00,'USD','5.2',5,0,0,0,0,'Add to Cart Popup','X-Cart team','Adds a promotional popup dialog that is displayed after a customer adds a product to cart.',NULL,'','','a:0:{}','a:0:{}',0,0,0,0,0,0,'a:0:{}',0),(46,'ProductVariants','XC','',1,1,1,1440762483,0.0000,0,0,0.00,'USD','5.2',5,0,0,0,0,'Product Variants','X-Cart team','Allows to manage products variants.',NULL,'','','a:0:{}','a:0:{}',0,0,0,0,0,0,'a:0:{}',0),(47,'CustomProductTabs','XC','',1,1,1,1440762483,0.0000,0,0,0.00,'USD','5.2',4,0,0,0,0,'Custom product tabs','X-Cart team','Add additional tabs on the product page. Custom name, custom content - html text or product videos, whatever describes your product best.',NULL,'','','a:0:{}','a:0:{}',0,0,0,0,0,0,'a:0:{}',0),(48,'NextPreviousProduct','XC','',1,1,1,1440762483,0.0000,0,0,0.00,'USD','5.2',3,0,0,0,0,'Previous and Next product','X-Cart team','Display \"Previous\" and \"Next product\" links on your product sheets, be it a category page, a search results page or products of a particular brand.',NULL,'','','a:0:{}','a:0:{}',0,0,0,0,0,0,'a:0:{}',0),(49,'ESelectHPP','XC','',1,1,1,1440762483,0.0000,0,0,0.00,'USD','5.2',2,0,0,0,0,'Moneris (eSELECTplus- Hosted Pay Page)','X-Cart team','Accept credit and debit cards via an online transaction processing engine. USA and Canada',NULL,'','','a:0:{}','a:0:{}',0,0,0,0,0,0,'a:0:{}',0),(50,'OgoneEcommerce','XC','',1,1,1,1440762483,0.0000,0,0,0.00,'USD','5.2',2,0,0,0,0,'Ingenico Payment Services (Ogone)','X-Cart team','Enable online payment processing with a level-1 PCI DSS compliant provider based in Europe.',NULL,'','','a:0:{}','a:0:{}',0,0,0,0,0,0,'a:0:{}',0),(51,'AmazonS3Images','CDev','',0,0,0,0,0.0000,0,632,0.00,'USD','5.2',3,0,1397073600,13168640,1,'Amazon S3 images','X-Cart team','Gives you the ability to move all your category and product images over to the \"cloud\" storage services offered by Amazon. This reduces your website\'s bandwidth and allows you to use your Amazon CloudFront CDN account to get your images loaded in customers\' browsers really fast.','http://my.x-cart.com/sites/default/files/addons/CDev/AmazonS3Images/icon.png','http://www.x-cart.com/extensions/addons/amazon-s3-images.html','','a:0:{}','a:2:{i:0;s:15:\"User experience\";i:1;s:14:\"Administration\";}',1,0,0,0,0,2,'a:3:{i:0;s:12:\"391_Business\";i:1;s:18:\"20598_Multi-vendor\";i:2;s:18:\"536881125_Ultimate\";}',0),(52,'AustraliaPost','CDev','',0,0,0,0,0.0000,0,5231,0.00,'USD','5.2',4,0,1398693926,102400,0,'Australia Post','X-Cart team','Gets shipping quotes for Australia Post delivery methods.','http://my.x-cart.com/sites/default/files/addons/CDev/AustraliaPost/icon.png','http://www.x-cart.com/extensions/addons/australia-post.html','','a:0:{}','a:2:{i:0;s:11:\"Fulfillment\";i:1;s:8:\"Shipping\";}',1,0,0,0,0,0,'a:0:{}',0),(53,'AuthorizeNet','CDev','',0,0,0,0,0.0000,0,5344,0.00,'USD','5.2',3,0,1397141922,61440,0,'Authorize.Net SIM','X-Cart team','Enables taking credit card payments for your online store via AuthorizeNet payment gateway (Server Integration Method).','http://my.x-cart.com/sites/default/files/addons/CDev/AuthorizeNet/icon.png','http://www.x-cart.com/extensions/addons/authorize-net-sim.html','','a:0:{}','a:1:{i:0;s:18:\"Payment processing\";}',1,0,0,0,0,0,'a:0:{}',0),(54,'Bestsellers','CDev','',0,0,0,0,0.0000,0,5906,0.00,'USD','5.2',1,0,1397141922,61440,0,'Bestsellers','X-Cart team','Lists best-selling products at any place of the customer interface.','http://my.x-cart.com/sites/default/files/addons/CDev/Bestsellers/icon.png','http://www.x-cart.com/extensions/addons/bestsellers.html','','a:0:{}','a:1:{i:0;s:9:\"Marketing\";}',1,0,0,0,0,0,'a:0:{}',0),(55,'Catalog','CDev','',0,0,0,0,0.0000,0,5634,0.00,'USD','5.2',2,0,1397073600,71680,0,'Catalog','X-Cart team','Disables checkout and makes your website a plain catalog of products which customers can browse but can\'t buy online.','http://my.x-cart.com/sites/default/files/addons/CDev/Catalog/icon.png','http://www.x-cart.com/extensions/addons/catalog.html','','a:0:{}','a:1:{i:0;s:18:\"Catalog Management\";}',1,0,0,0,0,0,'a:0:{}',0),(56,'ContactUs','CDev','',0,0,0,0,0.0000,0,6170,0.00,'USD','5.2',2,0,1400529600,92160,0,'Contact us','X-Cart team','Enables \"Contact us\" page','http://my.x-cart.com/sites/default/files/addons/CDev/ContactUs/icon.png','http://www.x-cart.com/extensions/addons/contact-us.html','','a:0:{}','a:2:{i:0;s:15:\"User experience\";i:1;s:14:\"Administration\";}',1,0,0,0,0,0,'a:0:{}',0),(57,'Coupons','CDev','',0,0,0,0,0.0000,0,5015,0.00,'USD','5.2',4,0,1400529600,276480,1,'Coupons','X-Cart team','Allows to configure discounts which customers can activate in your shop with a coupon code','http://my.x-cart.com/sites/default/files/addons/CDev/Coupons/icon.png','http://www.x-cart.com/extensions/addons/discount-coupons.html','','a:0:{}','a:1:{i:0;s:9:\"Marketing\";}',1,0,0,0,0,2,'a:3:{i:0;s:12:\"391_Business\";i:1;s:18:\"20598_Multi-vendor\";i:2;s:18:\"536881125_Ultimate\";}',0),(58,'DeTranslation','CDev','',0,0,0,0,0.0000,0,2909,0.00,'USD','5.2',2,0,1398628800,235520,0,'Translation: German','X-Cart team','German translation pack. This translation is a contribution of X-Cart community. Kindly shared by one of X-Cart merchants for free, this translation may contain some non-translated labels which appeared in later versions of X-Cart 5 or which were added by custom modules you installed.','http://my.x-cart.com/sites/default/files/addons/CDev/DeTranslation/icon.png','http://www.x-cart.com/extensions/addons/german-translation.html','','a:0:{}','a:1:{i:0;s:11:\"Translation\";}',1,0,0,0,0,0,'a:0:{}',0),(59,'DrupalConnector','CDev','',0,0,0,0,0.0000,0,1435,0.00,'USD','5.2',4,0,1398693927,337920,0,'Drupal Connector [DEPRECATED]','X-Cart team','Exports X-Cart widgets and pages to Drupal.','http://my.x-cart.com/sites/default/files/addons/CDev/DrupalConnector/icon.png','http://www.x-cart.com/extensions/addons/drupal-connector.html','','a:0:{}','a:1:{i:0;s:14:\"Administration\";}',1,0,0,0,0,0,'a:0:{}',0),(60,'Egoods','CDev','',0,0,0,0,0.0000,0,2989,0.00,'USD','5.2',3,0,1398628800,174080,1,'E-goods','X-Cart team','Allows to sell files that customers can download after the purchase. Requires to have the FileAttachments module priorly installed and enabled.','http://my.x-cart.com/sites/default/files/addons/CDev/Egoods/icon.png','http://www.x-cart.com/extensions/addons/e-goods.html','','a:1:{i:0;s:20:\"CDev\\FileAttachments\";}','a:3:{i:0;s:11:\"Fulfillment\";i:1;s:8:\"Shipping\";i:2;s:18:\"Catalog Management\";}',1,0,0,0,0,2,'a:3:{i:0;s:12:\"391_Business\";i:1;s:18:\"20598_Multi-vendor\";i:2;s:18:\"536881125_Ultimate\";}',0),(61,'FeaturedProducts','CDev','',0,0,0,0,0.0000,0,6681,0.00,'USD','5.2',2,0,1400529600,163840,0,'Featured Products','X-Cart team','Shows your best and most profitable products to customers.','http://my.x-cart.com/sites/default/files/addons/CDev/FeaturedProducts/icon.png','http://www.x-cart.com/extensions/addons/featured-products.html','','a:0:{}','a:2:{i:0;s:9:\"Marketing\";i:1;s:21:\"Search and Navigation\";}',1,0,0,0,0,0,'a:0:{}',0),(62,'FileAttachments','CDev','support@x-cart.com',0,0,0,0,0.0000,0,4686,0.00,'USD','5.2',3,0,1400529600,143360,1,'File attachments','X-Cart team','Allows you to attach files to goods that can be downloaded from the detailed pages of this product by visitors.','http://my.x-cart.com/sites/default/files/addons/CDev/FileAttachments/icon.png','http://www.x-cart.com/extensions/addons/file-attachments.html','','a:0:{}','a:1:{i:0;s:18:\"Catalog Management\";}',1,0,0,0,0,2,'a:3:{i:0;s:12:\"391_Business\";i:1;s:18:\"20598_Multi-vendor\";i:2;s:18:\"536881125_Ultimate\";}',0),(63,'FrTranslation','CDev','',0,0,0,0,0.0000,0,3317,0.00,'USD','5.2',2,0,1398628800,235520,0,'Translation: French','X-Cart team','French translation pack. This translation is a contribution of X-Cart community. Kindly shared by one of X-Cart merchants for free, this translation may contain some non-translated labels which appeared in later versions of X-Cart 5 or which were added by custom modules you installed.','http://my.x-cart.com/sites/default/files/addons/CDev/FrTranslation/icon.png','http://www.x-cart.com/extensions/addons/french-translation.html','','a:0:{}','a:1:{i:0;s:11:\"Translation\";}',1,0,0,0,0,0,'a:0:{}',0),(64,'GoogleAnalytics','CDev','',0,0,0,0,0.0000,0,6376,0.00,'USD','5.2',3,0,1397073600,102400,0,'Google Analytics','X-Cart team','Enables tracking and analyzing your website e-commerce statistics with Google Analytics.','http://my.x-cart.com/sites/default/files/addons/CDev/GoogleAnalytics/icon.png','http://www.x-cart.com/extensions/addons/google-analytics.html','','a:0:{}','a:2:{i:0;s:10:\"Statistics\";i:1;s:3:\"SEO\";}',1,0,0,0,0,0,'a:0:{}',0),(65,'GoSocial','CDev','',0,0,0,0,0.0000,0,6240,0.00,'USD','5.2',3,0,1400529600,153600,0,'Go Social','X-Cart team','Adds social media sharing functions like Facebook comments, OpenGraph meta tags and share buttons for product pages.','http://my.x-cart.com/sites/default/files/addons/CDev/GoSocial/icon.png','http://www.x-cart.com/extensions/addons/go-social.html','','a:0:{}','a:2:{i:0;s:9:\"Marketing\";i:1;s:6:\"Social\";}',1,0,0,0,0,0,'a:0:{}',0),(66,'MarketPrice','CDev','',0,0,0,0,0.0000,0,6109,0.00,'USD','5.2',0,0,1398628800,61440,0,'Market price','X-Cart team','Adds support for the product market price.','http://my.x-cart.com/sites/default/files/addons/CDev/MarketPrice/icon.png','http://www.x-cart.com/extensions/addons/market-price.html','','a:0:{}','a:2:{i:0;s:9:\"Marketing\";i:1;s:18:\"Catalog Management\";}',1,0,0,0,0,0,'a:0:{}',0),(67,'Moneybookers','CDev','',0,0,0,0,0.0000,0,5195,0.00,'USD','5.2',4,0,1398693929,286720,0,'Skrill','X-Cart team','Enables taking payments for your online shop via Skrill (ex-Moneybookers) payment gateway (iframe integration method)','http://my.x-cart.com/sites/default/files/addons/CDev/Moneybookers/icon.png','http://www.x-cart.com/extensions/addons/skrill.html','','a:0:{}','a:1:{i:0;s:18:\"Payment processing\";}',1,0,0,0,0,0,'a:0:{}',0),(68,'PaypalWPS','CDev','',0,0,0,0,0.0000,0,2003,0.00,'USD','5.1',4,0,1400583771,81920,0,'PayPal (outside of the US) [DEPRECATED]','X-Cart team','Enables taking credit card payments for your online store via PayPal (Website Payments Standard).','http://my.x-cart.com/sites/default/files/addons/CDev/PaypalWPS/icon.png','http://www.x-cart.com/extensions/addons/paypal-standard.html','','a:0:{}','a:1:{i:0;s:18:\"Payment processing\";}',1,0,0,0,0,0,'a:0:{}',0),(69,'ProductAdvisor','CDev','',0,0,0,0,0.0000,0,5112,0.00,'USD','5.2',3,0,1398628800,194560,1,'Product Advisor','X-Cart team','Adds specific products lists to the catalog: new arrivals, coming soon, recently viewed etc.','http://my.x-cart.com/sites/default/files/addons/CDev/ProductAdvisor/icon.png','http://www.x-cart.com/extensions/addons/product-advisor.html','','a:0:{}','a:2:{i:0;s:9:\"Marketing\";i:1;s:21:\"Search and Navigation\";}',1,0,0,0,0,2,'a:3:{i:0;s:12:\"391_Business\";i:1;s:18:\"20598_Multi-vendor\";i:2;s:18:\"536881125_Ultimate\";}',0),(70,'ProductOptions','CDev','',0,0,0,0,0.0000,0,427,0.00,'USD','5.0',2,0,1397073600,317440,0,'Product Options [DEPRECATED]','X-Cart team','In the earlier versions of X-Cart the module used to allow a customer to choose options when buying a product. Since version 5.0 it is recommended to use built-in interface for attributes configuration and the \"Product Variants\" module for this purpose.','http://my.x-cart.com/sites/default/files/addons/CDev/ProductOptions/icon.png','','','a:0:{}','a:1:{i:0;s:18:\"Catalog Management\";}',1,0,0,0,0,0,'a:0:{}',0),(71,'Quantum','CDev','',0,0,0,0,0.0000,0,3798,0.00,'USD','5.2',3,0,1397141931,51200,0,'QuantumGateway','X-Cart team','Enables taking credit card payments for your online store via QuantumGateway (QGWdatabase Engine API).','http://my.x-cart.com/sites/default/files/addons/CDev/Quantum/icon.png','http://www.x-cart.com/extensions/addons/quantum-gateway.html','','a:0:{}','a:1:{i:0;s:18:\"Payment processing\";}',1,0,0,0,0,0,'a:0:{}',0),(72,'RuTranslation','CDev','',0,0,0,0,0.0000,0,3305,0.00,'USD','5.2',6,0,1400529600,696320,0,'Translation: Russian','X-Cart team','Russian translation pack','http://my.x-cart.com/sites/default/files/addons/CDev/RuTranslation/icon.png','http://www.x-cart.com/extensions/addons/russian-translation.html','','a:0:{}','a:1:{i:0;s:11:\"Translation\";}',1,0,0,0,0,0,'a:0:{}',0),(73,'SalesTax','CDev','',0,0,0,0,0.0000,0,6855,0.00,'USD','5.2',3,0,1400529600,153600,0,'Sales Tax','X-Cart team','Setup the rules for calculating sales tax. The rates can depend on product classes, customer\'s membership levels and address. When several tax rates are applicable to one product, you can specify the priority of their application.','http://my.x-cart.com/sites/default/files/addons/CDev/SalesTax/icon.png','http://www.x-cart.com/extensions/addons/sales-tax.html','','a:0:{}','a:1:{i:0;s:5:\"Taxes\";}',1,0,0,0,0,0,'a:0:{}',0),(74,'Sale','CDev','',0,0,0,0,0.0000,0,4743,0.00,'USD','5.2',2,0,1400529600,215040,1,'Sale','X-Cart team','Module allows you set special sale prices for certain products. Sale module may not work properly with product attributes with surcharges and VAT/Sales Tax modules. Stay tuned for updates.','http://my.x-cart.com/sites/default/files/addons/CDev/Sale/icon.png','http://www.x-cart.com/extensions/addons/sale.html','','a:0:{}','a:1:{i:0;s:9:\"Marketing\";}',1,0,0,0,0,2,'a:3:{i:0;s:12:\"391_Business\";i:1;s:18:\"20598_Multi-vendor\";i:2;s:18:\"536881125_Ultimate\";}',0),(75,'SimpleCMS','CDev','',0,0,0,0,0.0000,0,9125,0.00,'USD','5.2',5,1,1400583253,256000,0,'Simple CMS','X-Cart team','Allows you to add custom website pages and modify the primary website menu and the footer links. After installing additional TinyMCE and Go Social modules you can configure OpenGraph tags for your pages and edit their contents in the WYSIWYG mode. This module is incompatible with modules integrating your store with third-party CMS solutions.','http://my.x-cart.com/sites/default/files/addons/CDev/SimpleCMS/icon.png','http://www.x-cart.com/extensions/addons/simple-cms.html','','a:0:{}','a:3:{i:0;s:9:\"Marketing\";i:1;s:15:\"User experience\";i:2;s:14:\"Administration\";}',1,0,0,0,0,0,'a:0:{}',0),(76,'SocialLogin','CDev','',0,0,0,0,0.0000,0,4227,0.00,'USD','5.2',1,0,1398628800,122880,1,'Social Login','X-Cart team','Enables authentication via OAuth 2.0 providers (Google & Facebook).','http://my.x-cart.com/sites/default/files/addons/CDev/SocialLogin/icon.png','http://www.x-cart.com/extensions/addons/social-login.html','','a:0:{}','a:2:{i:0;s:15:\"User experience\";i:1;s:6:\"Social\";}',1,0,0,0,0,2,'a:3:{i:0;s:12:\"391_Business\";i:1;s:18:\"20598_Multi-vendor\";i:2;s:18:\"536881125_Ultimate\";}',0),(77,'System','CDev','',0,0,0,0,0.0000,0,326,0.00,'USD','5.1',7,0,1398694670,337920,-1,'System','X-Cart team','System module','http://my.x-cart.com/sites/default/files/addons/CDev/System/icon.png','','','a:0:{}','a:0:{}',1,0,0,1,0,0,'a:0:{}',0),(78,'TinyMCE','CDev','',0,0,0,0,0.0000,0,8923,0.00,'USD','5.2',4,0,1397073600,2580480,0,'TinyMCE integration','X-Cart team','Enables TinyMCE WYSIWYG editor for editing product and category descriptions.','http://my.x-cart.com/sites/default/files/addons/CDev/TinyMCE/icon.png','http://www.x-cart.com/extensions/addons/tinymce.html','','a:0:{}','a:2:{i:0;s:14:\"Administration\";i:1;s:18:\"Catalog Management\";}',1,0,0,0,0,0,'a:0:{}',0),(79,'TwoCheckout','CDev','',0,0,0,0,0.0000,0,4916,0.00,'USD','5.2',2,0,1397141925,51200,0,'2Checkout.com','X-Cart team','Enables taking credit card payments for your online store via 2Checkout.com payment gateway.','http://my.x-cart.com/sites/default/files/addons/CDev/TwoCheckout/icon.png','http://www.x-cart.com/extensions/addons/2checkout.html','','a:0:{}','a:1:{i:0;s:18:\"Payment processing\";}',1,0,0,0,0,0,'a:0:{}',0),(80,'UserPermissions','CDev','',0,0,0,0,0.0000,0,2835,0.00,'USD','5.2',2,0,1397073600,102400,1,'User permissions','X-Cart team','Allows you to restrict access to backend functions to only those employees who need them. You can define administrator roles and configure which groups of back-end functions are available to users having these roles.','http://my.x-cart.com/sites/default/files/addons/CDev/UserPermissions/icon.png','http://www.x-cart.com/extensions/addons/user-permissions.html','','a:0:{}','a:3:{i:0;s:14:\"Administration\";i:1;s:11:\"Fulfillment\";i:2;s:18:\"Catalog Management\";}',1,0,0,0,0,2,'a:3:{i:0;s:12:\"391_Business\";i:1;s:18:\"20598_Multi-vendor\";i:2;s:18:\"536881125_Ultimate\";}',0),(81,'USPS','CDev','',0,0,0,0,0.0000,0,8693,0.00,'USD','5.2',6,0,1398693931,153600,0,'U.S.P.S.','X-Cart team','Gets shipping quotes for USPS delivery methods.','http://my.x-cart.com/sites/default/files/addons/CDev/USPS/icon.png','http://www.x-cart.com/extensions/addons/usps.html','','a:0:{}','a:2:{i:0;s:11:\"Fulfillment\";i:1;s:8:\"Shipping\";}',1,0,0,0,0,0,'a:0:{}',0),(82,'VAT','CDev','',0,0,0,0,0.0000,0,3937,0.00,'USD','5.2',7,0,1400583259,296960,0,'VAT','X-Cart team','Define the Value Added Tax rates for customers. Setup different rates based on customer\'s membership level and address. Tax exemption based on customer\'s VAT ID is supported.','http://my.x-cart.com/sites/default/files/addons/CDev/VAT/icon.png','http://www.x-cart.com/extensions/addons/uk-vat.html','','a:0:{}','a:1:{i:0;s:5:\"Taxes\";}',1,0,0,0,0,0,'a:0:{}',0),(83,'VolumeDiscounts','CDev','',0,0,0,0,0.0000,0,3247,0.00,'USD','5.2',3,0,1400529600,143360,1,'Volume Discounts','X-Cart team','Enables discounts depending on the total price of ordered products and the customer membership level.','http://my.x-cart.com/sites/default/files/addons/CDev/VolumeDiscounts/icon.png','http://www.x-cart.com/extensions/addons/volume-discounts.html','','a:0:{}','a:1:{i:0;s:9:\"Marketing\";}',1,0,0,0,0,2,'a:3:{i:0;s:12:\"391_Business\";i:1;s:18:\"20598_Multi-vendor\";i:2;s:18:\"536881125_Ultimate\";}',0),(84,'Wholesale','CDev','',0,0,0,0,0.0000,0,5526,0.00,'USD','5.2',9,0,1400529600,286720,1,'Wholesale','X-Cart team','Enables wholesale pricing depending on product quantity and customer membership level. Also the module allows you to set the minimum purchase quantity per membership level.','http://my.x-cart.com/sites/default/files/addons/CDev/Wholesale/icon.png','http://www.x-cart.com/extensions/addons/wholesale.html','','a:0:{}','a:2:{i:0;s:9:\"Marketing\";i:1;s:18:\"Catalog Management\";}',1,0,0,0,0,2,'a:3:{i:0;s:12:\"391_Business\";i:1;s:18:\"20598_Multi-vendor\";i:2;s:18:\"536881125_Ultimate\";}',0),(85,'XMLSitemap','CDev','',0,0,0,0,0.0000,0,7736,0.00,'USD','5.2',4,0,1400529600,112640,0,'XML sitemap','X-Cart team','Module generates an XML file with information for search engines.','http://my.x-cart.com/sites/default/files/addons/CDev/XMLSitemap/icon.png','http://www.x-cart.com/extensions/addons/xml-sitemap.html','','a:0:{}','a:1:{i:0;s:3:\"SEO\";}',1,0,0,0,0,0,'a:0:{}',0),(86,'XMLSitemapDrupal','CDev','',0,0,0,0,0.0000,0,1158,0.00,'USD','5.2',1,0,1397141926,51200,0,'XML sitemap for Drupal [DEPRECATED]','X-Cart team','Module generates an XML file with information for search engines.','http://my.x-cart.com/sites/default/files/addons/CDev/XMLSitemapDrupal/icon.png','http://www.x-cart.com/extensions/addons/xml-sitemap-drupal.html','','a:2:{i:0;s:20:\"CDev\\DrupalConnector\";i:1;s:15:\"CDev\\XMLSitemap\";}','a:2:{i:0;s:9:\"Marketing\";i:1;s:14:\"Administration\";}',1,0,0,0,0,0,'a:0:{}',0),(87,'Paypal','CDev','sales@x-cart.com',0,0,0,0,0.0000,0,9842,0.00,'USD','5.2',5,0,1400529600,798720,0,'PayPal','X-Cart team','Enables taking payments for your online store via PayPal services.','http://my.x-cart.com/sites/default/files/addons/CDev/Paypal/icon.png','http://www.x-cart.com/extensions/addons/paypal.html','','a:0:{}','a:1:{i:0;s:18:\"Payment processing\";}',1,0,0,0,0,0,'a:0:{}',0),(88,'XPaymentsConnector','CDev','',0,0,0,0,0.0000,0,9193,0.00,'USD','5.2',5,0,1398628800,1351680,0,'X-Payments connector','X-Cart team','PCI compliant credit card processing through major payment gateways without redirects that allows PCI compliant credit card storing for re-using and subscriptions. X-Payments integrates with over 40 payment providers including but not limited to: PayPal, BrainTree, Authorize.Net AIM/CIM, Chase Paymentech, CyberSource, Elavon, Moneris (former eSelect), First Data, Intuit Quickbooks, Ogone, Sage Pay, Realex, WorldPay and many others.','http://my.x-cart.com/sites/default/files/addons/CDev/XPaymentsConnector/icon.png','http://www.x-cart.com/extensions/addons/xpayments-connector.html','','a:0:{}','a:2:{i:0;s:14:\"Administration\";i:1;s:18:\"Payment processing\";}',1,0,0,0,0,0,'a:0:{}',0),(89,'ThemeTweaker','XC','',0,0,0,0,0.0000,0,7112,0.00,'USD','5.2',7,0,1400583254,4157440,0,'Theme tweaker','X-Cart team','This extension allows you to tweak your store design by adding and editing custom CSS styles and JavaScript code directly in the store back end. Also you can upload images to link them from your CSS styles.','http://my.x-cart.com/sites/default/files/addons/XC/ThemeTweaker/icon.png','http://www.x-cart.com/extensions/addons/theme-tweaker.html','','a:0:{}','a:2:{i:0;s:13:\"Design tweaks\";i:1;s:14:\"Administration\";}',1,0,0,0,0,0,'a:0:{}',0),(90,'InstantSearch','CDev','',0,0,0,0,0.0000,0,1301,0.00,'USD','5.1',2,0,1398628800,81920,1,'Instant Search [DEPRECATED]','X-Cart team','Starting from v.5.2 the module won\'t be supported. Consider the \"Cloud Search\" instead. More details: http://blog.x-cart.com/cloud-search-goes-free-to-replace-instant-search.html','http://my.x-cart.com/sites/default/files/addons/CDev/InstantSearch/icon.png','http://www.x-cart.com/extensions/addons/instant-search.html','','a:0:{}','a:1:{i:0;s:21:\"Search and Navigation\";}',1,0,0,0,0,2,'a:3:{i:0;s:12:\"391_Business\";i:1;s:18:\"20598_Multi-vendor\";i:2;s:18:\"536881125_Ultimate\";}',0),(91,'ProductComparison','XC','',0,0,0,0,0.0000,0,3958,0.00,'USD','5.2',3,0,1400529600,153600,1,'Product Comparison','X-Cart team','Allows customers to compare products.','http://my.x-cart.com/sites/default/files/addons/XC/ProductComparison/icon.png','http://www.x-cart.com/extensions/addons/product-comparison.html','','a:0:{}','a:2:{i:0;s:15:\"User experience\";i:1;s:21:\"Search and Navigation\";}',1,0,0,0,0,2,'a:3:{i:0;s:12:\"391_Business\";i:1;s:18:\"20598_Multi-vendor\";i:2;s:18:\"536881125_Ultimate\";}',0),(92,'ProductFilter','XC','',0,0,0,0,0.0000,0,4638,0.00,'USD','5.2',3,0,1398628800,174080,1,'Product Filter','X-Cart team','Allows customers to filter products.','http://my.x-cart.com/sites/default/files/addons/XC/ProductFilter/icon.png','http://www.x-cart.com/extensions/addons/product-filter.html','','a:0:{}','a:2:{i:0;s:15:\"User experience\";i:1;s:21:\"Search and Navigation\";}',1,0,0,0,0,2,'a:3:{i:0;s:12:\"391_Business\";i:1;s:18:\"20598_Multi-vendor\";i:2;s:18:\"536881125_Ultimate\";}',0),(93,'RESTAPI','XC','',0,0,0,0,0.0000,0,5110,0.00,'USD','5.2',2,0,1397141927,163840,0,'REST API','X-Cart team','Allows external applications to work with your store data via REST API.','http://my.x-cart.com/sites/default/files/addons/XC/RESTAPI/icon.png','http://www.x-cart.com/extensions/addons/rest-api.html','','a:0:{}','a:1:{i:0;s:11:\"Development\";}',1,0,0,0,0,0,'a:0:{}',0),(94,'FedEx','CDev','',0,0,0,0,0.0000,0,5913,0.00,'USD','5.2',3,0,1398693928,122880,0,'FedEx','X-Cart team','Gets shipping quotes for FedEx delivery methods.','http://my.x-cart.com/sites/default/files/addons/CDev/FedEx/icon.png','http://www.x-cart.com/extensions/addons/fedex.html','','a:0:{}','a:2:{i:0;s:11:\"Fulfillment\";i:1;s:8:\"Shipping\";}',1,0,0,0,0,0,'a:0:{}',0),(95,'CanadaPost','XC','',0,0,0,0,0.0000,0,5430,0.00,'USD','5.2',5,0,1400583260,911360,0,'Canada Post','X-Cart team','Gets shipping quotes for Canada Post delivery methods.','http://my.x-cart.com/sites/default/files/addons/XC/CanadaPost/icon.png','http://www.x-cart.com/extensions/addons/canadapost.html','','a:0:{}','a:2:{i:0;s:11:\"Fulfillment\";i:1;s:8:\"Shipping\";}',1,0,0,0,0,0,'a:0:{}',0),(96,'ColorSchemes','XC','',0,0,0,0,0.0000,0,7452,0.00,'USD','5.2',3,5,1400529600,1474560,0,'Color Schemes','X-Cart team','This module adds three new color schemes to the base X-Cart design theme.','http://my.x-cart.com/sites/default/files/addons/XC/ColorSchemes/icon.png','http://www.x-cart.com/extensions/addons/color-schemes.html','','a:0:{}','a:1:{i:0;s:9:\"Templates\";}',1,0,0,0,0,0,'a:0:{}',0),(97,'UPS','XC','',0,0,0,0,0.0000,0,6355,0.00,'USD','5.2',4,0,1398693934,122880,0,'UPS','X-Cart team','Gets shipping quotes for UPS delivery methods.','http://my.x-cart.com/sites/default/files/addons/XC/UPS/icon.png','http://www.x-cart.com/extensions/addons/ups.html','','a:0:{}','a:2:{i:0;s:11:\"Fulfillment\";i:1;s:8:\"Shipping\";}',1,0,0,0,0,0,'a:0:{}',0),(98,'GiftCertificates','RedSqui','redsqui@gmail.com',0,0,0,0,0.0000,0,476,75.00,'USD','5.2',1,0,1395259200,637952,0,'GiftCertificates','Vladimir Serov','Enables customers to buy and use gift certificates.','http://my.x-cart.com/sites/default/files/addons/RedSqui/GiftCertificates/icon.png','http://www.x-cart.com/extensions/addons/gift-certificates.html','','a:0:{}','a:1:{i:0;s:18:\"Payment processing\";}',1,0,0,0,0,0,'a:0:{}',536881108),(99,'Justuno','Justuno','',0,0,0,0,0.0000,0,37,0.00,'USD','5.1',0,0,1378670400,44544,0,'Justuno','Justuno','The Social Incentive Platform','http://my.x-cart.com/sites/default/files/addons/Justuno/Justuno/icon.png','http://www.x-cart.com/extensions/addons/justuno.html','','a:0:{}','a:2:{i:0;s:9:\"Marketing\";i:1;s:6:\"Social\";}',1,0,0,0,0,0,'a:0:{}',0),(100,'PINCodes','CDev','',0,0,0,0,0.0000,0,3403,0.00,'USD','5.2',3,0,1400529600,235520,1,'PIN Codes','X-Cart team','Allows to sell PIN codes attached to products.','http://my.x-cart.com/sites/default/files/addons/CDev/PINCodes/icon.png','http://www.x-cart.com/extensions/addons/pin-codes.html','','a:0:{}','a:2:{i:0;s:11:\"Fulfillment\";i:1;s:18:\"Catalog Management\";}',1,0,0,0,0,2,'a:3:{i:0;s:12:\"391_Business\";i:1;s:18:\"20598_Multi-vendor\";i:2;s:18:\"536881125_Ultimate\";}',0),(101,'Mobile','XC','sales@x-cart.com',0,0,0,0,0.0000,0,2102,249.00,'USD','5.2',13,2,1400529600,2488832,0,'Mobile skin','X-Cart team','This module enables the mobile view for your store.','http://my.x-cart.com/sites/default/files/addons/XC/Mobile/icon.png','http://www.x-cart.com/extensions/addons/mobile.html','','a:0:{}','a:2:{i:0;s:15:\"Mobile Commerce\";i:1;s:9:\"Templates\";}',1,0,0,0,0,0,'a:0:{}',536881124),(102,'ProductVariants','XC','',0,0,0,0,0.0000,0,7439,0.00,'USD','5.2',5,0,1400529600,368640,1,'Product Variants','X-Cart team','Allows to manage products variants.','http://my.x-cart.com/sites/default/files/addons/XC/ProductVariants/icon.png','http://www.x-cart.com/extensions/addons/product-variants.html','','a:0:{}','a:2:{i:0;s:11:\"Fulfillment\";i:1;s:18:\"Catalog Management\";}',1,0,0,0,0,2,'a:3:{i:0;s:12:\"391_Business\";i:1;s:18:\"20598_Multi-vendor\";i:2;s:18:\"536881125_Ultimate\";}',0),(103,'YandexMetrika','STaM','support@buyyy.ru',0,0,0,0,0.0000,0,92,4.99,'USD','5.2',0,0,1393617600,16384,0,'Yandex Metrika','STaM LLC','Enables tracking and analyzing your X-Cart website e-commerce statistics with Yandex Metrika.','http://my.x-cart.com/sites/default/files/addons/STaM/YandexMetrika/icon.png','http://www.x-cart.com/extensions/addons/yandex-metrics-by-stamllc.html','','a:0:{}','a:2:{i:0;s:10:\"Statistics\";i:1;s:3:\"SEO\";}',1,0,0,0,0,0,'a:0:{}',20604),(104,'Pay2Pay','STaM','support@buyyy.ru',0,0,0,0,0.0000,0,1,79.00,'USD','5.2',0,0,1393617600,33792,0,'Pay2Pay','STaM LLC','Enables taking credit card payments for your online store via Pay2Pay payment gateway.','http://my.x-cart.com/sites/default/files/addons/STaM/Pay2Pay/icon.png','http://www.x-cart.com/extensions/addons/pay2pay-payment-module-by-stamllc.html','','a:0:{}','a:1:{i:0;s:18:\"Payment processing\";}',1,0,0,0,0,0,'a:0:{}',536881120),(105,'PartnerProgram','STaM','support@buyyy.ru',0,0,0,0,0.0000,0,21,195.00,'USD','5.2',3,0,1412798400,817152,0,'Partner Program','STaM LLC','Module allows you to add an Affiliate program to your store.','http://my.x-cart.com/sites/default/files/addons/STaM/PartnerProgram/icon.png','http://www.x-cart.com/extensions/addons/partner-program-by-stamllc.html','','a:0:{}','a:1:{i:0;s:9:\"Marketing\";}',1,0,2,0,0,0,'a:0:{}',20588),(106,'GoogleExperiments','STaM','support@buyyy.ru',0,0,0,0,0.0000,0,0,49.90,'USD','5.2',0,0,1393617600,26112,0,'Google Experiments','STaM LLC','Enables content experiments support with Google Analytics.','http://my.x-cart.com/sites/default/files/addons/STaM/GoogleExperiments/icon.png','http://www.x-cart.com/extensions/addons/google-experiment-module-by-stamllc.html','','a:2:{i:0;s:20:\"CDev\\GoogleAnalytics\";i:1;s:14:\"CDev\\SimpleCMS\";}','a:2:{i:0;s:9:\"Marketing\";i:1;s:3:\"SEO\";}',1,0,0,0,0,0,'a:0:{}',536881119),(107,'Qiwi','XC','support@x-cart.com',0,0,0,0,0.0000,0,688,0.00,'USD','5.2',4,0,1397073600,81920,0,'Qiwi','X-Cart team','Enables receiving payments for your online store via Qiwi payment system.','http://my.x-cart.com/sites/default/files/addons/XC/Qiwi/icon.png','http://www.x-cart.com/extensions/addons/qiwi-payment-module.html','','a:0:{}','a:1:{i:0;s:18:\"Payment processing\";}',1,0,0,0,0,0,'a:0:{}',0),(108,'Webmoney','XC','',0,0,0,0,0.0000,0,393,0.00,'USD','5.2',2,0,1397073600,71680,0,'WebMoney','X-Cart team','Enables receiving payments for your online store via WebMoney payment system','http://my.x-cart.com/sites/default/files/addons/XC/Webmoney/icon.png','http://www.x-cart.com/extensions/addons/webmoney-payment-module.html','','a:0:{}','a:1:{i:0;s:18:\"Payment processing\";}',1,0,0,0,0,0,'a:0:{}',0),(109,'Cart2cart','MagneticOne','',0,0,0,0,0.0000,0,74,0.00,'USD','5.2',0,0,1390248000,228864,0,'Migrate Data to X-Cart','MagneticOne','Allows you to use the Cart2Cart service right out of your store admin panel to transfer your products, orders, customers information and other data from your current shopping cart to X-Cart.','http://my.x-cart.com/sites/default/files/addons/MagneticOne/Cart2cart/icon.png','','','a:0:{}','a:0:{}',1,0,0,0,1,0,'a:0:{}',0),(110,'AbandonedCartReminder','QSL','modsupport@x-cart.com',0,0,0,0,0.0000,0,603,165.00,'USD','5.2',3,0,1401048000,387584,0,'Abandoned Cart Reminder','Qualiteam','This module gives unfinished orders a second chance and allows you to remind customers of their abandoned carts by sending an e-mail notification manually or automatically.','http://my.x-cart.com/sites/default/files/addons/QSL/AbandonedCartReminder/icon.png','http://www.x-cart.com/extensions/addons/abandoned-cart-reminder.html','','a:0:{}','a:1:{i:0;s:9:\"Marketing\";}',1,0,0,0,1,0,'a:0:{}',536881107),(111,'Banner','QSL','sales@x-cart.com',0,0,0,0,0.0000,0,1636,49.00,'USD','5.2',5,0,1401048000,256512,0,'Banner System','Qualiteam','It allows admin to place both images and HTML-code banners anywhere in X-Cart via the special interface in admin area. This module is useful for promoting products, events, offers, etc.','http://my.x-cart.com/sites/default/files/addons/QSL/Banner/icon.png','http://www.x-cart.com/extensions/addons/banner-system.html','','a:0:{}','a:2:{i:0;s:9:\"Marketing\";i:1;s:13:\"Design tweaks\";}',1,0,0,0,1,0,'a:0:{}',536881105),(112,'ProductFeeds','QSL','modsupport@x-cart.com',0,0,0,0,0.0000,0,445,99.00,'USD','5.2',4,0,1400616000,1358848,0,'Product Feeds','Qualiteam','Product Feeds module allows you to export your products into popular comparison shopping websites: Nextag, Pricegrabber, Shopzilla, eBay Commerce Network (shopping.com) and Google Shopping.','http://my.x-cart.com/sites/default/files/addons/QSL/ProductFeeds/icon.png','http://www.x-cart.com/extensions/addons/product-feeds.html','','a:0:{}','a:2:{i:0;s:9:\"Marketing\";i:1;s:18:\"Catalog Management\";}',1,0,0,0,1,0,'a:0:{}',536881106),(113,'FreshGreenTheme','PerceptionSystemPvtLtd','x-cart@perceptionsystem.com',0,0,0,0,0.0000,0,299,0.00,'USD','5.2',0,0,1401307200,1229824,0,'Fresh Green','Perception System Pvt. Ltd.','Fresh-Green theme suitable for every type of store. This theme utilizes the power of x-cart next simplicity.','http://my.x-cart.com/sites/default/files/addons/PerceptionSystemPvtLtd/FreshGreenTheme/icon.png','','','a:0:{}','a:1:{i:0;s:9:\"Templates\";}',1,0,0,0,0,0,'a:0:{}',0),(114,'Add2CartPopup','XC','support@x-cart.com',0,0,0,0,0.0000,0,6991,0.00,'USD','5.2',5,0,1400529600,143360,0,'Add to Cart Popup','X-Cart team','Adds a promotional popup dialog that is displayed after a customer adds a product to cart.','http://my.x-cart.com/sites/default/files/addons/XC/Add2CartPopup/icon.png','http://www.x-cart.com/extensions/addons/add-to-cart-popup.html','','a:0:{}','a:2:{i:0;s:9:\"Marketing\";i:1;s:18:\"Catalog Management\";}',1,0,0,0,0,0,'a:0:{}',0),(115,'Reviews','XC','support@x-cart.com',0,0,0,0,0.0000,0,5306,0.00,'USD','5.2',6,0,1400529600,563200,1,'Product reviews','X-Cart team','Adds an ability to add products reviews and manage them in admin area','http://my.x-cart.com/sites/default/files/addons/XC/Reviews/icon.png','http://www.x-cart.com/extensions/addons/product-reviews.html','','a:0:{}','a:2:{i:0;s:15:\"User experience\";i:1;s:6:\"Social\";}',1,0,0,0,0,2,'a:3:{i:0;s:12:\"391_Business\";i:1;s:18:\"20598_Multi-vendor\";i:2;s:18:\"536881125_Ultimate\";}',0),(116,'SagePay','XC','support@x-cart.com',0,0,0,0,0.0000,0,5415,0.00,'USD','5.2',4,0,1397141928,61440,0,'Sage Pay (Form)','X-Cart team','Enables taking credit card payments for your online store via SagePay payment gateway (Form protocol method).','http://my.x-cart.com/sites/default/files/addons/XC/SagePay/icon.png','http://www.x-cart.com/extensions/addons/sagepay-payment-module.html','','a:0:{}','a:1:{i:0;s:18:\"Payment processing\";}',1,0,0,0,0,0,'a:0:{}',0),(117,'Stripe','XC','support@x-cart.com',0,0,0,0,0.0000,0,6440,0.00,'USD','5.2',5,0,1400583259,481280,0,'Stripe','X-Cart team','Enables taking credit card payments for your online store via Stripe','http://my.x-cart.com/sites/default/files/addons/XC/Stripe/icon.png','http://www.x-cart.com/extensions/addons/stripe-payment-module.html','','a:0:{}','a:1:{i:0;s:18:\"Payment processing\";}',1,0,0,0,0,0,'a:0:{}',0),(118,'Upselling','XC','support@x-cart.com',0,0,0,0,0.0000,0,4509,0.00,'USD','5.2',3,0,1397073600,143360,1,'Related Products','X-Cart team','This module gives you the ability to add a list of products which will be offered along with the product being viewed. You may use this feature to promote products, e.g. making them related or recommended.','http://my.x-cart.com/sites/default/files/addons/XC/Upselling/icon.png','http://www.x-cart.com/extensions/addons/related-products.html','','a:0:{}','a:3:{i:0;s:9:\"Marketing\";i:1;s:15:\"User experience\";i:2;s:21:\"Search and Navigation\";}',1,0,0,0,0,2,'a:3:{i:0;s:12:\"391_Business\";i:1;s:18:\"20598_Multi-vendor\";i:2;s:18:\"536881125_Ultimate\";}',0),(119,'Wishlist','SpurIT','contact@spur-i-t.com',0,0,0,0,0.0000,0,225,99.00,'USD','5.2',1,0,1401307200,244736,0,'Wishlist','SpurIT','The Wishlist module allows your customers to create a list of products which they want to purchase. All products for convenience can be placed to various categories lists. It is a great tool for your customers to plan their shopping.','http://my.x-cart.com/sites/default/files/addons/SpurIT/Wishlist/icon.png','http://www.x-cart.com/extensions/addons/wishlist-by-spurit.html','','a:0:{}','a:2:{i:0;s:9:\"Marketing\";i:1;s:15:\"User experience\";}',1,0,0,0,0,0,'a:0:{}',536881118),(120,'WhoPurchased','SpurIT','contact@spur-i-t.com',0,0,0,0,0.0000,0,100,49.00,'USD','5.2',1,0,1401307200,46592,0,'Customers Who Purchased','SpurIT','This plugin shows a list of products which were purchased by other buyers along with the product being viewed. The administrator has an ability to disable the plugin, limit the list to current category of products and products in stock only, limit a number of products in the list. This solution is widely used on other eCommerce platforms and has been acknowledged by significant increase of sales.','http://my.x-cart.com/sites/default/files/addons/SpurIT/WhoPurchased/icon.png','http://www.x-cart.com/extensions/addons/customers-who-purchased-by-spurit.html','','a:0:{}','a:1:{i:0;s:9:\"Marketing\";}',1,0,0,0,0,0,'a:0:{}',536881117),(121,'StockChart','SpurIT','contact@spur-i-t.com',0,0,0,0,0.0000,0,1,49.00,'USD','5.2',1,0,1400788800,65536,0,'Stock Chart','SpurIT','This extension indicates the availability of your product variations. It displays your current inventory available for customers.','http://my.x-cart.com/sites/default/files/addons/SpurIT/StockChart/icon.png','http://www.x-cart.com/extensions/addons/stock-chart-by-spurit.html','','a:0:{}','a:1:{i:0;s:18:\"Catalog Management\";}',1,0,0,0,0,0,'a:0:{}',536881116),(122,'AbandonedOrdersRecovering','SpurIT','contact@spur-i-t.com',0,0,0,0,0.0000,0,4,200.00,'USD','5.2',1,0,1401307200,408064,0,'Abandoned Orders Recovering','SpurIT','This extension recoups lost revenue by reminding customers about their abandoned cart and offering a deal or promotion to encourage them to complete their orders.','http://my.x-cart.com/sites/default/files/addons/SpurIT/AbandonedOrdersRecovering/icon.png','http://www.x-cart.com/extensions/addons/abandoned-orders-recovering-by-spurit.html','','a:0:{}','a:1:{i:0;s:9:\"Marketing\";}',1,0,0,0,0,0,'a:0:{}',536881114),(123,'SEConnector','SpurIT','contact@spur-i-t.com',0,0,0,0,0.0000,0,0,149.00,'USD','5.2',0,0,1400788800,49664,0,'Socialengine Connector','SpurIT','Integration with the SocialEngine community CMS.','http://my.x-cart.com/sites/default/files/addons/SpurIT/SEConnector/icon.png','http://www.x-cart.com/extensions/addons/social-engine-connector-by-spurit.html','','a:0:{}','a:1:{i:0;s:6:\"Social\";}',1,0,0,0,0,0,'a:0:{}',536881115),(124,'ProductVideo','PerceptionSystemPvtLtd','x-cart@perceptionsystem.com',0,0,0,0,0.0000,0,440,5.00,'USD','5.2',1,0,1400702400,33792,0,'Product Video','Perception System Pvt. Ltd.','Allows you to add youtube video to your product on product-details page.','http://my.x-cart.com/sites/default/files/addons/PerceptionSystemPvtLtd/ProductVideo/icon.png','http://www.x-cart.com/extensions/addons/product-video.html','','a:0:{}','a:1:{i:0;s:18:\"Catalog Management\";}',1,0,0,0,0,0,'a:0:{}',20615),(125,'BannerPro','PerceptionSystemPvtLtd','x-cart@perceptionsystem.com ',0,0,0,0,0.0000,0,115,29.00,'USD','5.2',1,0,1401480000,278016,0,'Banner Pro','Perception System Pvt. Ltd.','Allows to upload banner to display on store front-end with amazing jQuery effects.','http://my.x-cart.com/sites/default/files/addons/PerceptionSystemPvtLtd/BannerPro/icon.png','http://www.x-cart.com/extensions/addons/banner-pro-by-perception-system.html','','a:0:{}','a:2:{i:0;s:9:\"Marketing\";i:1;s:13:\"Design tweaks\";}',1,0,0,0,0,0,'a:0:{}',536881126),(126,'Ecc','Webgility','brajkishors@webgility.com',0,0,0,0,0.0000,0,643,0.00,'USD','5.2',0,0,1401393600,243200,0,'QuickBooks Integration','Webgility','eCC Desktop connects your X-Cart store with QuickBooks to automate your accounting.Works with QuickBooks Pro, Premier and Enterprise.','http://my.x-cart.com/sites/default/files/addons/Webgility/Ecc/icon.png','http://www.x-cart.com/extensions/addons/ecc-deskop-quickbooks-integration-by-webgility.html','','a:0:{}','a:1:{i:0;s:10:\"Accounting\";}',1,0,4,0,0,0,'a:0:{}',0),(127,'Robokassa','XC','',0,0,0,0,0.0000,0,592,0.00,'USD','5.2',3,0,1400583771,61440,0,'Robokassa','X-Cart team','Robokassa allows all types of payments \"in the single window\": Credit Cards, SMS payments aka \"Mobile Commerce\", e-currencies (WebMoney, Yandex.Money), Instant payment terminals, Internet-Banking, iPhone application payments. Coupon decreasing the processing fee from 5% down to 2.9% within first 3 months is available. Contact us to get your promo-code!','http://my.x-cart.com/sites/default/files/addons/XC/Robokassa/icon.png','http://www.x-cart.com/extensions/addons/robokassa-payment-module.html','','a:0:{}','a:1:{i:0;s:18:\"Payment processing\";}',1,0,0,0,0,0,'a:0:{}',0),(128,'LoyaltyProgram','QSL','modsupport@x-cart.com',0,0,0,0,0.0000,0,283,99.00,'USD','5.2',2,0,1401652800,387584,0,'Loyalty Program','Qualiteam','Increase customer loyalty and turn your visitors into returning customers by giving them reward points for purchases made in your store and letting them cash the points in for discounts on future orders.','http://my.x-cart.com/sites/default/files/addons/QSL/LoyaltyProgram/icon.png','http://www.x-cart.com/extensions/addons/loyalty-program.html','','a:0:{}','a:1:{i:0;s:9:\"Marketing\";}',1,0,0,0,1,0,'a:0:{}',536881111),(129,'MyBestDressSkin','QSL','sales@x-cart.com',0,0,0,0,0.0000,0,82,99.00,'USD','5.2',6,5,1396468800,825856,0,'Template #38 \"My Best Dress\"','Qualiteam','The \"My Best Dress\" X-Cart Design Template (#38). This template is good for the following themes: Accessories, Beauty, Clothing, Jewelry, Medical, Wedding.','http://my.x-cart.com/sites/default/files/addons/QSL/MyBestDressSkin/icon.png','http://www.x-cart.com/extensions/xcart-templates/mybestdress.html','','a:0:{}','a:1:{i:0;s:9:\"Templates\";}',1,0,0,0,1,0,'a:0:{}',442),(130,'CustomSkin','XC','support@x-cart.com',0,0,0,0,0.0000,0,3967,0.00,'USD','5.2',2,0,1397141928,30720,0,'Custom skin','X-Cart team','Development module that simplifies the process of implementing design changes.','http://my.x-cart.com/sites/default/files/addons/XC/CustomSkin/icon.png','http://www.x-cart.com/extensions/addons/custom-skin.html','','a:0:{}','a:1:{i:0;s:11:\"Development\";}',1,0,0,0,0,0,'a:0:{}',0),(131,'DisqusComments','XC','support@x-cart.com',0,0,0,0,0.0000,0,575,0.00,'USD','5.2',0,0,1400529600,51200,0,'Disqus comments','X-Cart team','Make commenting easier and more interactive with Disqus. Replies, subscriptions and email notifications. Sharing in Twitter and Facebook. Moderation of posts within Disqus admin area. Simple yet powerful.','http://my.x-cart.com/sites/default/files/addons/XC/DisqusComments/icon.png','http://www.x-cart.com/extensions/addons/disqus-comments.html','','a:0:{}','a:1:{i:0;s:6:\"Social\";}',1,0,0,0,0,0,'a:0:{}',0),(132,'EMS','XC','support@x-cart.com',0,0,0,0,0.0000,0,425,0.00,'USD','5.2',4,0,1400529600,102400,0,'EMS Russian Post','X-Cart team','Gets shipping quotes for EMS delivery methods.','http://my.x-cart.com/sites/default/files/addons/XC/EMS/icon.png','http://www.x-cart.com/extensions/addons/ems-russian-post.html','','a:0:{}','a:2:{i:0;s:11:\"Fulfillment\";i:1;s:8:\"Shipping\";}',1,0,0,0,0,0,'a:0:{}',0),(133,'Olark','XC','support@x-cart.com',0,0,0,0,0.0000,0,1340,0.00,'USD','5.2',0,0,1398628800,40960,0,'Livechat - Olark','X-Cart team','The module adds Olark Live Chat to your website: neat in customer area, powerful and informative in admin back-end. Understand who\'s on your website, see where your customers are and co-browse with them, chat with the visitors proactively, help them solve the concerns and see how your sales grow.','http://my.x-cart.com/sites/default/files/addons/XC/Olark/icon.png','http://www.x-cart.com/extensions/addons/olark-live-chat.html','','a:0:{}','a:2:{i:0;s:15:\"User experience\";i:1;s:14:\"Administration\";}',1,0,0,0,0,0,'a:0:{}',0),(134,'WebmasterKit','XC','support@x-cart.com',0,0,0,0,0.0000,0,5452,0.00,'USD','5.2',1,0,1398628800,102400,0,'Webmaster Kit','X-Cart team','This module helps web developers. It is used to find specific templates (the same as Webmaster mode functionality in X-Cart 4), SQL logging, benchmarking.','http://my.x-cart.com/sites/default/files/addons/XC/WebmasterKit/icon.png','http://www.x-cart.com/extensions/addons/webmaster-kit.html','','a:0:{}','a:1:{i:0;s:11:\"Development\";}',1,0,0,0,0,0,'a:0:{}',0),(135,'Napoleon','Edessertnet','x-cart@edessert.net',0,0,0,0,0.0000,0,229,0.00,'USD','5.1',4,0,1400184000,93184,0,'Napoleon Recommendation Service','Edessertnet','Amazon quality product recommender. It boosts sales, increases average order value, conversion and loyalty. Suggest products that will get your visitors to respond!','http://my.x-cart.com/sites/default/files/addons/Edessertnet/Napoleon/icon.png','http://www.x-cart.com/extensions/addons/edessertnet-product-recommendations.html','','a:0:{}','a:2:{i:0;s:9:\"Marketing\";i:1;s:21:\"Search and Navigation\";}',1,0,0,0,0,0,'a:0:{}',0),(136,'ShopGate','QSL','',0,0,0,0,0.0000,0,356,0.00,'USD','5.2',4,6,1400702400,1935360,0,'Shopgate - Mobile Commerce','Qualiteam','Boost your mobile sales with your individual mobile website or native Shopping app for iPhone, iPad and Android! Sign up URL: http://www.shopgate.com/en/partner/x-cart/','http://my.x-cart.com/sites/default/files/addons/QSL/ShopGate/icon.png','http://www.x-cart.com/extensions/addons/shopgate-mobile-commerce.html','','a:0:{}','a:3:{i:0;s:9:\"Marketing\";i:1;s:15:\"User experience\";i:2;s:15:\"Mobile Commerce\";}',1,0,5,0,1,0,'a:0:{}',0),(137,'Shiplark','Webgility','brajkishors@webgility.com',0,0,0,0,0.0000,0,247,0.00,'USD','5.2',0,0,1401457449,224256,0,'Shiplark','Webgility','Ship your X-Cart orders faster and smarter! Print FedEx, UPS and USPS labels in one click.','http://my.x-cart.com/sites/default/files/addons/Webgility/Shiplark/icon.png','http://www.x-cart.com/extensions/addons/shiplark-by-webgility.html','','a:0:{}','a:4:{i:0;s:14:\"Administration\";i:1;s:11:\"Fulfillment\";i:2;s:8:\"Shipping\";i:3;s:10:\"Accounting\";}',1,0,0,0,0,0,'a:0:{}',0),(138,'ShopByBrand','QSL','modsupport@x-cart.com',0,0,0,0,0.0000,0,872,49.00,'USD','5.2',3,0,1400529600,253952,0,'Shop By Brand','Qualiteam','Allows customers to navigate and search products by brands / manufacturers / vendors.','http://my.x-cart.com/sites/default/files/addons/QSL/ShopByBrand/icon.png','http://www.x-cart.com/extensions/addons/shop-by-brand.html','','a:0:{}','a:2:{i:0;s:21:\"Search and Navigation\";i:1;s:18:\"Catalog Management\";}',1,0,0,0,1,0,'a:0:{}',536881121),(139,'OneCIntegration','XC','support@x-cart.com',0,0,0,0,0.0000,0,28,399.00,'USD','5.2',1,0,1400529600,184320,0,'1C integration','X-Cart team','Upload the products from \"1C\" database and publish them in your online store. Import categories, products (inlcuding images and properties) and product variants. Upload orders from your online store into \"1C\". Update the order statuses in the online store, based on order statuses changes in \"1C\".','http://my.x-cart.com/sites/default/files/addons/XC/OneCIntegration/icon.png','http://www.x-cart.ru/1c-integraciya.html','','a:0:{}','a:2:{i:0;s:11:\"Fulfillment\";i:1;s:10:\"Accounting\";}',1,0,0,0,0,0,'a:0:{}',20603),(140,'PosSystem','XC','sales@x-cart.com',0,0,0,0,0.0000,0,53,499.00,'USD','5.2',1,0,1400702400,573440,0,'POS System','X-Cart team','Turn your X-cart store into a retail Point of Sale. Note: a java virtual machine is required to use \"jZebra\" applet.','http://my.x-cart.com/sites/default/files/addons/XC/PosSystem/icon.png','http://www.x-cart.com/extensions/addons/point-of-sale.html','','a:1:{i:0;s:15:\"XC\\SystemFields\";}','a:2:{i:0;s:14:\"Administration\";i:1;s:18:\"Payment processing\";}',1,0,0,0,0,0,'a:0:{}',536881104),(141,'SystemFields','XC','',0,0,0,0,0.0000,0,1311,0.00,'USD','5.2',3,0,1400702400,174080,0,'System fields','X-Cart team','The module adds 2 system fields - UPC/ISBN and Manufacturer/Vendor to products and variants. Admin selects whether to display the fields nowhere, in admin area only or both in admin and customer area.','http://my.x-cart.com/sites/default/files/addons/XC/SystemFields/icon.png','http://www.x-cart.com/extensions/addons/system-fields.html','','a:0:{}','a:2:{i:0;s:14:\"Administration\";i:1;s:18:\"Catalog Management\";}',1,0,0,0,0,0,'a:0:{}',0),(142,'Ecccloud','Webgility','brajkishors@webgility.com',0,0,0,0,0.0000,0,294,0.00,'USD','5.2',0,0,1401457412,223744,0,'QuickBooks Online Integration','Webgility','eCC Cloud syncs your X-Cart store with QuickBooks Online so you don\'t have to!','http://my.x-cart.com/sites/default/files/addons/Webgility/Ecccloud/icon.png','http://www.x-cart.com/extensions/addons/ecc-cloud-quickbooks-and-xero-integration-by-webgility.html','','a:0:{}','a:2:{i:0;s:14:\"Administration\";i:1;s:10:\"Accounting\";}',1,0,0,0,0,0,'a:0:{}',0),(143,'RichGoogleSearchResults','QSL','support@x-cart.com',0,0,0,0,0.0000,0,297,79.00,'USD','5.2',3,0,1401134400,56320,0,'Rich google search results','Qualiteam','This module allows search engines to display information about yourproducts and reviews in well-structured format','http://my.x-cart.com/sites/default/files/addons/QSL/RichGoogleSearchResults/icon.png','http://www.x-cart.com/extensions/addons/rich-google-search-results.html','','a:0:{}','a:2:{i:0;s:9:\"Marketing\";i:1;s:3:\"SEO\";}',1,0,0,0,0,0,'a:0:{}',536881127),(144,'PayWithAmazon','Amazon','helpdesk@x-cart.com',0,0,0,0,0.0000,0,1447,0.00,'USD','5.2',2,0,1401739200,112640,0,'Pay with Amazon','Amazon Payments','This module enables Pay with Amazon functionality','http://my.x-cart.com/sites/default/files/addons/Amazon/PayWithAmazon/icon.png','http://www.x-cart.com/extensions/addons/pay-with-amazon-payment-module.html','','a:0:{}','a:1:{i:0;s:18:\"Payment processing\";}',1,0,0,0,0,0,'a:0:{}',0),(145,'CustomerSatisfaction','QSL','sales@x-cart.com',0,0,0,0,0.0000,0,51,99.00,'USD','5.2',0,0,1401912000,322048,0,'Customer Satisfaction','Qualiteam','Module allows store administrator to know as soon as possible if customer is satisfied with the purchase and to prevent any negative customer reviews by resolving their issues.','http://my.x-cart.com/sites/default/files/addons/QSL/CustomerSatisfaction/icon.png','http://www.x-cart.com/extensions/addons/customer-satisfaction.html','','a:0:{}','a:2:{i:0;s:15:\"User experience\";i:1;s:10:\"Statistics\";}',1,0,5,0,0,0,'a:0:{}',536881131),(146,'Eccxero','Webgility','',0,0,0,0,0.0000,0,76,0.00,'USD','5.2',0,0,-10800,222720,0,'Xero Integration','Webgility','eCC Cloud syncs your X-Cart store with Xero so you don\'t have to!','http://my.x-cart.com/sites/default/files/addons/Webgility/Eccxero/icon.png','http://www.x-cart.com/extensions/addons/xero-integration-by-webgility.html','','a:0:{}','a:2:{i:0;s:14:\"Administration\";i:1;s:10:\"Accounting\";}',1,0,4,0,0,0,'a:0:{}',0),(147,'Eccpos','Webgility','',0,0,0,0,0.0000,0,112,0.00,'USD','5.2',0,0,-10800,246784,0,'QuickBooks POS Integration','Webgility','eCC Desktop connects your X-Cart store with QuickBooks Point of Sale to automate your accounting.','http://my.x-cart.com/sites/default/files/addons/Webgility/Eccpos/icon.png','https://www.x-cart.com/extensions/addons/quickBooks-pos-integration-by-webgility.html','','a:0:{}','a:3:{i:0;s:14:\"Administration\";i:1;s:11:\"Fulfillment\";i:2;s:10:\"Accounting\";}',1,0,0,0,0,0,'a:0:{}',0),(148,'SportLifeSkin','QSL','sales@x-cart.com',0,0,0,0,0.0000,0,121,99.00,'USD','5.2',2,5,-10800,1728000,0,'Template #39 \"Sport Life\"','Qualiteam','The \"Sport Life\" X-Cart Design Template (#39). This template is good for the following themes: Clothing, Entertainment, Jewelry, Sport, Tools & Equipment.','http://my.x-cart.com/sites/default/files/addons/QSL/SportLifeSkin/icon.png','http://www.x-cart.com/extensions/xcart-templates/sport-life.html','','a:0:{}','a:1:{i:0;s:9:\"Templates\";}',1,0,0,0,1,0,'a:0:{}',441),(149,'CallForPrice','QSL','modsupport@x-cart.com',0,0,0,0,0.0000,0,309,35.00,'USD','5.2',2,0,-10800,102400,0,'Call For Price','Qualiteam','With this module you can hide price and \"Add to cart\" button for particular products and show a \"Call For Price\" message instead.','http://my.x-cart.com/sites/default/files/addons/QSL/CallForPrice/icon.png','http://www.x-cart.com/node/1025','','a:0:{}','a:1:{i:0;s:18:\"Catalog Management\";}',1,0,6,0,0,0,'a:0:{}',536881132),(150,'AppleShop','QSL','sales@x-cart.com',0,0,0,0,0.0000,0,129,99.00,'USD','5.2',2,5,1404158400,562688,0,'Template #37 \"Apple Shop\"','Qualiteam','The \"Apple Shop\" X-Cart Design Template (#37). This template is good for the following themes:  Business, Computers, Electronics, Tools & Equipment','http://my.x-cart.com/sites/default/files/addons/QSL/AppleShop/icon.png','http://www.x-cart.com/extensions/xcart-templates/apple-shop.html','','a:0:{}','a:1:{i:0;s:9:\"Templates\";}',1,0,0,0,1,0,'a:0:{}',443),(151,'HiTech_14','QSL','sales@x-cart.com',0,0,0,0,0.0000,0,42,99.00,'USD','5.2',4,5,-10800,364544,0,'Template #14 \"Hi-tech\"','Qualiteam','The \"Hi-tech\" X-Cart Design Template (#14). This template is good for the following themes: Computers, Electronics, Tools & Equipment','http://my.x-cart.com/sites/default/files/addons/QSL/HiTech_14/icon.png','http://www.x-cart.com/extensions/xcart-templates/hi-tech.html','','a:0:{}','a:1:{i:0;s:9:\"Templates\";}',1,0,0,0,1,0,'a:0:{}',536881072),(152,'CloudSearch','QSL','sales@x-cart.com',0,0,0,0,0.0000,0,3531,0.00,'USD','5.2',0,0,-10800,142336,0,'CloudSearch','Qualiteam','CloudSearch is a SaaS solution that integrates with X-Cart 5 to enable dynamic, real-time product search with highly relevant search results. Power up your store with enterprise-class search technologies for better conversion!','http://my.x-cart.com/sites/default/files/addons/QSL/CloudSearch/icon.png','http://www.x-cart.com/extensions/addons/cloudsearch.html','','a:0:{}','a:3:{i:0;s:9:\"Marketing\";i:1;s:15:\"User experience\";i:2;s:21:\"Search and Navigation\";}',1,0,5,0,1,0,'a:0:{}',0),(153,'Magic360','MagicToolbox','support@magictoolbox.com',0,0,0,0,0.0000,0,246,0.00,'USD','5.2',0,0,-10800,322048,0,'Magic 360 &trade;','Magic Toolbox','Spin products round in 360 degrees and zoom them.','http://my.x-cart.com/sites/default/files/addons/MagicToolbox/Magic360/icon.png','https://www.x-cart.com/extensions/addons/Magic-360-by-Magic-Toolbox.html','','a:0:{}','a:3:{i:0;s:15:\"User experience\";i:1;s:13:\"Design tweaks\";i:2;s:11:\"Development\";}',1,0,5,0,0,0,'a:0:{}',0),(154,'MagicScroll','MagicToolbox','support@magictoolbox.com',0,0,0,0,0.0000,0,213,0.00,'USD','5.2',0,0,-10800,187392,0,'Magic Scroll &trade;','Magic Toolbox','Effortlessly scroll through images and/or text on your web pages.','http://my.x-cart.com/sites/default/files/addons/MagicToolbox/MagicScroll/icon.png','https://www.x-cart.com/extensions/addons/Magic-Scroll-by-Magic-Toolbox.html','','a:0:{}','a:3:{i:0;s:15:\"User experience\";i:1;s:13:\"Design tweaks\";i:2;s:11:\"Development\";}',1,0,0,0,0,0,'a:0:{}',0),(155,'MagicSlideshow','MagicToolbox','support@magictoolbox.com',0,0,0,0,0.0000,0,447,0.00,'USD','5.2',0,0,-10800,258560,0,'Magic Slideshow &trade;','Magic Toolbox','Display one image after another. Fade or slide, fast or slow, text or just images. It\'s your choice!','http://my.x-cart.com/sites/default/files/addons/MagicToolbox/MagicSlideshow/icon.png','https://www.x-cart.com/extensions/addons/Magic-Slideshow-by-Magic-Toolbox.html','','a:0:{}','a:3:{i:0;s:15:\"User experience\";i:1;s:13:\"Design tweaks\";i:2;s:11:\"Development\";}',1,0,0,0,0,0,'a:0:{}',0),(156,'MagicThumb','MagicToolbox','support@magictoolbox.com',0,0,0,0,0.0000,0,259,0.00,'USD','5.2',0,0,1412798400,378368,0,'Magic Thumb &trade;','Magic Toolbox','Enlarge your small images to full screen upon click with this popular tool.','http://my.x-cart.com/sites/default/files/addons/MagicToolbox/MagicThumb/icon.png','https://www.x-cart.com/extensions/addons/Magic-Thumb-by-Magic-Toolbox.html','','a:0:{}','a:3:{i:0;s:15:\"User experience\";i:1;s:13:\"Design tweaks\";i:2;s:11:\"Development\";}',1,0,0,0,0,0,'a:0:{}',0),(157,'MagicZoom','MagicToolbox','support@magictoolbox.com',0,0,0,0,0.0000,0,213,0.00,'USD','5.2',0,0,1412798400,317440,0,'Magic Zoom &trade;','Magic Toolbox','Zoom into images when you hover over an image. A beautiful effect.','http://my.x-cart.com/sites/default/files/addons/MagicToolbox/MagicZoom/icon.png','https://www.x-cart.com/extensions/addons/Magic-Zoom-by-Magic-Toolbox.html','','a:0:{}','a:3:{i:0;s:15:\"User experience\";i:1;s:13:\"Design tweaks\";i:2;s:11:\"Development\";}',1,0,0,0,0,0,'a:0:{}',0),(158,'MagicZoomPlus','MagicToolbox','support@magictoolbox.com',0,0,0,0,0.0000,0,379,0.00,'USD','5.2',0,0,1412798400,465408,0,'Magic Zoom Plus &trade;','Magic Toolbox','Beautiful zoom and enlarge effect for your product images.','http://my.x-cart.com/sites/default/files/addons/MagicToolbox/MagicZoomPlus/icon.png','https://www.x-cart.com/extensions/addons/Magic-Zoom-Plus-by-Magic-Toolbox.html','','a:0:{}','a:3:{i:0;s:15:\"User experience\";i:1;s:13:\"Design tweaks\";i:2;s:11:\"Development\";}',1,0,6,0,0,0,'a:0:{}',0),(159,'FbWall','Webkulsoftware','prakash.sahu@webkul.com',0,0,0,0,0.0000,0,18,29.00,'USD','5.2',0,0,1407700800,158208,0,'Facebook Wall Feed','Webkul Software Pvt. Ltd.','Facebook Wall Feed will grab your Facebook wall post automatically in your website as a module, You can display feed of the posts on your Facebook page or profile or group on your website by just put your Facebook Account ID or Facebook account name with access token. Requires to have the Facebook Wall Feed module properly installed and enabled.','http://my.x-cart.com/sites/default/files/addons/Webkulsoftware/FbWall/icon.png','http://www.x-cart.com/extensions/addons/facebook-wall-by-webkulsoftware.html','','a:0:{}','a:1:{i:0;s:6:\"Social\";}',1,0,0,0,0,0,'a:0:{}',536881135),(160,'FifthDimension','FiveDimLog','http://www.x-cart.com/contact-us.html',0,0,0,0,0.0000,0,50,0.00,'USD','5.2',1,0,1404417600,67072,0,'5th Dimension','5th Dimension Logistics ','Enables taking payments for your online store via 5th Dimension payment gateway (Payment Redirect Method).','http://my.x-cart.com/sites/default/files/addons/FiveDimLog/FifthDimension/icon.png','http://www.x-cart.com/extensions/addons/5th-dimension-logistics-payment-module.html','','a:0:{}','a:1:{i:0;s:18:\"Payment processing\";}',1,0,0,0,0,0,'a:0:{}',0),(161,'AudioBooks','QSL','sales@x-cart.com',0,0,0,0,0.0000,0,21,99.00,'USD','5.2',2,5,-10800,967168,0,'Template #31 \"AudioBooks\"','Qualiteam','This template is good for the following themes: Books, Education, Gifts, Media, Music','http://my.x-cart.com/sites/default/files/addons/QSL/AudioBooks/icon.png','https://www.x-cart.com/extensions/xcart-templates/audiobooks.html','','a:0:{}','a:1:{i:0;s:9:\"Templates\";}',1,0,0,0,1,0,'a:0:{}',449),(162,'WordPress','QSL','support@x-cart.com',0,0,0,0,0.0000,0,169,149.00,'USD','5.2',0,0,1404849600,992768,0,'WordPress in X-Cart 5','Qualiteam','WordPress in X-Cart 5 is a product that extends your X-Cart 5 store with a fully functional blog using the most popular blogging software in the world. The add-on module allows you to add WordPress features to your existing X-Cart 5 store.','http://my.x-cart.com/sites/default/files/addons/QSL/WordPress/icon.png','http://www.x-cart.com/extensions/addons/wordpress-in-xcart-5.html','','a:0:{}','a:3:{i:0;s:9:\"Marketing\";i:1;s:15:\"User experience\";i:2;s:13:\"Design tweaks\";}',1,0,0,0,1,0,'a:0:{}',536881133),(163,'VitalitySkin','QSL','sales@x-cart.com',0,0,0,0,0.0000,0,11,99.00,'USD','5.2',1,5,1404849600,357376,0,'Template #13 \"Vitality\"','Qualiteam','The \"Vitality\" X-Cart Design Template (#13). This template is good for the following themes: Exterior design, Medical, Nature, Nutritional supplements.','http://my.x-cart.com/sites/default/files/addons/QSL/VitalitySkin/icon.png','https://www.x-cart.com/extensions/xcart-templates/vitality.html','','a:0:{}','a:1:{i:0;s:9:\"Templates\";}',1,0,0,0,1,0,'a:0:{}',536881073),(164,'IGmodule','Ingroove','support@diib.com',0,0,0,0,0.0000,0,40,0.00,'USD','5.1',1,0,1414440000,738816,0,'Diib Analytics','InGroove Inc.','Effortlessly add easy to use predictive analytics to your X-Cart store.','http://my.x-cart.com/sites/default/files/addons/Ingroove/IGmodule/icon.png','http://www.x-cart.com/extensions/addons/diib-analytics-by-diib.html','','a:0:{}','a:2:{i:0;s:14:\"Administration\";i:1;s:10:\"Statistics\";}',1,0,0,0,0,0,'a:0:{}',0),(165,'MeritusPayment','MPS','helpdesk@x-cart.com',0,0,0,0,0.0000,0,48,0.00,'USD','5.2',1,0,1405540800,40448,0,'Meritus: Payment XP','MPS','Developed with card-not-present transactions in mind, Payment XP provides merchants with the ability to process credit and debit card, all in a PCI compliant solution loaded with tools to manage fraud and fight chargebacks.','http://my.x-cart.com/sites/default/files/addons/MPS/MeritusPayment/icon.png','http://www.x-cart.com/extensions/addons/meritus-XP-payment-module.html','','a:0:{}','a:1:{i:0;s:18:\"Payment processing\";}',1,0,0,0,0,0,'a:0:{}',0),(166,'WatchWorld','QSL','sales@x-cart.com',0,0,0,0,0.0000,0,36,99.00,'USD','5.2',1,5,1406059200,654336,0,'Template #40 \"WatchWorld\"','Qualiteam','The \"Watch world\" X-Cart Design Template (#40). This template is good for the following themes:  Accessories, Clothing, Gifts, Hotels, Jewelry, Watches','http://my.x-cart.com/sites/default/files/addons/QSL/WatchWorld/icon.png','https://www.x-cart.com/extensions/xcart-templates/watch-world.html','','a:0:{}','a:1:{i:0;s:9:\"Templates\";}',1,0,0,0,1,0,'a:0:{}',411),(167,'CustomProductTabs','XC','',0,0,0,0,0.0000,0,1580,0.00,'USD','5.2',4,0,-10800,112640,1,'Custom product tabs','X-Cart team','Add additional tabs on the product page. Custom name, custom content - html text or product videos, whatever describes your product best.','http://my.x-cart.com/sites/default/files/addons/XC/CustomProductTabs/icon.png','http://www.x-cart.com/extensions/addons/custom-product-tabs.html','','a:0:{}','a:2:{i:0;s:13:\"Design tweaks\";i:1;s:18:\"Catalog Management\";}',1,0,0,0,0,2,'a:3:{i:0;s:12:\"391_Business\";i:1;s:18:\"20598_Multi-vendor\";i:2;s:18:\"536881125_Ultimate\";}',0),(168,'EPDQ','XC','',0,0,0,0,0.0000,0,2474,0.00,'USD','5.2',2,0,-10800,71680,0,'Barclaycard ePDQ e-Commerce','X-Cart team','Enables taking payments for your online store via Barclaycard ePDQ e-Commerce payment system (Basic e-Commerce integration).','http://my.x-cart.com/sites/default/files/addons/XC/EPDQ/icon.png','http://www.x-cart.com/extensions/addons/barclays-epdq-payment-module.html','','a:0:{}','a:1:{i:0;s:18:\"Payment processing\";}',1,0,0,0,0,0,'a:0:{}',0),(169,'IdealPayments','XC','',0,0,0,0,0.0000,0,2495,0.00,'USD','5.2',2,0,-10800,112640,0,'iDEAL Payments','X-Cart team','Enables taking credit card payments for your online store via iDEAL payment system.','http://my.x-cart.com/sites/default/files/addons/XC/IdealPayments/icon.png','http://www.x-cart.com/extensions/addons/iDEAL-payment-module.html','','a:0:{}','a:1:{i:0;s:18:\"Payment processing\";}',1,0,0,0,0,0,'a:0:{}',0),(170,'XPaymentsSubscriptions','QSL','sales@x-cart.com',0,0,0,0,0.0000,0,304,0.00,'USD','5.2',2,0,1406059200,374784,0,'X-Payments subscriptions','Qualiteam','This module allows to create product subscriptions and process them via X-Payments module.','http://my.x-cart.com/sites/default/files/addons/QSL/XPaymentsSubscriptions/icon.png','http://www.x-cart.com/extensions/addons/x-payments-subscriptions-and-installements.html','','a:1:{i:0;s:23:\"CDev\\XPaymentsConnector\";}','a:1:{i:0;s:18:\"Payment processing\";}',1,0,0,0,0,0,'a:0:{}',0),(171,'CustomerRewards','BCSE','xcart@bcsengineering.com',0,0,0,0,0.0000,0,30,149.00,'USD','5.2',1,0,1408305600,289792,0,'Customer Rewards','BCS Engineering','Allow customers to accrue points to receive discounts','http://my.x-cart.com/sites/default/files/addons/BCSE/CustomerRewards/icon.png','http://www.x-cart.com/extensions/addons/customer-rewards-by-bcse.html','','a:0:{}','a:2:{i:0;s:9:\"Marketing\";i:1;s:15:\"User experience\";}',1,0,2,0,0,0,'a:0:{}',536881137),(172,'FacebookProducts','BCSE','xcart@bcsengineering.com',0,0,0,0,0.0000,0,3,50.00,'USD','5.1',0,0,1408564800,47104,0,'Facebook Products','BCS Engineering','Post your products to Facebook','http://my.x-cart.com/sites/default/files/addons/BCSE/FacebookProducts/icon.png','http://www.x-cart.com/extensions/addons/facebook-products-by-bcse.html','','a:0:{}','a:1:{i:0;s:6:\"Social\";}',1,0,0,0,0,0,'a:0:{}',536881138),(173,'CatalogOrderForm','BCSE','xcart@bcsengineering.com',0,0,0,0,0.0000,0,16,40.00,'USD','5.1',1,0,1408478400,29184,0,'Catalog Order Form','BCS Engineering','New page for customers to enter in multiple skus to add to their cart','http://my.x-cart.com/sites/default/files/addons/BCSE/CatalogOrderForm/icon.png','http://www.x-cart.com/extensions/addons/catalog-order-form-by-bcse.html','','a:0:{}','a:3:{i:0;s:15:\"User experience\";i:1;s:21:\"Search and Navigation\";i:2;s:18:\"Catalog Management\";}',1,0,0,0,0,0,'a:0:{}',536881139),(174,'BuyMac','QSL','sales@x-cart.com',0,0,0,0,0.0000,0,60,99.00,'USD','5.2',4,5,1406577600,430080,0,'Template #32 \"Buy Mac\"','Qualiteam','The \"Buy Mac\" X-Cart Design Template (#32). This template is good for the following themes:  Books, Cars, Computers, Electronics, Gifts, Music','http://my.x-cart.com/sites/default/files/addons/QSL/BuyMac/icon.png','https://www.x-cart.com/extensions/xcart-templates/buymac.html','','a:0:{}','a:1:{i:0;s:9:\"Templates\";}',1,0,0,0,1,0,'a:0:{}',448),(175,'ExitOffers','QSL','modsupport@x-cart.com',0,0,0,0,0.0000,0,122,49.00,'USD','5.2',2,0,-10800,116224,0,'Exit Offers','Qualiteam','Allows you to recover orders by showing a special popup offer to customers before they leave your web site.','http://my.x-cart.com/sites/default/files/addons/QSL/ExitOffers/icon.png','http://www.x-cart.com/node/1101','','a:0:{}','a:2:{i:0;s:9:\"Marketing\";i:1;s:15:\"User experience\";}',1,0,4,0,0,0,'a:0:{}',536881134),(176,'Socialtab','Webkulsoftware','prakash.sahu@webkul.com',0,0,0,0,0.0000,0,98,29.00,'USD','5.2',0,0,1407700800,178176,0,'Social Tab','Webkul Software Pvt. Ltd.','Social Tabs is a brilliant sliding social media tab module and super useful for your social media feeds and it is very slick in design. Purpose of this addon to embed the social media post like Facebook, Twitter, LinkedIn etc on your website. This module can be applied at both side of web page (right and left)','http://my.x-cart.com/sites/default/files/addons/Webkulsoftware/Socialtab/icon.png','http://www.x-cart.com/extensions/addons/social-tab-by-webkulsoftware.html','','a:0:{}','a:1:{i:0;s:6:\"Social\";}',1,0,0,0,0,0,'a:0:{}',536881136),(177,'Fitness','QSL','sales@x-cart.com',0,0,0,0,0.0000,0,13,99.00,'USD','5.2',3,5,1407355200,272896,0,'Template #16 \"Fitness\"','Qualiteam','The \"Fitness\" X-Cart Design Template (#16). This template is good for the following themes: Cars, Fitness, Interior & Furniture, Sport, Tools & Equipment','http://my.x-cart.com/sites/default/files/addons/QSL/Fitness/icon.png','https://www.x-cart.com/extensions/xcart-templates/sport-fitness.html','','a:0:{}','a:1:{i:0;s:9:\"Templates\";}',1,0,0,0,1,0,'a:0:{}',536881071),(178,'FlyoutCategoriesMenu','QSL','design-team@x-cart.com',0,0,0,0,0.0000,0,575,19.95,'USD','5.2',0,0,1407873600,39936,0,'Flyout Categories Menu','Qualiteam','The module changes the default categories menu in the Customer area by introducing a flyout expanding menu style','http://my.x-cart.com/sites/default/files/addons/QSL/FlyoutCategoriesMenu/icon.png','https://www.x-cart.com/extensions/addons/flyout-categories-menu.html','','a:0:{}','a:3:{i:0;s:15:\"User experience\";i:1;s:13:\"Design tweaks\";i:2;s:21:\"Search and Navigation\";}',1,0,5,0,1,0,'a:0:{}',536881140),(179,'Integration','UnisenderInc','plugins@unisender.com',0,0,0,0,0.0000,0,284,0.00,'USD','5.2',1,0,1408910400,79360,0,'Unisender Integration','Unisender Inc','Create and send professional newsletters! The module integrates your store with UniSender, a popular service for mailing and bulk SMS messaging.','http://my.x-cart.com/sites/default/files/addons/UnisenderInc/Integration/icon.png','http://www.x-cart.com/extensions/addons/unisender-integration-by-unisender.html','','a:0:{}','a:1:{i:0;s:9:\"Marketing\";}',1,0,0,0,0,0,'a:0:{}',0),(180,'Storelocator','PerceptionSystemPvtLtd','x-cart@perceptionsystem.com',0,0,0,0,0.0000,0,14,29.99,'USD','5.2',2,0,1412280000,195584,0,'Storelocator','Perception System Pvt. Ltd.','Fetch Your Store With Store Locator','http://my.x-cart.com/sites/default/files/addons/PerceptionSystemPvtLtd/Storelocator/icon.png','https://www.x-cart.com/extensions/addons/store-locator-by-perception-system.html','','a:0:{}','a:1:{i:0;s:9:\"Marketing\";}',1,0,2,0,0,0,'a:0:{}',20582),(181,'AutoParts','QSL','sales@x-cart.com',0,0,0,0,0.0000,0,143,99.00,'USD','5.2',2,5,1409083200,470016,0,'Template #33 \"AutoParts\"','Qualiteam','This template is good for the following themes: Cars, Electronics, Tools & Equipment','http://my.x-cart.com/sites/default/files/addons/QSL/AutoParts/icon.png','https://www.x-cart.com/extensions/xcart-templates/autoparts.html','','a:0:{}','a:1:{i:0;s:9:\"Templates\";}',1,0,0,0,1,0,'a:0:{}',447),(182,'PayU','PayU','integration@payu.ru',0,0,0,0,0.0000,0,215,0.00,'USD','5.2',1,0,1409688000,43008,0,'PayU Russia','PayU Russia','Enables taking payments for your online store via PayU system.','http://my.x-cart.com/sites/default/files/addons/PayU/PayU/icon.png','http://www.x-cart.com/extensions/addons/payU-Russia-payment-module-by-PayU.html','','a:0:{}','a:1:{i:0;s:18:\"Payment processing\";}',1,0,0,0,0,0,'a:0:{}',0),(183,'BooksStoreSkin','QSL','design-team@x-cart.com',0,0,0,0,0.0000,0,5,99.00,'USD','5.2',1,5,1409601600,350208,0,'Template #30 \"Books Store\"','Qualiteam','The \"Books Store\" X-Cart Design Template (#30). This template is good for the following themes: Books, Clothing, Education, Flowers, Gifts, Hotels, Media.','http://my.x-cart.com/sites/default/files/addons/QSL/BooksStoreSkin/icon.png','https://www.x-cart.com/extensions/xcart-templates/books-store.html','','a:0:{}','a:1:{i:0;s:9:\"Templates\";}',1,0,0,0,1,0,'a:0:{}',450),(184,'FAQ','Guru','mike@babymonkeystudios.com',0,0,0,0,0.0000,0,172,15.00,'USD','5.2',0,0,1410120000,89088,0,'FAQ','X-Cart Guru','Enables FAQ page','http://my.x-cart.com/sites/default/files/addons/Guru/FAQ/icon.png','https://www.x-cart.com/extensions/addons/FAQ-module-by-XcartGuru.html','','a:0:{}','a:3:{i:0;s:9:\"Marketing\";i:1;s:15:\"User experience\";i:2;s:14:\"Administration\";}',1,0,3,0,0,0,'a:0:{}',536881157),(185,'InfiniteScroll','QSL','modsupport@x-cart.com',0,0,0,0,0.0000,0,363,79.00,'USD','5.2',1,0,-10800,67072,0,'Infinite Scroll','Qualiteam','This module allows you to replace the pager in product lists with the infinite scroll that adds more results to the list when the customer scrolls the page down.','http://my.x-cart.com/sites/default/files/addons/QSL/InfiniteScroll/icon.png','http://www.x-cart.com/node/1135/','','a:0:{}','a:3:{i:0;s:15:\"User experience\";i:1;s:13:\"Design tweaks\";i:2;s:21:\"Search and Navigation\";}',1,0,3,0,0,0,'a:0:{}',536881159),(186,'DetailedImagesSlider','Guru','mike@babymonkeystudios.com',0,0,0,0,0.0000,0,98,35.00,'USD','5.2',0,0,1411070400,178176,0,'Detailed images slider','X-Cart Guru','Display your detailed product images in a responsive slider directly on the product page.','http://my.x-cart.com/sites/default/files/addons/Guru/DetailedImagesSlider/icon.png','https://www.x-cart.com/extensions/addons/detailed-images-slider-by-XcartGuru.html','','a:0:{}','a:3:{i:0;s:9:\"Marketing\";i:1;s:15:\"User experience\";i:2;s:13:\"Design tweaks\";}',1,0,4,0,0,0,'a:0:{}',20578),(187,'Mandrill','XC','sales@x-cart.com',0,0,0,0,0.0000,0,196,0.00,'USD','5.2',1,0,1411416000,276480,0,'Mandrill Integration (for transactional emails)','X-Cart team','Mandrill is a scalable and affordable email infrastructure service, with the powerful marketing-friendly analytics tools.','http://my.x-cart.com/sites/default/files/addons/XC/Mandrill/icon.png','http://www.x-cart.com/extensions/addons/mandrill-transactional-emails-integration.html','','a:0:{}','a:2:{i:0;s:14:\"Administration\";i:1;s:10:\"Statistics\";}',1,0,0,0,0,0,'a:0:{}',0),(188,'MailChimp','XC','sales@x-cart.com',0,0,0,0,0.0000,0,898,0.00,'USD','5.2',1,0,1411416000,480768,0,'MailChimp Integration with Ecommerce-360 support','X-Cart team','MailChimp is an email marketing service with powerful tools to manage your email campaigns and subscribers while gathering advanced analytics information on your campaign performance.','http://my.x-cart.com/sites/default/files/addons/XC/MailChimp/icon.png','http://www.x-cart.com/extensions/addons/mailchimp-integration-with-e-commerce-360.html','','a:0:{}','a:2:{i:0;s:9:\"Marketing\";i:1;s:10:\"Statistics\";}',1,0,0,0,0,0,'a:0:{}',0),(189,'HorizontalCategoriesMenu','QSL','design-team@x-cart.com',0,0,0,0,0.0000,0,502,19.95,'USD','5.2',2,0,1411588800,82944,0,'Horizontal Flyout Categories Menu','Qualiteam','The module changes the default categories menu to the horizontal flyout expanding menu','http://my.x-cart.com/sites/default/files/addons/QSL/HorizontalCategoriesMenu/icon.png','https://www.x-cart.com/extensions/addons/horizontal-flyout-categories-menu.html','','a:0:{}','a:3:{i:0;s:15:\"User experience\";i:1;s:13:\"Design tweaks\";i:2;s:21:\"Search and Navigation\";}',1,0,0,0,1,0,'a:0:{}',20579),(190,'YandexMoney','XC','support@x-cart.com',0,0,0,0,0.0000,0,351,0.00,'USD','5.2',4,0,1412020800,102400,0,'Yandex Payment Solution','X-Cart team','The means of accepting all payment options popular in Russia - bank cards, Yandex Payment Solution and Webmoney, mobile payments and cash.','http://my.x-cart.com/sites/default/files/addons/XC/YandexMoney/icon.png','http://www.x-cart.ru/yandex-money.html','','a:0:{}','a:1:{i:0;s:18:\"Payment processing\";}',1,0,0,0,0,0,'a:0:{}',0),(191,'Electronics','QSL','design-team@x-cart.com',0,0,0,0,0.0000,0,2,99.00,'USD','5.2',1,5,1413230400,530432,0,'Template #19 \"Electronics\"','Qualiteam','The \"Electronics\" X-Cart Design Template (#19). This template is good for the following themes:  Books, Computers, Education, Electronics','http://my.x-cart.com/sites/default/files/addons/QSL/Electronics/icon.png','https://www.x-cart.com/extensions/xcart-templates/electronics.html','','a:0:{}','a:1:{i:0;s:9:\"Templates\";}',1,0,0,0,1,0,'a:0:{}',536881069),(192,'iGoods','QSL','design-team@x-cart.com',0,0,0,0,0.0000,0,28,99.00,'USD','5.2',3,5,1413316800,229888,0,'Template #28 \"iGoods\"','Qualiteam','The \"iGoods\" X-Cart Design Template (#28). This template is good for the following themes:  Business, Computers, Electronics, Tools & Equipment','http://my.x-cart.com/sites/default/files/addons/QSL/iGoods/icon.png','https://www.x-cart.com/extensions/xcart-templates/igoods.html','','a:0:{}','a:1:{i:0;s:9:\"Templates\";}',1,0,0,0,1,0,'a:0:{}',452),(193,'PaymentWall','Webkulsoftware','sales@webkul.com',0,0,0,0,0.0000,0,0,49.00,'USD','5.2',0,0,1414616400,97280,0,'PaymentWall Payment Gateway','Webkul Software Pvt. Ltd.','Paymentwall Payment Gateway is a payment addons work with checkout for payment in X-Cart X-Cart. It will work live as well as Debugging mode. It Accept global payments by integrating Paymentwall Gateway.','http://my.x-cart.com/sites/default/files/addons/Webkulsoftware/PaymentWall/icon.png','http://www.x-cart.com/extensions/addons/paymentwall-integration-by-webkulsoftware.html','','a:0:{}','a:1:{i:0;s:18:\"Payment processing\";}',1,0,0,0,0,0,'a:0:{}',20596),(194,'Health','QSL','design-team@x-cart.com',0,0,0,0,0.0000,0,31,99.00,'USD','5.2',1,5,1413403200,335872,0,'Template #9 \"Health\"','Qualiteam','This template is good for the following themes: Beauty, Garden, Interior & Furniture, Medical, Nutritional supplements','http://my.x-cart.com/sites/default/files/addons/QSL/Health/icon.png','https://www.x-cart.com/extensions/xcart-templates/health.html','','a:0:{}','a:1:{i:0;s:9:\"Templates\";}',1,0,0,0,1,0,'a:0:{}',465),(195,'Akismet','XC','sales@x-cart.com',0,0,0,0,0.0000,0,326,0.00,'USD','5.2',1,0,1413748800,40960,0,'Akismet - the Spam Filter','X-Cart team','Filter out the spam on the Contact Us form and in the Product Reviews. A hosted web service that saves you time by automatically detecting comment and trackback spam.','http://my.x-cart.com/sites/default/files/addons/XC/Akismet/icon.png','http://www.x-cart.com/extensions/addons/akismet-the-spam-filter.html','','a:0:{}','a:1:{i:0;s:14:\"Administration\";}',1,0,0,0,0,0,'a:0:{}',0),(196,'ESelectHPP','XC','sales@x-cart.com',0,0,0,0,0.0000,0,251,0.00,'USD','5.2',2,0,1413748800,61440,0,'Moneris (eSELECTplus- Hosted Pay Page)','X-Cart team','Accept credit and debit cards via an online transaction processing engine. USA and Canada','http://my.x-cart.com/sites/default/files/addons/XC/ESelectHPP/icon.png','http://www.x-cart.com/extensions/addons/moneris-eselect-plus-hosted-pay-page.html','','a:0:{}','a:1:{i:0;s:18:\"Payment processing\";}',1,0,0,0,0,0,'a:0:{}',0),(197,'FreeShipping','XC','sales@x-cart.com',0,0,0,0,0.0000,0,2526,0.00,'USD','5.2',5,0,-10800,122880,1,'Free Shipping and Shipping freights','X-Cart team','Attract more customers by offering Free Shipping. Mark the products that are shipped for free. Add a possibility to specify shipping freight to products.','http://my.x-cart.com/sites/default/files/addons/XC/FreeShipping/icon.png','http://www.x-cart.com/extensions/addons/free-shipping.html','','a:0:{}','a:1:{i:0;s:8:\"Shipping\";}',1,0,0,0,0,2,'a:3:{i:0;s:12:\"391_Business\";i:1;s:18:\"20598_Multi-vendor\";i:2;s:18:\"536881125_Ultimate\";}',0),(198,'InternetSecure','XC','sales@x-cart.com',0,0,0,0,0.0000,0,121,0.00,'USD','5.2',1,0,1413748800,51200,0,'InternetSecure','X-Cart team','The complete solution to accept credit cards, including Visa, MasterCard, American Express and Discover in two currencies (Canadian and US dollars).','http://my.x-cart.com/sites/default/files/addons/XC/InternetSecure/icon.png','http://www.x-cart.com/extensions/addons/internet-secure-merchant-link-payment-module.html','','a:0:{}','a:1:{i:0;s:18:\"Payment processing\";}',1,0,0,0,0,0,'a:0:{}',0),(199,'MightyCallReact','XC','sales@x-cart.com',0,0,0,0,0.0000,0,609,0.00,'USD','5.2',1,0,1413748800,40960,0,'Contact Us Page by MightyCall','X-Cart team','Create a snazzy-looking Contact Us page in just minutes that you can customize to blend in with your current business website. Includes special features like ClickToCall, Contact Form, Business Hours and more. Allow customers to request a call back or e-mail from you with a click of a button.','http://my.x-cart.com/sites/default/files/addons/XC/MightyCallReact/icon.png','http://www.x-cart.com/extensions/addons/contact-us-page-by-mightycall.html','','a:1:{i:0;s:14:\"CDev\\ContactUs\";}','a:3:{i:0;s:15:\"User experience\";i:1;s:13:\"Design tweaks\";i:2;s:14:\"Administration\";}',1,0,0,0,0,0,'a:0:{}',0),(200,'News','XC','sales@x-cart.com',0,0,0,0,0.0000,0,2459,0.00,'USD','5.2',6,2,1413748800,194560,1,'News','X-Cart team','Share the company and products news and updates with your community.','http://my.x-cart.com/sites/default/files/addons/XC/News/icon.png','http://www.x-cart.com/extensions/addons/news-module.html','','a:0:{}','a:2:{i:0;s:9:\"Marketing\";i:1;s:15:\"User experience\";}',1,0,0,0,0,2,'a:3:{i:0;s:12:\"391_Business\";i:1;s:18:\"20598_Multi-vendor\";i:2;s:18:\"536881125_Ultimate\";}',0),(201,'NlTranslation','XC','sales@x-cart.com',0,0,0,0,0.0000,0,322,0.00,'USD','5.2',3,0,-10800,358400,0,'Translation: Dutch','X-Cart team','Dutch translation pack. This translation is a contribution of X-Cart community. Kindly shared by one of X-Cart merchants for free, this translation may contain some non-translated labels which appeared in later versions of X-Cart 5 or which were added by custom modules you installed.','http://my.x-cart.com/sites/default/files/addons/XC/NlTranslation/icon.png','','','a:0:{}','a:1:{i:0;s:11:\"Translation\";}',1,0,0,0,0,0,'a:0:{}',0),(202,'OgoneEcommerce','XC','sales@x-cart.com',0,0,0,0,0.0000,0,234,0.00,'USD','5.2',2,0,1413748800,61440,0,'Ingenico Payment Services (Ogone)','X-Cart team','Enable online payment processing with a level-1 PCI DSS compliant provider based in Europe.','http://my.x-cart.com/sites/default/files/addons/XC/OgoneEcommerce/icon.png','http://www.x-cart.com/extensions/addons/ogone-ingenico-payment-module.html','','a:0:{}','a:1:{i:0;s:18:\"Payment processing\";}',1,0,0,0,0,0,'a:0:{}',0),(203,'PayUIndia','XC','sales@x-cart.com',0,0,0,0,0.0000,0,124,0.00,'USD','5.2',1,0,-10800,40960,0,'PayU India','X-Cart team','Accept Credit cards and Debit cards of Indian Banks, enable Net banking options. The customer is redirected to a payment page hosted by PayU. Mobile optimized, PCI compliant, with intelligent retry framework.','http://my.x-cart.com/sites/default/files/addons/XC/PayUIndia/icon.png','http://www.x-cart.com/extensions/addons/payu-india-payment-module.html','','a:0:{}','a:1:{i:0;s:18:\"Payment processing\";}',1,0,0,0,0,0,'a:0:{}',0),(204,'TwoFactorAuthentication','XC','sales@x-cart.com',0,0,0,0,0.0000,0,1188,0.00,'USD','5.2',2,0,1413748800,174080,1,'Two factor authentication','X-Cart team','The module integrates your store with Authy.com to protect your accounts with Two-Factor Authentication system. You can enable it for each type of accounts: admin, supplier or customer.','http://my.x-cart.com/sites/default/files/addons/XC/TwoFactorAuthentication/icon.png','http://www.x-cart.com/extensions/addons/two-factor-authorization.html','','a:0:{}','a:2:{i:0;s:15:\"User experience\";i:1;s:14:\"Administration\";}',1,0,0,0,0,2,'a:3:{i:0;s:12:\"391_Business\";i:1;s:18:\"20598_Multi-vendor\";i:2;s:18:\"536881125_Ultimate\";}',0),(205,'VKComments','XC','sales@x-cart.com',0,0,0,0,0.0000,0,130,0.00,'USD','5.2',0,0,-10800,51200,0,'VKComments','X-Cart team','Enable comments for the users of popular social network Vkontakte.Each comment posted via the widget will be automatically transferred to the comment contributor\'s page.The record includes a link to the product in your store. Posted on the contributor\'s \"wall\",it will also appear in the Newsfeed of his/her Friends and followers.','http://my.x-cart.com/sites/default/files/addons/XC/VKComments/icon.png','http://www.x-cart.com/extensions/addons/vk-comments.html','','a:0:{}','a:1:{i:0;s:6:\"Social\";}',1,0,0,0,0,0,'a:0:{}',0),(206,'AntiSpam','QSL','modsupport@x-cart.com',0,0,0,0,0.0000,0,106,69.00,'USD','5.2',1,0,-10800,142336,0,'AntiSpam','Qualiteam','Uses Honeypot, reCaptcha and other methods to block SPAM bots creating fake user accounts and mass-submitting forms on your website.','http://my.x-cart.com/sites/default/files/addons/QSL/AntiSpam/icon.png','https://www.x-cart.com/node/1154','','a:0:{}','a:1:{i:0;s:14:\"Administration\";}',1,0,1,0,0,0,'a:0:{}',20592),(207,'ProductVideos','CSI','steve@cflsystems.com',0,0,0,0,0.0000,0,32,65.00,'USD','5.2',1,0,1414008000,275968,0,'Product Videos','CFL Systems, Inc.','Add unlimited number of videos to product details pages. Reference videos uploaded to Youtube, Metacafe, Vimeo, DailyMotion or self-hosted.','http://my.x-cart.com/sites/default/files/addons/CSI/ProductVideos/icon.png','http://www.x-cart.com/extensions/addons/product-videos-by-cflsystems.html','','a:0:{}','a:1:{i:0;s:15:\"User experience\";}',1,0,7,0,0,0,'a:0:{}',20593),(208,'XCDN','CSI','support@cflsystems.com',0,0,0,0,0.0000,0,4,45.00,'USD','5.2',0,0,1414616400,39936,0,'xCDN','CFL Systems, Inc.','This module allows you to setup your store to use CDN for images, css and js files.','http://my.x-cart.com/sites/default/files/addons/CSI/XCDN/icon.png','http://www.x-cart.com/extensions/addons/xcdn-by-cflsystems.html','','a:0:{}','a:2:{i:0;s:15:\"User experience\";i:1;s:18:\"Catalog Management\";}',1,0,0,0,0,0,'a:0:{}',20595),(209,'AntiFraud','QSL','support@x-cart.com',0,0,0,0,0.0000,0,243,0.00,'USD','5.2',1,0,1414962000,209920,0,'AntiFraud Service Connector','Qualiteam','AntiFraud service reduces chargebacks by identifing online fraud using sophisticated checking algorithm. It is best for merchants selling e-goods with immediate electronic delivery (like software, music, content, etc.) and for merchants trading overseas.','http://my.x-cart.com/sites/default/files/addons/QSL/AntiFraud/icon.png','http://www.x-cart.com/extensions/addons/antifraud.html','','a:0:{}','a:2:{i:0;s:14:\"Administration\";i:1;s:18:\"Payment processing\";}',1,0,0,0,0,0,'a:0:{}',0),(210,'Clothing','QSL','design-team@x-cart.com',0,0,0,0,0.0000,0,363,149.00,'USD','5.2',10,5,1415739600,1687552,0,'Template #42 \"Clothing\"','Qualiteam','The \"Clothing\" X-Cart Design Template (#42). This template is good for the following themes:  Accessories, Clothing, Jewelry, Watches, Wedding','http://my.x-cart.com/sites/default/files/addons/QSL/Clothing/icon.png','http://www.x-cart.com/extensions/xcart-templates/clothing.html','','a:0:{}','a:1:{i:0;s:9:\"Templates\";}',1,0,7,0,1,0,'a:0:{}',20597),(211,'ShippingEasy','Qualiteam','sales@x-cart.com',0,0,0,0,0.0000,0,360,0.00,'USD','5.2',3,0,1415134800,145408,0,'ShippingEasy','Qualiteam','Save time and money with the shipping solution built for eCommerce retailers! ShippingEasy downloads orders in real-time and automates your shipping based on carrier, service, package and more','http://my.x-cart.com/sites/default/files/addons/Qualiteam/ShippingEasy/icon.png','http://www.x-cart.com/extensions/addons/shipping-easy-shipping-automation.html','','a:0:{}','a:2:{i:0;s:11:\"Fulfillment\";i:1;s:8:\"Shipping\";}',1,0,0,0,0,0,'a:0:{}',0),(212,'MultiVendor','XC','sales@x-cart.com',0,0,0,0,0.0000,0,284,0.00,'USD','5.2',5,2,1416862800,716800,1,'Multi-vendor','X-Cart team','Create an online mall where multiple vendors can sell their own products and manage their orders through a single marketplace.','http://my.x-cart.com/sites/default/files/addons/XC/MultiVendor/icon.png','http://www.x-cart.com/extensions/addons/suppliers-multivendors.html','','a:0:{}','a:3:{i:0;s:14:\"Administration\";i:1;s:11:\"Fulfillment\";i:2;s:18:\"Catalog Management\";}',1,0,4,0,0,2,'a:2:{i:0;s:18:\"20598_Multi-vendor\";i:1;s:18:\"536881125_Ultimate\";}',0),(213,'NextPreviousProduct','XC','sales@x-cart.com',0,0,0,0,0.0000,0,1796,0.00,'USD','5.2',3,0,1416862800,81920,1,'Previous and Next product','X-Cart team','Display \"Previous\" and \"Next product\" links on your product sheets, be it a category page, a search results page or products of a particular brand.','http://my.x-cart.com/sites/default/files/addons/XC/NextPreviousProduct/icon.png','http://www.x-cart.com/extensions/addons/next-previous-product.html','','a:0:{}','a:2:{i:0;s:15:\"User experience\";i:1;s:21:\"Search and Navigation\";}',1,0,0,0,0,2,'a:3:{i:0;s:12:\"391_Business\";i:1;s:18:\"20598_Multi-vendor\";i:2;s:18:\"536881125_Ultimate\";}',0),(214,'SimplifyCommerce','XC','sales@x-cart.com',0,0,0,0,0.0000,0,271,0.00,'USD','5.2',4,0,1416862800,327680,0,'Simplify Commerce by MasterCard','X-Cart team','Accept all major card brands for payments in your store with Simplify Commerce by MasterCard. Easy set up with a low, flat rate; no monthly fees and no extra fees. Level 1 PCI certified.','http://my.x-cart.com/sites/default/files/addons/XC/SimplifyCommerce/icon.png','http://www.x-cart.com/extensions/addons/simplify-commerce-by-mastercard-payment-module.html','','a:0:{}','a:1:{i:0;s:18:\"Payment processing\";}',1,0,0,0,0,0,'a:0:{}',0),(215,'VirtualMerchant','XC','sales@x-cart.com',0,0,0,0,0.0000,0,95,0.00,'USD','5.2',1,0,1416862800,51200,0,'Converge (formerly Virtual Merchant by Elavon)','X-Cart team','A secure server-based system. Accept Visa, JCB, MasterCard, American Express, Discover, Diners and UnionPay in the United States, Canada and Puerto Rico.','http://my.x-cart.com/sites/default/files/addons/XC/VirtualMerchant/icon.png','http://www.x-cart.com/extensions/addons/converge-virtual-merchant-payment-module.html','','a:0:{}','a:1:{i:0;s:18:\"Payment processing\";}',1,0,0,0,0,0,'a:0:{}',0),(216,'AlternativeClothes','QSL','sales@x-cart.com',0,0,0,0,0.0000,0,28,99.00,'USD','5.2',1,5,1417035600,999424,0,'Template #43 \"Alternative clothes\"','Qualiteam','The \"Alternative clothes\" X-Cart Design Template (#43). This template is good for the following themes:  Accessories, Clothing, Jewelry, Watches','http://my.x-cart.com/sites/default/files/addons/QSL/AlternativeClothes/icon.png','http://www.x-cart.com/extensions/xcart-templates/alternative-clothes.html','','a:0:{}','a:1:{i:0;s:9:\"Templates\";}',1,1,0,0,1,0,'a:0:{}',20605),(217,'HouseholdSkin','QSL','design-team@x-cart.com',0,0,0,0,0.0000,0,6,99.00,'USD','5.2',1,0,1417035600,111616,0,'Household Equipment Skin','Qualiteam','The \"Household Equipment\" X-Cart Design Template (#11). This template is good for the following themes: Flowers, Food & Drink, Gifts, Hobbies & Crafts, Interior & Furniture','http://my.x-cart.com/sites/default/files/addons/QSL/HouseholdSkin/icon.png','https://www.x-cart.com/extensions/xcart-templates/household-equipment.html','','a:0:{}','a:1:{i:0;s:9:\"Templates\";}',1,0,0,0,1,0,'a:0:{}',536881075),(218,'HidePrices','QSL','modsupport@x-cart.com',0,0,0,0,0.0000,0,29,35.00,'USD','5.2',1,0,1417554000,53760,0,'Hide Prices','Qualiteam','This module hides prices and disables checkout for non-registered customers.','http://my.x-cart.com/sites/default/files/addons/QSL/HidePrices/icon.png','https://www.x-cart.com/node/1210/','','a:0:{}','a:1:{i:0;s:18:\"Catalog Management\";}',1,0,3,0,0,0,'a:0:{}',20606),(219,'MobileAdmin','QSL','sales@x-cart.com',0,0,0,0,0.0000,0,690,0.00,'USD','5.2',4,0,1417986000,897536,0,'X-Cart Mobile Admin','Qualiteam','Manage your X-Cart store easily right from your Android-based smartphone. Download and install FREE X-Cart Mobile Admin application from AppStore or Google play, connect it with your store and get a complete control over the store at your fingertips!','http://my.x-cart.com/sites/default/files/addons/QSL/MobileAdmin/icon.png','https://www.x-cart.com/extensions/addons/mobile-admin.html','','a:0:{}','a:3:{i:0;s:14:\"Administration\";i:1;s:15:\"Mobile Commerce\";i:2;s:18:\"Catalog Management\";}',1,0,0,0,0,0,'a:0:{}',0),(220,'PayPalHere','QSL','sales@x-cart.com',0,0,0,0,0.0000,0,190,0.00,'USD','5.2',2,0,1417986000,192000,0,'PayPal Here','Qualiteam','The easiest way to accept any form of payment. Wherever your business goes, your sales can go too. Available on iOS and Android.','http://my.x-cart.com/sites/default/files/addons/QSL/PayPalHere/icon.png','https://www.x-cart.com/extensions/addons/PayPal-Here-payment-module.html','','a:0:{}','a:2:{i:0;s:18:\"Payment processing\";i:1;s:15:\"Mobile Commerce\";}',1,0,0,0,0,0,'a:0:{}',0),(221,'ProductQuestions','QSL','modsupport@x-cart.com',0,0,0,0,0.0000,0,184,69.00,'USD','5.2',4,0,1418072400,262144,0,'Product Questions','Qualiteam','This module allows visitors to ask questions on your products and receive answers from your staff.','http://my.x-cart.com/sites/default/files/addons/QSL/ProductQuestions/icon.png','http://www.x-cart.com/node/1212/','','a:0:{}','a:1:{i:0;s:15:\"User experience\";}',1,0,3,0,0,0,'a:0:{}',20608),(222,'MultilevelMenu','QSL','sales@x-cart.com',0,0,0,0,0.0000,0,98,39.00,'USD','5.2',1,0,1418158800,77824,0,'Multilevel Primary Menu','Qualiteam','This module allow admin to add advanced multilevel top menu','http://my.x-cart.com/sites/default/files/addons/QSL/MultilevelMenu/icon.png','http://www.x-cart.com/extensions/addons/multilevel-primary-menu.html','','a:0:{}','a:3:{i:0;s:15:\"User experience\";i:1;s:13:\"Design tweaks\";i:2;s:21:\"Search and Navigation\";}',1,0,6,0,1,0,'a:0:{}',20609),(223,'Auction','QSL','sales@x-cart.com',0,0,0,0,0.0000,0,61,499.00,'USD','5.2',1,0,1418158800,452608,0,'Auction in X-Cart 5','Qualiteam','Turn your X-Cart store into a classic auction site with contemporary design. Create auction listings based on regular products and have full control over each listing for the entire auction duration.','http://my.x-cart.com/sites/default/files/addons/QSL/Auction/icon.png','http://www.x-cart.com/extensions/addons/auction-in-xcart-5.html','','a:0:{}','a:1:{i:0;s:7:\"Auction\";}',1,0,5,0,1,0,'a:0:{}',20610),(224,'PDFInvoice','QSL','sales@x-cart.com',0,0,0,0,0.0000,0,49,99.00,'USD','5.2',2,0,1418158800,16655872,0,'PDF Invoice','Qualiteam','Makes PDF invoice','http://my.x-cart.com/sites/default/files/addons/QSL/PDFInvoice/icon.png','http://www.x-cart.com/extensions/addons/PDF-Invoice.html','','a:0:{}','a:2:{i:0;s:15:\"User experience\";i:1;s:10:\"Accounting\";}',1,0,4,0,1,0,'a:0:{}',20611),(225,'Braintree','QSL','helpdesk@x-cart.com',0,0,0,0,0.0000,0,59,0.00,'USD','5.2',2,0,1418850000,808448,0,'Braintree payment gateway','Qualiteam','Braintree is a full-stack payments platform that makes it easy to accept payments in your app or website. The service replaces the traditional model of sourcing a payment gateway and merchant account from different providers.','http://my.x-cart.com/sites/default/files/addons/QSL/Braintree/icon.png','http://www.x-cart.com/extensions/addons/braintree-for-xcart5.html','','a:0:{}','a:1:{i:0;s:18:\"Payment processing\";}',1,0,2,0,0,0,'a:0:{}',20614),(226,'Fashion','QSL','sales@x-cart.com',0,0,0,0,0.0000,0,8,99.00,'USD','5.2',1,5,1418936400,488960,0,'Template #4 \"Fashion\"','Qualiteam','The \"Fashion\" X-Cart Design Template (#4). This template is good for the following themes:  Books, Cars, Computers, Electronics, Gifts, Music','http://my.x-cart.com/sites/default/files/addons/QSL/Fashion/icon.png','https://www.x-cart.com/extensions/xcart-templates/fashion.html','','a:0:{}','a:1:{i:0;s:9:\"Templates\";}',1,0,0,0,1,0,'a:0:{}',536881064),(227,'Flowers','QSL','sales@x-cart.com',0,0,0,0,0.0000,0,1,99.00,'USD','5.1',1,0,1419195600,382464,0,'Template #34 \"Flowers\"','Qualiteam','The \"Flowers\" X-Cart Design Template (#34). This template is good for the following themes:  Exterior design, Flowers, Garden, Gifts','http://my.x-cart.com/sites/default/files/addons/QSL/Flowers/icon.png','https://www.x-cart.com/extensions/xcart-templates/flowers.html','','a:0:{}','a:1:{i:0;s:9:\"Templates\";}',1,0,0,0,1,0,'a:0:{}',536881077),(228,'CustomerAttachments','XC','support@x-cart.com',0,0,0,0,0.0000,0,178,0.00,'USD','5.2',2,0,1421787600,163840,1,'Customer Files Uploads & Product Attachments','X-Cart team','Allow your customers to attach files to a product before purchasing so that the store administrator could download those files when processing the order','http://my.x-cart.com/sites/default/files/addons/XC/CustomerAttachments/icon.png','https://www.x-cart.com/extensions/addons/files-uploads-product-attachments.html','','a:0:{}','a:2:{i:0;s:15:\"User experience\";i:1;s:18:\"Catalog Management\";}',1,0,1,0,0,2,'a:3:{i:0;s:12:\"391_Business\";i:1;s:18:\"20598_Multi-vendor\";i:2;s:18:\"536881125_Ultimate\";}',0),(229,'Parcels','VIPparcel','',0,0,0,0,0.0000,0,0,10.00,'USD','5.2',0,0,1432737121,3211776,0,'VIPparcel','VIPparcel','VIPparcel is a service designed to help businesses like yours save on both international and domestic shipping cost by using USPS.','http://my.x-cart.com/sites/default/files/addons/VIPparcel/Parcels/icon.png','','','a:0:{}','a:0:{}',1,0,0,0,0,0,'a:0:{}',20694),(230,'VariantsTableView','QSL','support@x-cart.com',0,0,0,0,0.0000,0,28,35.00,'USD','5.2',2,0,1422565200,57344,0,'Variants Table View','Qualiteam','Show all possible product variants as a table on the product page to enable bulk adding to cart of different variants','http://my.x-cart.com/sites/default/files/addons/QSL/VariantsTableView/icon.png','http://www.x-cart.com/extensions/addons/variants-table-view.html','','a:1:{i:0;s:18:\"XC\\ProductVariants\";}','a:3:{i:0;s:15:\"User experience\";i:1;s:13:\"Design tweaks\";i:2;s:21:\"Search and Navigation\";}',1,0,0,0,0,0,'a:0:{}',20624),(231,'GTS','CSI','https://www.cflsystems.com/support/',0,0,0,0,0.0000,0,95,55.00,'USD','5.2',1,0,1423774800,54272,0,'Google Trusted Stores Integration','CFL Systems, Inc.','Integrate your store with Google Trusted Stores.','http://my.x-cart.com/sites/default/files/addons/CSI/GTS/icon.png','http://www.x-cart.com/extensions/addons/Google-Trusted-Stores-Integration.html','','a:0:{}','a:2:{i:0;s:9:\"Marketing\";i:1;s:15:\"User experience\";}',1,0,0,0,0,0,'a:0:{}',20643),(232,'MultiCurrency','XC','sales@x-cart.com',0,0,0,0,0.0000,0,435,0.00,'USD','5.2',7,0,1422997200,307200,1,'Multicurrency','X-Cart team','Show product prices in multiple currencies for your customers around the world.','http://my.x-cart.com/sites/default/files/addons/XC/MultiCurrency/icon.png','http://www.x-cart.com/extensions/addons/multicurrency.html','','a:0:{}','a:2:{i:0;s:15:\"User experience\";i:1;s:11:\"Translation\";}',1,0,0,0,0,2,'a:3:{i:0;s:12:\"391_Business\";i:1;s:18:\"20598_Multi-vendor\";i:2;s:18:\"536881125_Ultimate\";}',0),(233,'VePlatform','VeInteractive','remy.jansons@veinteractive.com',0,0,0,0,0.0000,0,23,0.00,'USD','5.2',0,0,-10800,2882048,0,'VePlatform','Ve Interactive LTD','Instantly increase your sales by adding the VePlatform\'s integrated remarketing and\n            re-engagement apps that convert customers who abandon your site.','http://my.x-cart.com/sites/default/files/addons/VeInteractive/VePlatform/icon.png','https://x-cart.com/extensions/addons/VePlatform.html','','a:0:{}','a:1:{i:0;s:9:\"Marketing\";}',1,0,0,0,0,0,'a:0:{}',0),(234,'Banner','Get4click','nikita.chirkov@get4click.com',0,0,0,0,0.0000,0,66,0.00,'USD','5.2',0,0,1424206800,16896,0,'Get4click','Get4click LLC','Increase your sales through Get4click. Get4click brings additional customers to your store through our partner network of selected online merchants.','http://my.x-cart.com/sites/default/files/addons/Get4click/Banner/icon.png','http://x-cart.com/extensions/addons/Get4click.html','','a:0:{}','a:1:{i:0;s:9:\"Marketing\";}',1,0,0,0,0,0,'a:0:{}',0),(235,'ProductsMapPricing','CSI','steve@cflsystems.com',0,0,0,0,0.0000,0,5,45.00,'USD','5.2',2,0,1425502800,57856,0,'Products MAP Pricing','CFL Systems, Inc.','Show MAP pricing to customers to satisfy manufacturer requirements while at the same time products can be purchased at a lower price.','http://my.x-cart.com/sites/default/files/addons/CSI/ProductsMapPricing/icon.png','http://www.x-cart.com/extensions/addons/Products-MAP-Pricing.html','','a:0:{}','a:1:{i:0;s:15:\"User experience\";}',1,0,0,0,0,0,'a:0:{}',20649),(236,'EBay','QSL','support@x-cart.com',0,0,0,0,0.0000,0,482,0.00,'USD','5.2',6,0,1422824400,431104,0,'X-Cart eBay Integration','Qualiteam','Connect your store in minutes and manage your eBay listings in seconds. One by one or in bulk, manually or automatically: send and update products, variants, images, descriptions and prices. Import orders back to X-Cart and manage them in the X-Cart admin area.','http://my.x-cart.com/sites/default/files/addons/QSL/EBay/icon.png','http://www.x-cart.com/extensions/addons/ebay-integration.html','','a:0:{}','a:3:{i:0;s:9:\"Marketing\";i:1;s:14:\"Administration\";i:2;s:11:\"Fulfillment\";}',1,0,0,0,0,0,'a:0:{}',0),(237,'Beanstream','XC','sales@x-cart.com',0,0,0,0,0.0000,0,18,0.00,'USD','5.2',1,0,1425243600,51200,0,'Beanstream / Digital River (Hosted Payment Form)','X-Cart team','When your customers enter their card number on the payment page, they are seamlessly transferred from your website domain and are temporarily “hosted” on Beanstream’s PCI level one compliant servers. For the merchants in Canada, the UK and the USA.','http://my.x-cart.com/sites/default/files/addons/XC/Beanstream/icon.png','','','a:0:{}','a:1:{i:0;s:18:\"Payment processing\";}',1,0,0,0,0,0,'a:0:{}',0),(238,'NetbanxHostedPayment','XC','sales@x-cart.com',0,0,0,0,0.0000,0,26,0.00,'USD','5.2',2,0,1425243600,61440,0,'Netbanx (Optimal Payments)','X-Cart team','Available in the US, Canada, UK, Europe and many other countries.Process all major credit and debit cards including Visa, MasterCard, AMEX, Discover, JCB and Carta Si. PCI compliant, with the support of 3d secure and advanced fraud-screening tools.','http://my.x-cart.com/sites/default/files/addons/XC/NetbanxHostedPayment/icon.png','http://www.x-cart.com/extensions/addons/netbanx-payment-module.html','','a:0:{}','a:1:{i:0;s:18:\"Payment processing\";}',1,0,0,0,0,0,'a:0:{}',0),(239,'ExtendedSimpleCMS','QSL','sales@x-cart.com',0,0,0,0,0.0000,0,66,49.00,'USD','5.2',2,0,1426539600,123904,0,'Extended Simple CMS','Qualiteam','This module allows you to create awesome multilevel primary and footer menus.','http://my.x-cart.com/sites/default/files/addons/QSL/ExtendedSimpleCMS/icon.png','http://www.x-cart.com/extensions/addons/extended-simple-cms.html','','a:1:{i:0;s:14:\"CDev\\SimpleCMS\";}','a:3:{i:0;s:15:\"User experience\";i:1;s:13:\"Design tweaks\";i:2;s:21:\"Search and Navigation\";}',1,1,4,0,1,0,'a:0:{}',20653),(240,'MyWishlist','QSL','sales@x-cart.com',0,0,0,0,0.0000,0,107,99.00,'USD','5.2',5,0,1425502800,179712,0,'My Wishlist','Qualiteam','My Wishlist allows your customer to collect the favorited products into one wishlist in which the customer can buy them, track them in the catalog and send the list to friends as desired shopping list','http://my.x-cart.com/sites/default/files/addons/QSL/MyWishlist/icon.png','http://www.x-cart.com/extensions/modules/my-wishlist.html','','a:0:{}','a:2:{i:0;s:9:\"Marketing\";i:1;s:15:\"User experience\";}',1,0,0,0,1,0,'a:0:{}',20650),(241,'Api','ShipStation','angel@shipstation.com',0,0,0,0,0.0000,0,119,0.00,'USD','5.2',2,0,1426539600,26624,0,'ShipStation','ShipStation','Wherever you sell, however you ship, ShipStation helps you create shipping labels easily and efficiently.','http://my.x-cart.com/sites/default/files/addons/ShipStation/Api/icon.png','http://www.x-cart.com/extensions/addons/ShipStation.html','','a:0:{}','a:1:{i:0;s:8:\"Shipping\";}',1,0,0,0,0,0,'a:0:{}',0),(242,'SeventyOnePounds','AutomatedShippingRefunds71LBS','kevin@71lbs.com',0,0,0,0,0.0000,0,16,0.00,'USD','5.2',0,0,1426539600,24576,0,'71Lbs Automated Shipping Refunds','71 LBS','71Lbs audits FedEx & UPS shipping accounts and automatically claims refunds for any\n                late deliveries - even by 60 seconds. It is a \"Set it & Forget it\" system.','http://my.x-cart.com/sites/default/files/addons/AutomatedShippingRefunds71LBS/SeventyOnePounds/icon.png','http://www.x-cart.com/extensions/addons/71Lbs.html','','a:0:{}','a:1:{i:0;s:8:\"Shipping\";}',1,0,0,0,0,0,'a:0:{}',0),(243,'Arabic','XcartLanguagePacks','support@xcart-language-packs.com',0,0,0,0,0.0000,0,4,59.99,'USD','5.2',1,0,1427922000,471040,0,'Translation: Arabic','Xcart Language Packs','Translates your shop interface to Arabic language. Includes the translation of both the Storefront and Administrator zone.','http://my.x-cart.com/sites/default/files/addons/XcartLanguagePacks/Arabic/icon.png','http://www.x-cart.com/extensions/addons/translation-arabic.html','','a:0:{}','a:1:{i:0;s:11:\"Translation\";}',1,0,0,0,0,0,'a:0:{}',20656),(244,'Urdu','XcartLanguagePacks','support@xcart-language-packs.com',0,0,0,0,0.0000,0,1,59.99,'USD','5.2',1,0,1427922000,498176,0,'Translation: Urdu','Xcart Language Packs','Translate your X-Cart store interface to Urdu with this module. Both the Customer Storefront and the Administrator Area are covered.','http://my.x-cart.com/sites/default/files/addons/XcartLanguagePacks/Urdu/icon.png','http://www.x-cart.com/extensions/addons/translation-urdu.html','','a:0:{}','a:1:{i:0;s:11:\"Translation\";}',1,0,0,0,0,0,'a:0:{}',20683),(245,'Turkish','XcartLanguagePacks','support@xcart-language-packs.com',0,0,0,0,0.0000,0,0,59.99,'USD','5.2',1,0,1427922000,415744,0,'Translation: Turkish','Xcart Language Packs','Use this language pack to translate your X-Cart online store (both Admin Area and Storefront) to Turkish.','http://my.x-cart.com/sites/default/files/addons/XcartLanguagePacks/Turkish/icon.png','http://www.x-cart.com/extensions/addons/translation-turkish.html','','a:0:{}','a:1:{i:0;s:11:\"Translation\";}',1,0,0,0,0,0,'a:0:{}',20682),(246,'Thai','XcartLanguagePacks','support@xcart-language-packs.com',0,0,0,0,0.0000,0,0,59.99,'USD','5.2',1,0,1427922000,579072,0,'Translation: Thai','Xcart Language Packs','Translate your X-Cart shop Customer and Administrator Zones interface into the Thai language with the help of this module.','http://my.x-cart.com/sites/default/files/addons/XcartLanguagePacks/Thai/icon.png','http://www.x-cart.com/extensions/addons/translation-thai.html','','a:0:{}','a:1:{i:0;s:11:\"Translation\";}',1,0,0,0,0,0,'a:0:{}',20681),(247,'Swedish','XcartLanguagePacks','support@xcart-language-packs.com',0,0,0,0,0.0000,0,0,59.99,'USD','5.2',1,0,1427922000,412672,0,'Translation: Swedish','Xcart Language Packs','This language pack translates your shop interface to Swedish. Both the customer area and the admin interface are translated.','http://my.x-cart.com/sites/default/files/addons/XcartLanguagePacks/Swedish/icon.png','http://www.x-cart.com/extensions/addons/translation-swedish.html','','a:0:{}','a:1:{i:0;s:11:\"Translation\";}',1,0,0,0,0,0,'a:0:{}',20680),(248,'Romanian','XcartLanguagePacks','support@xcart-language-packs.com',0,0,0,0,0.0000,0,0,59.99,'USD','5.2',1,0,1427922000,423936,0,'Translation: Romanian','Xcart Language Packs','This language pack translates your store to Romanian. Includes both the Customer and Administrator area translation.','http://my.x-cart.com/sites/default/files/addons/XcartLanguagePacks/Romanian/icon.png','http://www.x-cart.com/extensions/addons/translation-romanian.html','','a:0:{}','a:1:{i:0;s:11:\"Translation\";}',1,0,0,0,0,0,'a:0:{}',20679),(249,'Portuguese','XcartLanguagePacks','support@xcart-language-packs.com',0,0,0,0,0.0000,0,0,59.99,'USD','5.2',1,0,1427922000,424960,0,'Translation: Portuguese','Xcart Language Packs','The module translates your shop interface to the Portuguese language. It includes the translation of both the Customer front-end and Administrator back-end.','http://my.x-cart.com/sites/default/files/addons/XcartLanguagePacks/Portuguese/icon.png','http://www.x-cart.com/extensions/addons/translation-portuguese.html','','a:0:{}','a:1:{i:0;s:11:\"Translation\";}',1,0,0,0,0,0,'a:0:{}',20678),(250,'Polish','XcartLanguagePacks','support@xcart-language-packs.com',0,0,0,0,0.0000,0,0,59.99,'USD','5.2',1,0,1427922000,415744,0,'Translation: Polish','Xcart Language Packs','Translate your shop interface to Polish with this module, which contains the translation for both the Front-end and Administrator area.','http://my.x-cart.com/sites/default/files/addons/XcartLanguagePacks/Polish/icon.png','http://www.x-cart.com/extensions/addons/translation-polish.html','','a:0:{}','a:1:{i:0;s:11:\"Translation\";}',1,0,0,0,0,0,'a:0:{}',20677),(251,'Persian','XcartLanguagePacks','support@xcart-language-packs.com',0,0,0,0,0.0000,0,0,59.99,'USD','5.2',1,0,1427922000,481792,0,'Translation: Persian','Xcart Language Packs','Use this language pack to translate your X-Cart based store to Persian. Translation of both interfaces, the Customer Storefront and the Administrator Backend, are included in the module.','http://my.x-cart.com/sites/default/files/addons/XcartLanguagePacks/Persian/icon.png','https://www.x-cart.com/extensions/addons/translation-persian.html','','a:0:{}','a:1:{i:0;s:11:\"Translation\";}',1,0,0,0,0,0,'a:0:{}',20676),(252,'Norwegian','XcartLanguagePacks','support@xcart-language-packs.com',0,0,0,0,0.0000,0,0,59.99,'USD','5.2',1,0,1427922000,407040,0,'Translation: Norwegian','Xcart Language Packs','The module translates your shop interface to the Norwegian language. It includes the translation of both the Customer Storefront and the Administrator Zone.','http://my.x-cart.com/sites/default/files/addons/XcartLanguagePacks/Norwegian/icon.png','http://www.x-cart.com/extensions/addons/translation-norwegian.html','','a:0:{}','a:1:{i:0;s:11:\"Translation\";}',1,0,0,0,0,0,'a:0:{}',20675),(253,'Malay','XcartLanguagePacks','support@xcart-language-packs.com',0,0,0,0,0.0000,0,0,59.99,'USD','5.2',1,0,1427922000,418816,0,'Translation: Malay','Xcart Language Packs','The module translates your shop interface to Malay. It includes text entities for both the Customer Storefront and the Administrator Backend.','http://my.x-cart.com/sites/default/files/addons/XcartLanguagePacks/Malay/icon.png','http://www.x-cart.com/extensions/addons/translation-malay.html','','a:0:{}','a:1:{i:0;s:11:\"Translation\";}',1,0,0,0,0,0,'a:0:{}',20674),(254,'Korean','XcartLanguagePacks','support@xcart-language-packs.com',0,0,0,0,0.0000,0,0,59.99,'USD','5.2',1,0,1427922000,430592,0,'Translation: Korean','Xcart Language Packs','Your X-Cart shop interface will be translated to Korean by this module. Both the customer area and the admin zone are modified.','http://my.x-cart.com/sites/default/files/addons/XcartLanguagePacks/Korean/icon.png','http://www.x-cart.com/extensions/addons/translation-korean.html','','a:0:{}','a:1:{i:0;s:11:\"Translation\";}',1,0,0,0,0,0,'a:0:{}',20673),(255,'Japanese','XcartLanguagePacks','support@xcart-language-packs.com',0,0,0,0,0.0000,0,8,59.99,'USD','5.2',1,0,1427922000,453632,0,'Translation: Japanese','Xcart Language Packs','This language pack will translate your X-Cart store interface to Japanese. Both the Customer Storefront and the Administrator Backend are converted.','http://my.x-cart.com/sites/default/files/addons/XcartLanguagePacks/Japanese/icon.png','http://www.x-cart.com/extensions/addons/translation-japanese.html','','a:0:{}','a:1:{i:0;s:11:\"Translation\";}',1,0,0,0,0,0,'a:0:{}',20672),(256,'Italian','XcartLanguagePacks','support@xcart-language-packs.com',0,0,0,0,0.0000,0,14,59.99,'USD','5.2',1,0,1427922000,424448,0,'Translation: Italian','Xcart Language Packs','Use this module to translate your online store (both Admin interface and Storefront) to the Italian language.','http://my.x-cart.com/sites/default/files/addons/XcartLanguagePacks/Italian/icon.png','http://www.x-cart.com/extensions/addons/translation-italian.html','','a:0:{}','a:1:{i:0;s:11:\"Translation\";}',1,0,0,0,0,0,'a:0:{}',20671),(257,'Indonesian','XcartLanguagePacks','support@xcart-language-packs.com',0,0,0,0,0.0000,0,0,59.99,'USD','5.2',1,0,1427922000,411136,0,'Translation: Indonesian','Xcart Language Packs','This language module translates your X-Cart shop interface to Indonesian. The package includes translation of both the Storefront and the Administrator Area.','http://my.x-cart.com/sites/default/files/addons/XcartLanguagePacks/Indonesian/icon.png','http://www.x-cart.com/extensions/addons/translation-indonesian.html','','a:0:{}','a:1:{i:0;s:11:\"Translation\";}',1,0,0,0,0,0,'a:0:{}',20670),(258,'Icelandic','XcartLanguagePacks','support@xcart-language-packs.com',0,0,0,0,0.0000,0,0,59.99,'USD','5.2',1,0,1427922000,416768,0,'Translation: Icelandic','Xcart Language Packs','Translate your shop interface to Icelandic with this module, which contains the translation for both the Front-end and the Administrator area.','http://my.x-cart.com/sites/default/files/addons/XcartLanguagePacks/Icelandic/icon.png','http://www.x-cart.com/extensions/addons/translation-icelandic.html','','a:0:{}','a:1:{i:0;s:11:\"Translation\";}',1,0,0,0,0,0,'a:0:{}',20669),(259,'Hungarian','XcartLanguagePacks','support@xcart-language-packs.com',0,0,0,0,0.0000,0,0,59.99,'USD','5.2',1,0,1427922000,420352,0,'Translation: Hungarian','Xcart Language Packs','Translate your X-Cart Customer and Administrator Interface to Hungarian with this pack.','http://my.x-cart.com/sites/default/files/addons/XcartLanguagePacks/Hungarian/icon.png','http://www.x-cart.com/extensions/addons/translation-hungarian.html#','','a:0:{}','a:1:{i:0;s:11:\"Translation\";}',1,0,0,0,0,0,'a:0:{}',20668),(260,'Hindi','XcartLanguagePacks','support@xcart-language-packs.com',0,0,0,0,0.0000,0,1,59.99,'USD','5.2',1,0,1427922000,584704,0,'Translation: Hindi','Xcart Language Packs','This language pack translates your X-Cart online store to Hindi. Both the customer area and the admin interface are translated.','http://my.x-cart.com/sites/default/files/addons/XcartLanguagePacks/Hindi/icon.png','http://www.x-cart.com/extensions/addons/translation-hindi.html','','a:0:{}','a:1:{i:0;s:11:\"Translation\";}',1,0,0,0,0,0,'a:0:{}',20667),(261,'Hebrew','XcartLanguagePacks','support@xcart-language-packs.com',0,0,0,0,0.0000,0,0,59.99,'USD','5.2',1,0,1427922000,443904,0,'Translation: Hebrew','Xcart Language Packs','Translates your X-Cart based store to Hebrew. It includes the translation of both the Customer and Administrator interfaces.','http://my.x-cart.com/sites/default/files/addons/XcartLanguagePacks/Hebrew/icon.png','http://www.x-cart.com/extensions/addons/translation-hebrew.html','','a:0:{}','a:1:{i:0;s:11:\"Translation\";}',1,0,0,0,0,0,'a:0:{}',20666),(262,'Greek','XcartLanguagePacks','support@xcart-language-packs.com',0,0,0,0,0.0000,0,0,59.99,'USD','5.2',1,0,1427922000,542720,0,'Translation: Greek','Xcart Language Packs','Translates your shop interface to the Greek language. The pack translates both the Customer front-end and Administrator area.','http://my.x-cart.com/sites/default/files/addons/XcartLanguagePacks/Greek/icon.png','http://www.x-cart.com/extensions/addons/translation-greek.html','','a:0:{}','a:1:{i:0;s:11:\"Translation\";}',1,0,0,0,0,0,'a:0:{}',20665),(263,'German','XcartLanguagePacks','support@xcart-language-packs.com',0,0,0,0,0.0000,0,2,59.99,'USD','5.2',1,0,1427922000,422400,0,'Translation: German','Xcart Language Packs','Translates your shop interface to German. Includes the translation of both the Storefront and Administrator back-end.','http://my.x-cart.com/sites/default/files/addons/XcartLanguagePacks/German/icon.png','http://www.x-cart.com/extensions/addons/translation-german.html','','a:0:{}','a:1:{i:0;s:11:\"Translation\";}',1,0,0,0,0,0,'a:0:{}',20664),(264,'French','XcartLanguagePacks','support@xcart-language-packs.com',0,0,0,0,0.0000,0,3,59.99,'USD','5.2',1,0,1427922000,432640,0,'Translation: French','Xcart Language Packs','The module translates your shop interface to French. It includes the translation for both the Customer front-end and Administrator back-end.','http://my.x-cart.com/sites/default/files/addons/XcartLanguagePacks/French/icon.png','http://www.x-cart.com/extensions/addons/translation-french.html','','a:0:{}','a:1:{i:0;s:11:\"Translation\";}',1,0,0,0,0,0,'a:0:{}',20663),(265,'Finnish','XcartLanguagePacks','support@xcart-language-packs.com',0,0,0,0,0.0000,0,0,59.99,'USD','5.2',1,0,1427922000,407552,0,'Translation: Finnish','Xcart Language Packs','Translates your X-Cart store interface to Finnish. Both the Customer front-end and Administrator back-end are covered.','http://my.x-cart.com/sites/default/files/addons/XcartLanguagePacks/Finnish/icon.png','http://www.x-cart.com/extensions/addons/translation-finnish.html','','a:0:{}','a:1:{i:0;s:11:\"Translation\";}',1,0,0,0,0,0,'a:0:{}',20662),(266,'Danish','XcartLanguagePacks','support@xcart-language-packs.com',0,0,0,0,0.0000,0,0,59.99,'USD','5.2',1,0,1427922000,410112,0,'Translation: Danish','Xcart Language Packs','The module translates your X-Cart store interface to Danish. The package includes both the Customer and Administrator areas translation.','http://my.x-cart.com/sites/default/files/addons/XcartLanguagePacks/Danish/icon.png','http://www.x-cart.com/extensions/addons/translation-danish.html','','a:0:{}','a:1:{i:0;s:11:\"Translation\";}',1,0,0,0,0,0,'a:0:{}',20660),(267,'Czech','XcartLanguagePacks','support@xcart-language-packs.com',0,0,0,0,0.0000,0,0,59.99,'USD','5.2',1,0,1427922000,416768,0,'Translation: Czech','Xcart Language Packs','Translates your shop interface to Czech. Includes translation for both the Customer front-end and the Administrator back-end','http://my.x-cart.com/sites/default/files/addons/XcartLanguagePacks/Czech/icon.png','http://www.x-cart.com/extensions/addons/translation-czech.html','','a:0:{}','a:1:{i:0;s:11:\"Translation\";}',1,0,0,0,0,0,'a:0:{}',20659),(268,'Bulgarian','XcartLanguagePacks','support@xcart-language-packs.com',0,0,0,0,0.0000,0,0,59.99,'USD','5.2',1,0,1427922000,509440,0,'Translation: Bulgarian','Xcart Language Packs','Translate your X-Cart interface to the Bulgarian language. The package includes the translation for both the Storefront and the Administrator zone.','http://my.x-cart.com/sites/default/files/addons/XcartLanguagePacks/Bulgarian/icon.png','http://www.x-cart.com/extensions/addons/translation-bulgarian.html','','a:0:{}','a:1:{i:0;s:11:\"Translation\";}',1,0,0,0,0,0,'a:0:{}',20658),(269,'Bengali','XcartLanguagePacks','support@xcart-language-packs.com',0,0,0,0,0.0000,0,0,59.99,'USD','5.2',1,0,1427922000,580096,0,'Translation: Bengali','Xcart Language Packs','Translate your X-Cart shop interface to Bengali with this module. It contains the translation for both the Storefront and the Administrator Zone','http://my.x-cart.com/sites/default/files/addons/XcartLanguagePacks/Bengali/icon.png','http://www.x-cart.com/extensions/addons/translation-bengali.html','','a:0:{}','a:1:{i:0;s:11:\"Translation\";}',1,0,0,0,0,0,'a:0:{}',20657),(270,'Spanish','XcartLanguagePacks','support@xcart-language-packs.com',0,0,0,0,0.0000,0,18,59.99,'USD','5.2',1,0,1427922000,430080,0,'Translation: Spanish','Xcart Language Packs','Translate your X-Cart based online store to Spanish. The package includes the translation for both the Customer front-end and Administrator back-end.','http://my.x-cart.com/sites/default/files/addons/XcartLanguagePacks/Spanish/icon.png','https://www.x-cart.com/extensions/addons/translation-spanish.html','','a:0:{}','a:1:{i:0;s:11:\"Translation\";}',1,0,0,0,0,0,'a:0:{}',20651),(271,'Dutch','XcartLanguagePacks','support@xcart-language-packs.com',0,0,0,0,0.0000,0,0,59.99,'USD','5.2',1,0,1427922000,416256,0,'Translation: Dutch','Xcart Language Packs','This module translates your shop interface (Admin and Customer area) to Dutch.','http://my.x-cart.com/sites/default/files/addons/XcartLanguagePacks/Dutch/icon.png','http://www.x-cart.com/extensions/addons/translation-dutch.html','','a:0:{}','a:1:{i:0;s:11:\"Translation\";}',1,0,0,0,0,0,'a:0:{}',20661),(272,'Sitemap','XC','sales@x-cart.com',0,0,0,0,0.0000,0,261,0.00,'USD','5.2',1,0,1427144400,71680,1,'Site Map','X-Cart team','Enable a sitemap on your site for easier customers\' navigation.The sitemap can include categories and static pages.','http://my.x-cart.com/sites/default/files/addons/XC/Sitemap/icon.png','http://www.x-cart.com/extensions/addons/site_map.html','','a:0:{}','a:2:{i:0;s:15:\"User experience\";i:1;s:21:\"Search and Navigation\";}',1,0,0,0,0,2,'a:3:{i:0;s:12:\"391_Business\";i:1;s:18:\"20598_Multi-vendor\";i:2;s:18:\"536881125_Ultimate\";}',0),(273,'Curtains_n_Blinds','QSL','sales@x-cart.com',0,0,0,0,0.0000,0,34,99.00,'USD','5.2',4,5,1427749200,947200,0,'Template #44 \"Curtains & Blinds\"','Qualiteam','The \"Curtains & Blinds\" X-Cart Design Template (#44). This template is good for the following themes: Interior & Furniture, Accessories, Books, Clothing, Fashion','http://my.x-cart.com/sites/default/files/addons/QSL/Curtains_n_Blinds/icon.png','http://www.x-cart.com/extensions/xcart-templates/curtains-n-blinds.html','','a:0:{}','a:1:{i:0;s:9:\"Templates\";}',1,0,0,0,1,0,'a:0:{}',20655),(274,'Testimonial','PerceptionSystemPvtLtd','',0,0,0,0,0.0000,0,6,29.99,'USD','5.2',0,0,1429563600,576512,0,'Video and Content Testimonial','Perception System Pvt. Ltd.','Enroll your precious Customers Testimonial on your store for grasping more and more sales,Customer can add their New Testimonial from Store Front-end as well as Back-end,Display Testimonial location on Home Page,Category Page,Static Page etc.','http://my.x-cart.com/sites/default/files/addons/PerceptionSystemPvtLtd/Testimonial/icon.png','','','a:0:{}','a:2:{i:0;s:9:\"Marketing\";i:1;s:15:\"User experience\";}',1,0,0,0,0,0,'a:0:{}',20686),(275,'LinkedinGroupFeed','Webkulsoftware','',0,0,0,0,0.0000,0,0,29.00,'USD','5.2',0,0,1430082000,123392,0,'Linkedin Group Feed','Webkul Software Pvt. Ltd.','This is the best Linkedin group feed Plugin in Xcart. This brilliant module show your Linkedin group post in awesome manner. Xcart Linkedin Group Feed loads all your Linkedin group feed automatically by provide some required information.','http://my.x-cart.com/sites/default/files/addons/Webkulsoftware/LinkedinGroupFeed/icon.png','https://www.x-cart.com/extensions/addons/Linkedin-Group-Feed-by-webkulsoftware.html','','a:0:{}','a:2:{i:0;s:9:\"Marketing\";i:1;s:15:\"User experience\";}',1,0,0,0,0,0,'a:0:{}',20687),(276,'AuctionInc','XC','support@auctioninc.com',0,0,0,0,0.0000,0,549,0.00,'USD','5.2',2,3,1430082000,337920,0,'AuctionInc ShippingCalc','X-Cart team','Provide your customers with accurate \"real-time\" comparative domestic or international shipping rates from\nyour choice of services from Fedex, UPS, USPS and DHL. No carrier accounts required. Full support for your\nitem dimensions and dimensional rates. Shipping origins from any country supported. A host of advanced\nfeatures include: shipping promotions, bundled handling fees, drop-shipping from multiple origins, and a\npackaging engine that accurately predicts appropriate packaging for multiple items and quantities. Free\nmonth-long trial, then subscription to AuctionInc required.','http://my.x-cart.com/sites/default/files/addons/XC/AuctionInc/icon.png','http://www.x-cart.com/extensions/modules/shipping-calc-by-auction-inc.html','','a:0:{}','a:3:{i:0;s:14:\"Administration\";i:1;s:11:\"Fulfillment\";i:2;s:8:\"Shipping\";}',1,1,5,0,0,0,'a:0:{}',0),(277,'HiddenProducts','CSI','steve@cflsystems.com',0,0,0,0,0.0000,0,8,40.00,'USD','5.2',1,0,1430341200,48640,0,'Hidden Products','CFL Systems, Inc.','This module adds \'Hidden but available for sale\' functionality for products.','http://my.x-cart.com/sites/default/files/addons/CSI/HiddenProducts/icon.png','http://www.x-cart.com/extensions/addons/Hidden-Products.html','','a:0:{}','a:3:{i:0;s:9:\"Marketing\";i:1;s:15:\"User experience\";i:2;s:18:\"Catalog Management\";}',1,0,0,0,0,0,'a:0:{}',20688),(278,'MinimumOrderFee','CSI','steve@cflsystems.com',0,0,0,0,0.0000,0,1,45.00,'USD','5.2',4,0,1431032400,60416,0,'Minimum Order Fee','CFL Systems, Inc.','The Minimum Order Fee module allows admin to set minimum purchase on orders and charge a fee if this limit is not reached. The fee can be set as percentage of the order subtotal or fixed amount and can be restricted to certain memberships only.','http://my.x-cart.com/sites/default/files/addons/CSI/MinimumOrderFee/icon.png','http://www.x-cart.com/extensions/addons/Minimum-Order-Fee.html','','a:0:{}','a:1:{i:0;s:15:\"User experience\";}',1,0,0,0,0,0,'a:0:{}',20689),(279,'Dresscode','QSL','sales@x-cart.com',0,0,0,0,0.0000,0,5,99.00,'USD','5.2',3,5,1434229200,622080,0,'Template #27 \"DressCode with Xmas\"','Qualiteam','The \"DressCode with Xmas\" X-Cart Design Template (#27). This template is good for the following themes: Accessories, Clothing, Jewelry, Watches, Wedding','http://my.x-cart.com/sites/default/files/addons/QSL/Dresscode/icon.png','http://www.x-cart.com/extensions/xcart-templates/dresscode.html','','a:0:{}','a:1:{i:0;s:9:\"Templates\";}',1,0,0,0,1,0,'a:0:{}',453),(280,'OrderPrefixSuffix','CSI','steve@cflsystem.com',0,0,0,0,0.0000,0,0,45.00,'USD','5.2',0,0,1431982800,35840,0,'Order Prefix/Suffix','CFL Systems, Inc.','Add Prefix and/or Suffix to store\'s orders numbers.','http://my.x-cart.com/sites/default/files/addons/CSI/OrderPrefixSuffix/icon.png','http://x-cart.com/extensions/addons/OrderPrefixSuffix-by-CFL-System.html','','a:0:{}','a:3:{i:0;s:15:\"User experience\";i:1;s:11:\"Fulfillment\";i:2;s:10:\"Accounting\";}',1,0,0,0,0,0,'a:0:{}',20690),(281,'Chinese','XcartLanguagePacks','support@xcart-language-packs.com',0,0,0,0,0.0000,0,6,59.99,'USD','5.2',0,0,1432242000,348672,0,'Translation: Chinese','Xcart Language Packs','Translates your shop interface to Chinese. Includes translation for both the Customer front-end and Administrator back-end.\nWarning! Installing this module will overwrite any existing label translations for this language.\n','http://my.x-cart.com/sites/default/files/addons/XcartLanguagePacks/Chinese/icon.png','http://www.x-cart.com/extensions/addons/translation-chinese.html','','a:0:{}','a:1:{i:0;s:11:\"Translation\";}',1,0,0,0,0,0,'a:0:{}',20691),(282,'FreshModernFlatTheme','PerceptionSystemPvtLtd','tarang@perceptionsystem.com',0,0,0,0,0.0000,0,3,49.00,'USD','5.2',0,0,1432501200,1783296,0,'Fresh Modern Flat Theme','Perception System Pvt. Ltd.','Fresh Modern Flat is a unique and colorful theme that enables to make your store better among other eCommerce stores available on the web.','http://my.x-cart.com/sites/default/files/addons/PerceptionSystemPvtLtd/FreshModernFlatTheme/icon.png','http://www.x-cart.com/extensions/addons/Fresh-Modern-Flat-Theme.html','','a:0:{}','a:1:{i:0;s:9:\"Templates\";}',1,0,0,0,0,0,'a:0:{}',20692),(283,'Coinzone','Coinzone','paul.sylling@coinzone.com',0,0,0,0,0.0000,0,0,0.00,'USD','5.1',10,0,1432674000,29696,0,'Coinzone','Coinzone B.V.','Bitcoin Payments powered by Coinzone','http://my.x-cart.com/sites/default/files/addons/Coinzone/Coinzone/icon.png','https://www.x-cart.com/extensions/addons/Bitcoin-Payments-by-Coinzone.html','','a:0:{}','a:1:{i:0;s:18:\"Payment processing\";}',1,0,0,0,0,0,'a:0:{}',0),(284,'EBSIndia','XC','support@x-cart.com',0,0,0,0,0.0000,0,29,0.00,'USD','5.2',1,0,1433106000,92160,0,'EBS India','X-Cart team','Accept Visa, MasterCard, Maestro, AMEX, JCB, Diners. Offer international payments and multi-currency services. Payment processing provider in India with PCI DSS Level 1 since 2010.','http://my.x-cart.com/sites/default/files/addons/XC/EBSIndia/icon.png','http://www.x-cart.com/extensions/addons/ebs-india-payment-method.html','','a:0:{}','a:1:{i:0;s:18:\"Payment processing\";}',1,0,0,0,0,0,'a:0:{}',0),(285,'PoliPayment','XC','support@x-cart.com',0,0,0,0,0.0000,0,35,0.00,'USD','5.2',1,0,1433106000,51200,0,'Poli Payment','X-Cart team','Easy payments. POLi enables your customers to pay via their internet banking. Our software populates the payment details and tells you as soon as the payment is complete.','http://my.x-cart.com/sites/default/files/addons/XC/PoliPayment/icon.png','http://www.x-cart.com/extensions/addons/poli-payment-method.html','','a:0:{}','a:1:{i:0;s:18:\"Payment processing\";}',1,0,0,0,0,0,'a:0:{}',0),(286,'SofortBanking','XC','support@x-cart.com',0,0,0,0,0.0000,0,19,0.00,'USD','5.2',1,0,1433106000,174080,0,'SOFORT Banking','X-Cart team','Enables receiving payments for your online store via SOFORT Banking payment system.','http://my.x-cart.com/sites/default/files/addons/XC/SofortBanking/icon.png','http://www.x-cart.com/extensions/addons/sofort-banking.html','','a:0:{}','a:1:{i:0;s:18:\"Payment processing\";}',1,0,0,0,0,0,'a:0:{}',0),(287,'Foodstore','QSL','sales@x-cart.com',0,0,0,0,0.0000,0,0,99.00,'USD','5.2',0,5,1433797200,1396736,0,'Template #35 \"Foodstore\"','Qualiteam','The \"Foodstore\" X-Cart Design Template (#35). This template is good for the following themes: Cafe & Restaurant, Flowers, Food & Drink, Wine','http://my.x-cart.com/sites/default/files/addons/QSL/Foodstore/icon.png','http://www.x-cart.com/extensions/xcart-templates/foodstore.html','','a:0:{}','a:1:{i:0;s:9:\"Templates\";}',1,0,0,0,1,0,'a:0:{}',445),(288,'Booking','QSL','modsupport@x-cart.com',0,0,0,0,0.0000,0,8,495.00,'USD','5.2',2,0,1433970000,256512,0,'Booking','Qualiteam','Allows your customers to book, rent or make reservations.','http://my.x-cart.com/sites/default/files/addons/QSL/Booking/icon.png','https://www.x-cart.com/extensions/addons/booking.html','','a:0:{}','a:1:{i:0;s:7:\"Booking\";}',1,1,1,0,0,0,'a:0:{}',20698),(289,'AvaTax','XC','sales@x-cart.com',0,0,0,0,0.0000,0,38,0.00,'USD','5.2',0,5,1433797200,137216,0,'AvaTax Sales Tax Automation','X-Cart team','The fastest, easiest, most accurate and affordable way to calculate sales tax, manage tax exemptions and file returns. Avalara determines the tax rates automatically based on 100,000+ taxability rules in 11,000+ taxing jurisdictions.','http://my.x-cart.com/sites/default/files/addons/XC/AvaTax/icon.png','http://www.x-cart.com/extensions/addons/avatax-sales-tax-automation.html#','','a:0:{}','a:1:{i:0;s:5:\"Taxes\";}',1,0,0,0,0,0,'a:0:{}',0),(290,'HiddenCoupons','CSI','steve@cflsystems.com',0,0,0,0,0.0000,0,0,40.00,'USD','5.2',0,0,1434315600,36352,0,'Hidden Coupons','CFL Systems, Inc.','This module hides the coupon code on checkout, order confirmation and invoice pages.','http://my.x-cart.com/sites/default/files/addons/CSI/HiddenCoupons/icon.png','http://www.x-cart.com/extensions/addons/HiddenCoupons-by-CFL-System.html','','a:1:{i:0;s:12:\"CDev\\Coupons\";}','a:2:{i:0;s:9:\"Marketing\";i:1;s:15:\"User experience\";}',1,0,0,0,0,0,'a:0:{}',20699),(291,'TaxExempt','QSL','sales@x-cart.com',0,0,0,0,0.0000,0,3,99.00,'USD','5.2',0,0,1435784400,61440,0,'Tax Exempt','Qualiteam','Enable tax exemption for particular customers or for selected products.','http://my.x-cart.com/sites/default/files/addons/QSL/TaxExempt/icon.png','https://www.x-cart.com/extensions/addons/tax-exemption.html','','a:0:{}','a:2:{i:0;s:5:\"Taxes\";i:1;s:10:\"Accounting\";}',1,1,2,0,1,0,'a:0:{}',20701),(292,'Intimates','QSL','sales@x-cart.com',0,0,0,0,0.0000,0,6,99.00,'USD','5.2',1,5,1435784400,1126912,0,'Template #45 \"Intimates\"','Qualiteam','The \"Intimates\" X-Cart Design Template (#45). This template is good for the following themes:  Accessories, Clothing, Jewelry, Watches, Wedding','http://my.x-cart.com/sites/default/files/addons/QSL/Intimates/icon.png','','','a:0:{}','a:1:{i:0;s:9:\"Templates\";}',1,0,0,0,1,0,'a:0:{}',20702),(293,'AccountNotes','CSI','steve@cflsystems.com',0,0,0,0,0.0000,0,1,65.00,'USD','5.2',0,0,1436994000,160768,0,'Account Notes','CFL Systems, Inc.','Account Notes module allows admin to add notes to profiles. Add records about phone calls, shopping behavior, restrictions, etc.','http://my.x-cart.com/sites/default/files/addons/CSI/AccountNotes/icon.png','http://www.x-cart.com/extensions/addons/Account-Notes-by-CFL-System.html','','a:0:{}','a:3:{i:0;s:15:\"User experience\";i:1;s:14:\"Administration\";i:2;s:11:\"Fulfillment\";}',1,1,3,0,0,0,'a:0:{}',20704),(294,'PopupAnywhere','QSL','modsupport@x-cart.com',0,0,0,0,0.0000,0,1,99.00,'USD','5.2',0,0,1439845200,204800,0,'Pop-up Anywhere','Qualiteam','Create unlimited number of attractive and informative popup messages for your customers regardless of the page they land on when arriving on your site.','http://my.x-cart.com/sites/default/files/addons/QSL/PopupAnywhere/icon.png','https://www.x-cart.com/extensions/addons/popup-anywhere.html','','a:0:{}','a:1:{i:0;s:9:\"Marketing\";}',1,0,0,0,1,0,'a:0:{}',20705),(295,'GbTranslation','XC','',0,0,0,0,0.0000,0,3,0.00,'USD','5.2',1,0,0,81920,0,'Translation: British English','X-Cart team','British english translation pack','http://my.x-cart.com/sites/default/files/addons/XC/GbTranslation/icon.png','','','a:0:{}','a:0:{}',1,0,0,0,0,0,'a:0:{}',0),(296,'EProcessingNetwork','QSL','sales@x-cart.com',0,0,0,0,0.0000,0,0,39.00,'USD','5.2',2,0,1440363600,29696,0,'eProcessing Network - Database Engine','Qualiteam','Accepting credit and debit cards, checks, gift cards via an online secure real-time transaction processing engine. This payment extension uses the Database Engine Template (DBE).','http://my.x-cart.com/sites/default/files/addons/QSL/EProcessingNetwork/icon.png','http://www.x-cart.com/extensions/addons/eprocessing-network-database-engine.html','','a:0:{}','a:1:{i:0;s:18:\"Payment processing\";}',1,0,0,0,1,0,'a:0:{}',20706),(297,'CCBill','QSL','sales@x-cart.com',0,0,0,0,0.0000,0,0,39.00,'USD','5.2',1,0,1440363600,32768,0,'CCBill','Qualiteam','Accepting Visa Electron, Maestro, Carte Bleu, Delta Visa, JCB, Diners Club, ACH electronic checks, iDeal, GiroPay, EU Debit, and DirectPayEU in the US, Canada, Europe, the UK. Supporting of multiple currencies: U.S. Dollar, Euro, British Pound Sterling, Canadian Dollar, Australian Dollar, Japanese Yen.','http://my.x-cart.com/sites/default/files/addons/QSL/CCBill/icon.png','http://www.x-cart.com/extensions/addons/ccbill-payment-module.html','','a:0:{}','a:1:{i:0;s:18:\"Payment processing\";}',1,0,0,0,1,0,'a:0:{}',20707),(298,'FirstDataPayeezyGatewayHP','QSL','sales@x-cart.com',0,0,0,0,0.0000,0,0,39.00,'USD','5.2',1,0,1440363600,77312,0,'First Data Payeezy Gateway','Qualiteam','Accepting payments via First Data Payeezy Gateway - Hosted Payment Pages (formerly FirstData Global Gateway e4).','http://my.x-cart.com/sites/default/files/addons/QSL/FirstDataPayeezyGatewayHP/icon.png','https://www.x-cart.com/extensions/addons/payeeze-by-firstdata.html','','a:0:{}','a:1:{i:0;s:18:\"Payment processing\";}',1,0,0,0,1,0,'a:0:{}',20708),(299,'Dark','QSL','sales@x-cart.com',0,0,0,0,0.0000,0,0,49.00,'USD','5.2',0,5,1440536400,558592,0,'Template #46 \"Dark\"','Qualiteam','The \"Dark\" X-Cart Design Template (#46). This template is good for the following themes: Baby, Beauty, Books, Business, Clothing, Cars, Computers, Education, Electronics, Fashion, Hobbies & Crafts, Hotels, Interior & Furniture, Medical, Music, Nature, Nutritional supplements, Wedding, Wine, Winter.','http://my.x-cart.com/sites/default/files/addons/QSL/Dark/icon.png','https://www.x-cart.com/extensions/xcart-templates/dark.html','','a:0:{}','a:1:{i:0;s:9:\"Templates\";}',1,0,0,0,1,0,'a:0:{}',20959),(300,'Light','QSL','sales@x-cart.com',0,0,0,0,0.0000,0,0,49.00,'USD','5.2',0,5,1440536400,516608,0,'Template #47 \"Light\"','Qualiteam','The \"Light\" X-Cart Design Template (#47). This template is good for the following themes: Baby, Beauty, Books, Business, Clothing, Computers, Education, Electronics, Fashion, Hobbies & Crafts, Hotels, Interior & Furniture, Medical, Music, Nature, Nutritional supplements, Wedding, Wine, Winter.','http://my.x-cart.com/sites/default/files/addons/QSL/Light/icon.png','https://www.x-cart.com/extensions/xcart-templates/light.html','','a:0:{}','a:1:{i:0;s:9:\"Templates\";}',1,0,0,0,1,0,'a:0:{}',20960),(301,'GraphicStock','QSL','sales@x-cart.com',0,0,0,0,0.0000,0,0,149.00,'USD','5.2',0,5,1440536400,1104896,0,'Template #48 \"Graphic Stock\"','Qualiteam','The \"Graphic Stock\" X-Cart Design Template (#48). This template is good for the following themes: Graphics, cars, books, accessories, equipment','http://my.x-cart.com/sites/default/files/addons/QSL/GraphicStock/icon.png','','','a:0:{}','a:1:{i:0;s:9:\"Templates\";}',1,0,0,0,1,0,'a:0:{}',20961);
CREATE TABLE `xlite_money_modificators` (
  `id` int(10) unsigned NOT NULL AUTO_INCREMENT,
  `class` varchar(255) COLLATE utf8_unicode_ci NOT NULL,
  `modificator` varchar(64) COLLATE utf8_unicode_ci NOT NULL,
  `validator` varchar(64) COLLATE utf8_unicode_ci NOT NULL,
  `position` int(11) NOT NULL,
  `behavior` varchar(64) COLLATE utf8_unicode_ci NOT NULL,
  `purpose` varchar(64) COLLATE utf8_unicode_ci NOT NULL,
  PRIMARY KEY (`id`)
) ENGINE=InnoDB DEFAULT CHARSET=utf8 COLLATE=utf8_unicode_ci;
INSERT INTO `xlite_money_modificators` VALUES (1,'XLite\\Logic\\AttributeSurcharge','modifyMoney','isApply',10,'','net'),(2,'XLite\\Module\\CDev\\Sale\\Logic\\SalePrice','modifyMoney','isApply',5,'','net'),(3,'XLite\\Module\\CDev\\Sale\\Logic\\PercentOff','modifyMoney','isApply',500,'','net');
CREATE TABLE `xlite_news` (
  `id` int(10) unsigned NOT NULL AUTO_INCREMENT,
  `enabled` tinyint(1) NOT NULL,
  `date` int(11) NOT NULL,
  `metaDescType` varchar(1) COLLATE utf8_unicode_ci NOT NULL,
  PRIMARY KEY (`id`),
  KEY `enabled` (`enabled`)
) ENGINE=InnoDB DEFAULT CHARSET=utf8 COLLATE=utf8_unicode_ci;
CREATE TABLE `xlite_news_message_translations` (
  `label_id` int(11) NOT NULL AUTO_INCREMENT,
  `id` int(10) unsigned DEFAULT NULL,
  `name` varchar(255) COLLATE utf8_unicode_ci NOT NULL,
  `body` longtext COLLATE utf8_unicode_ci NOT NULL,
  `brief_description` longtext COLLATE utf8_unicode_ci NOT NULL,
  `metaTags` varchar(255) COLLATE utf8_unicode_ci NOT NULL,
  `metaDesc` longtext COLLATE utf8_unicode_ci NOT NULL,
  `metaTitle` varchar(255) COLLATE utf8_unicode_ci NOT NULL,
  `code` char(2) COLLATE utf8_unicode_ci NOT NULL,
  PRIMARY KEY (`label_id`),
  KEY `IDX_31246BD0BF396750` (`id`),
  KEY `ci` (`code`,`id`),
  CONSTRAINT `FK_31246BD0BF396750` FOREIGN KEY (`id`) REFERENCES `xlite_news` (`id`) ON DELETE CASCADE
) ENGINE=InnoDB DEFAULT CHARSET=utf8 COLLATE=utf8_unicode_ci;
CREATE TABLE `xlite_notification_translations` (
  `label_id` int(11) NOT NULL AUTO_INCREMENT,
  `id` varchar(255) COLLATE utf8_unicode_ci DEFAULT NULL,
  `name` varchar(128) COLLATE utf8_unicode_ci NOT NULL,
  `description` longtext COLLATE utf8_unicode_ci NOT NULL,
  `customerSubject` varchar(255) COLLATE utf8_unicode_ci NOT NULL,
  `customerText` longtext COLLATE utf8_unicode_ci NOT NULL,
  `adminSubject` varchar(255) COLLATE utf8_unicode_ci NOT NULL,
  `adminText` longtext COLLATE utf8_unicode_ci NOT NULL,
  `code` char(2) COLLATE utf8_unicode_ci NOT NULL,
  PRIMARY KEY (`label_id`),
  KEY `IDX_3F6179FEBF396750` (`id`),
  KEY `ci` (`code`,`id`),
  CONSTRAINT `FK_3F6179FEBF396750` FOREIGN KEY (`id`) REFERENCES `xlite_notifications` (`templatesDirectory`) ON DELETE CASCADE
) ENGINE=InnoDB DEFAULT CHARSET=utf8 COLLATE=utf8_unicode_ci;
INSERT INTO `xlite_notification_translations` VALUES (1,'failed_admin_login','Failed admin login','The notification is sent to the email address of the admin user for whose account failed login attempts have been detected several times in a row. A copy of the message is also sent to the store’s super admin user.','','','WARNING! Administrator login failure','Failed administrator login detected.','en'),(2,'low_limit_warning','Low limit warning','This message is used to notify the administrator when the stock level of a product reaches the low stock limit as specified in the product details.','','','Low stock warning','The inventory level of a product in your store has reached the low limit.','en'),(3,'order_advanced_changed','Order changed with advanced order management','This message is sent to notify the customer of any changes made to their order by an administrator using the advanced order management feature.','Your order has been changed','Your order has been changed by customer service. Here are the details of your order:','','','en'),(4,'order_canceled','Order canceled','This notification is sent to both the administrator and customer when an order gets the status Canceled.','Your order has been canceled','Your order has been canceled.','Order has been canceled','Order has been canceled.','en'),(5,'order_changed','Order changed','This notification is sent to both the administrator and customer when the status of an order is updated - in the event that no other type of notification is sent.','Your order has been changed','Your order has been changed. Here are the details of your order:','Order has been changed','Order has been changed.','en'),(6,'order_created','Order created','This notification is sent to both the administrator and customer when a new order is created (Disabled by default).','Order has been created','Thank you for shopping with us! We received your order.<br />You will receive an order confirmation once your order is processed.','Order has been created','Order has been created.','en'),(7,'order_failed','Order failed','This notification is sent to both the administrator and customer when an order gets the status Declined.','Your order has been declined','The status of your order has been changed to \"Declined\". This could be for one of the following reasons:<br />1) The order was declined by the store administrator.<br />2) The payment could not be processed at the time of order placement.<br />For more information, please contact the store administrator.','Order has been declined','Order has been declined.','en'),(8,'order_processed','Order processed','This notification is sent to both the administrator and customer when an order gets the status Paid.','Order confirmation','Your order has been processed. Thank you for your business.<br />We will notify you by email of any further order status updates.','Order has been processed','Order has been processed.','en'),(9,'order_shipped','Order shipped','This notification is sent to both the administrator and customer when an order gets the status Shipped.','Your order has been shipped','Your order has been shipped. Thank you for your business.<br />Please come back soon!','','','en'),(10,'order_tracking_information','Order tracking information','This notification is sent to the customer when an administrator clicks the \"Send tracking information to customer\" button.','Your order tracking information','Here are the tracking details for your order','','','en'),(11,'profile_created','User profile created','This notification is sent to both the administrator and customer when a new customer profile is created.','Welcome!','Thank you for registering with us.','New user registration','A new user profile has been registered:','en'),(12,'profile_deleted','User profile deleted','This notification is sent to the administrator when a customer profile is deleted.','','','User profile has been deleted','The following user profile has been deleted:','en'),(13,'profile_modified','User profile modified','This notification is sent to both the administrator and customer when a user profile is updated.','Your profile has been modified','Your profile has been modified. To view your profile information, log in at our site.','User profile has been modified','The user profile has been modified.','en'),(14,'recover_password_request','Password reset request','This notification is sent to the user when a password reset is requested for their account.','Confirm password reset request','<p>You have received this message because you requested to reset your forgotten password.<br />If you did not submit such a request, it might mean that somebody was trying to gain access to your account.</p><p>To confirm that this request was submitted by you, click on the link below<br/>(If the link does not work, please copy and paste the entire URL into your browser\'s address bar and press Enter).</p>','Confirm password reset request','<p>You have received this message because you requested to reset your forgotten password.<br />If you did not submit such a request, it might mean that somebody was trying to gain access to your account.</p><p>To confirm that this request was submitted by you, click on the link below<br/>(If the link does not work, please copy and paste the entire URL into your browser\'s address bar and press Enter).</p>','en'),(15,'register_anonymous','User account created for guest buyer based on order info','This notification is sent to the customer when a customer profile is created for them by the store administrator based on a previously created order.','User account created','<p>Thank you for shopping with us! We noticed that one or more orders you made at our store were placed using guest checkout. We appreciate your business and look forward to continue serving you in the future. For your convenience, we created an account for you at our store. The account stores all the information about your previous orders with us.</p><p>To log in to your account, please use the following credentials:<br />(The password can be changed in your account profile.)</p>','','','en'),(16,'modules/CDev/ContactUs/message','Contact us form submitted (Contact us module)','This notification is sent to the administrator when someone submits a request via the \"Contact us\" form.','','','Someone has used the Contact us form','','en'),(17,'modules/CDev/ContactUs/message','Заполнена форма для связи с администрацией магазина (модуль Contact us)','Данное сообщение используется для оповещения администратора в случае поступления в адрес магазина обращения через форму для связи с администрацией.','','','Поступило обращение через форму для связи с администрацией магазина','','ru'),(18,'modules/XC/CanadaPost/return_approved','Return request approved (Canada Post module)','This notification is sent to the customer if their request to return a product via Canada Post is approved by the administrator.','Your return request has been approved','Your return request has been approved','','','en'),(19,'modules/XC/CanadaPost/return_approved','Запрос на возврат товара одобрен (модуль Canada Post)','Данное сообщение отправляется покупателю в случае, если его запрос на возврат товара с пересылкой службой Canada Post получает одобрение администратора.','Ваш запрос на возврат товара одобрен','Ваш запрос на возврат товара одобрен','','','ru'),(20,'modules/XC/CanadaPost/return_rejected','Return request rejected (Canada Post module)','This notification is sent to the customer if their request to return a product via Canada Post is rejected by the administrator.','Your return request has been rejected','Your return request has been rejected','','','en'),(21,'modules/XC/CanadaPost/return_rejected','Запрос на возврат товара отклонен (модуль Canada Post)','Данное сообщение отправляется покупателю в случае, если его запрос на возврат товара с пересылкой службой Canada Post отклоняется администратором.','Ваш запрос на возврат товара отклонен','Ваш запрос на возврат товара отклонен','','','ru');
CREATE TABLE `xlite_notifications` (
  `templatesDirectory` varchar(255) COLLATE utf8_unicode_ci NOT NULL,
  `availableForAdmin` tinyint(1) NOT NULL,
  `availableForCustomer` tinyint(1) NOT NULL,
  `enabledForAdmin` tinyint(1) NOT NULL,
  `enabledForCustomer` tinyint(1) NOT NULL,
  PRIMARY KEY (`templatesDirectory`)
) ENGINE=InnoDB DEFAULT CHARSET=utf8 COLLATE=utf8_unicode_ci;
INSERT INTO `xlite_notifications` VALUES ('failed_admin_login',1,0,1,0),('low_limit_warning',0,0,1,0),('modules/CDev/ContactUs/message',0,0,1,0),('modules/XC/CanadaPost/return_approved',0,1,0,1),('modules/XC/CanadaPost/return_rejected',0,1,0,1),('order_advanced_changed',0,1,0,1),('order_canceled',1,1,1,1),('order_changed',1,1,1,1),('order_created',1,1,0,0),('order_failed',1,1,1,1),('order_processed',1,1,1,1),('order_shipped',0,1,0,1),('order_tracking_information',0,0,0,1),('profile_created',1,1,0,1),('profile_deleted',1,0,0,0),('profile_modified',1,1,0,1),('recover_password_request',1,1,1,1),('register_anonymous',0,1,0,1);
CREATE TABLE `xlite_order_capost_office` (
  `id` int(10) unsigned NOT NULL AUTO_INCREMENT,
  `officeId` char(10) COLLATE utf8_unicode_ci NOT NULL,
  `name` varchar(40) COLLATE utf8_unicode_ci NOT NULL,
  `location` varchar(40) COLLATE utf8_unicode_ci NOT NULL,
  `distance` decimal(12,2) NOT NULL,
  `bilingualDesignation` tinyint(1) NOT NULL,
  `city` varchar(40) COLLATE utf8_unicode_ci NOT NULL,
  `latitude` decimal(15,5) NOT NULL,
  `longitude` decimal(15,5) NOT NULL,
  `postalCode` varchar(20) COLLATE utf8_unicode_ci NOT NULL,
  `province` varchar(64) COLLATE utf8_unicode_ci NOT NULL,
  `officeAddress` varchar(64) COLLATE utf8_unicode_ci NOT NULL,
  `workingHours` longtext COLLATE utf8_unicode_ci NOT NULL COMMENT '(DC2Type:array)',
  `orderId` int(11) DEFAULT NULL,
  PRIMARY KEY (`id`),
  UNIQUE KEY `UNIQ_CE3DE61FFA237437` (`orderId`),
  CONSTRAINT `FK_CE3DE61FFA237437` FOREIGN KEY (`orderId`) REFERENCES `xlite_orders` (`order_id`) ON DELETE CASCADE
) ENGINE=InnoDB DEFAULT CHARSET=utf8 COLLATE=utf8_unicode_ci;
CREATE TABLE `xlite_order_capost_parcel_items` (
  `id` int(11) NOT NULL AUTO_INCREMENT,
  `amount` int(11) NOT NULL,
  `parcelId` int(11) DEFAULT NULL,
  `orderItemId` int(11) DEFAULT NULL,
  PRIMARY KEY (`id`),
  KEY `IDX_18699C805A9ACC87` (`parcelId`),
  KEY `IDX_18699C80BBF22A26` (`orderItemId`),
  CONSTRAINT `FK_18699C80BBF22A26` FOREIGN KEY (`orderItemId`) REFERENCES `xlite_order_items` (`item_id`) ON DELETE CASCADE,
  CONSTRAINT `FK_18699C805A9ACC87` FOREIGN KEY (`parcelId`) REFERENCES `xlite_order_capost_parcels` (`id`) ON DELETE CASCADE
) ENGINE=InnoDB DEFAULT CHARSET=utf8 COLLATE=utf8_unicode_ci;
CREATE TABLE `xlite_order_capost_parcel_manifest_link_storage` (
  `id` int(10) unsigned NOT NULL AUTO_INCREMENT,
  `path` varchar(512) COLLATE utf8_unicode_ci NOT NULL,
  `fileName` varchar(255) COLLATE utf8_unicode_ci NOT NULL,
  `mime` varchar(128) COLLATE utf8_unicode_ci NOT NULL,
  `storageType` varchar(1) COLLATE utf8_unicode_ci NOT NULL,
  `size` int(10) unsigned NOT NULL,
  `date` int(10) unsigned NOT NULL,
  `linkId` int(11) DEFAULT NULL,
  PRIMARY KEY (`id`),
  UNIQUE KEY `UNIQ_73059AC5AEC98E42` (`linkId`),
  CONSTRAINT `FK_73059AC5AEC98E42` FOREIGN KEY (`linkId`) REFERENCES `xlite_order_capost_parcel_manifest_links` (`id`) ON DELETE CASCADE
) ENGINE=InnoDB DEFAULT CHARSET=utf8 COLLATE=utf8_unicode_ci;
CREATE TABLE `xlite_order_capost_parcel_manifest_links` (
  `id` int(11) NOT NULL AUTO_INCREMENT,
  `rel` varchar(255) COLLATE utf8_unicode_ci NOT NULL,
  `href` varchar(255) COLLATE utf8_unicode_ci NOT NULL,
  `idx` int(11) DEFAULT NULL,
  `mediaType` varchar(255) COLLATE utf8_unicode_ci NOT NULL,
  `manifestId` int(11) DEFAULT NULL,
  PRIMARY KEY (`id`),
  KEY `IDX_7FE471EA99AD4367` (`manifestId`),
  CONSTRAINT `FK_7FE471EA99AD4367` FOREIGN KEY (`manifestId`) REFERENCES `xlite_order_capost_parcel_manifests` (`id`) ON DELETE CASCADE
) ENGINE=InnoDB DEFAULT CHARSET=utf8 COLLATE=utf8_unicode_ci;
CREATE TABLE `xlite_order_capost_parcel_manifests` (
  `id` int(11) NOT NULL AUTO_INCREMENT,
  `poNumber` varchar(255) COLLATE utf8_unicode_ci DEFAULT NULL,
  `rel` varchar(255) COLLATE utf8_unicode_ci NOT NULL,
  `href` varchar(255) COLLATE utf8_unicode_ci NOT NULL,
  `idx` int(11) DEFAULT NULL,
  `mediaType` varchar(255) COLLATE utf8_unicode_ci NOT NULL,
  PRIMARY KEY (`id`)
) ENGINE=InnoDB DEFAULT CHARSET=utf8 COLLATE=utf8_unicode_ci;
CREATE TABLE `xlite_order_capost_parcel_shipment` (
  `id` int(11) NOT NULL AUTO_INCREMENT,
  `shipmentId` varchar(32) COLLATE utf8_unicode_ci NOT NULL,
  `shipmentStatus` varchar(14) COLLATE utf8_unicode_ci DEFAULT NULL,
  `trackingPin` varchar(16) COLLATE utf8_unicode_ci DEFAULT NULL,
  `returnTrackingPin` varchar(16) COLLATE utf8_unicode_ci DEFAULT NULL,
  `poNumber` varchar(32) COLLATE utf8_unicode_ci DEFAULT NULL,
  `parcelId` int(11) DEFAULT NULL,
  PRIMARY KEY (`id`),
  UNIQUE KEY `UNIQ_7954C1A5A9ACC87` (`parcelId`),
  CONSTRAINT `FK_7954C1A5A9ACC87` FOREIGN KEY (`parcelId`) REFERENCES `xlite_order_capost_parcels` (`id`) ON DELETE CASCADE
) ENGINE=InnoDB DEFAULT CHARSET=utf8 COLLATE=utf8_unicode_ci;
CREATE TABLE `xlite_order_capost_parcel_shipment_link_storage` (
  `id` int(10) unsigned NOT NULL AUTO_INCREMENT,
  `path` varchar(512) COLLATE utf8_unicode_ci NOT NULL,
  `fileName` varchar(255) COLLATE utf8_unicode_ci NOT NULL,
  `mime` varchar(128) COLLATE utf8_unicode_ci NOT NULL,
  `storageType` varchar(1) COLLATE utf8_unicode_ci NOT NULL,
  `size` int(10) unsigned NOT NULL,
  `date` int(10) unsigned NOT NULL,
  `linkId` int(11) DEFAULT NULL,
  PRIMARY KEY (`id`),
  UNIQUE KEY `UNIQ_82EA5F8AAEC98E42` (`linkId`),
  CONSTRAINT `FK_82EA5F8AAEC98E42` FOREIGN KEY (`linkId`) REFERENCES `xlite_order_capost_parcel_shipment_links` (`id`) ON DELETE CASCADE
) ENGINE=InnoDB DEFAULT CHARSET=utf8 COLLATE=utf8_unicode_ci;
CREATE TABLE `xlite_order_capost_parcel_shipment_links` (
  `id` int(11) NOT NULL AUTO_INCREMENT,
  `rel` varchar(255) COLLATE utf8_unicode_ci NOT NULL,
  `href` varchar(255) COLLATE utf8_unicode_ci NOT NULL,
  `idx` int(11) DEFAULT NULL,
  `mediaType` varchar(255) COLLATE utf8_unicode_ci NOT NULL,
  `shipmentId` int(11) DEFAULT NULL,
  PRIMARY KEY (`id`),
  KEY `IDX_EB25DE223C5EEBE2` (`shipmentId`),
  CONSTRAINT `FK_EB25DE223C5EEBE2` FOREIGN KEY (`shipmentId`) REFERENCES `xlite_order_capost_parcel_shipment` (`id`) ON DELETE CASCADE
) ENGINE=InnoDB DEFAULT CHARSET=utf8 COLLATE=utf8_unicode_ci;
CREATE TABLE `xlite_order_capost_parcel_shipment_tracking` (
  `id` int(11) NOT NULL AUTO_INCREMENT,
  `expiry` int(10) unsigned NOT NULL,
  `pin` varchar(255) COLLATE utf8_unicode_ci DEFAULT NULL,
  `activeExists` tinyint(1) NOT NULL,
  `archiveExists` tinyint(1) NOT NULL,
  `destinationPostalId` varchar(255) COLLATE utf8_unicode_ci DEFAULT NULL,
  `expectedDeliveryDate` int(10) unsigned DEFAULT NULL,
  `changedExpectedDate` int(10) unsigned DEFAULT NULL,
  `changedExpectedDeliveryReason` varchar(255) COLLATE utf8_unicode_ci DEFAULT NULL,
  `mailedByCustomerNumber` varchar(255) COLLATE utf8_unicode_ci DEFAULT NULL,
  `mailedOnBehalfOfCustomerNumber` varchar(255) COLLATE utf8_unicode_ci DEFAULT NULL,
  `originalPin` varchar(255) COLLATE utf8_unicode_ci DEFAULT NULL,
  `serviceName` varchar(255) COLLATE utf8_unicode_ci DEFAULT NULL,
  `serviceName_2` varchar(255) COLLATE utf8_unicode_ci DEFAULT NULL,
  `customerRef_1` varchar(255) COLLATE utf8_unicode_ci DEFAULT NULL,
  `customerRef_2` varchar(255) COLLATE utf8_unicode_ci DEFAULT NULL,
  `returnPin` varchar(255) COLLATE utf8_unicode_ci DEFAULT NULL,
  `signatureImageExists` tinyint(1) NOT NULL,
  `suppressSignature` tinyint(1) NOT NULL,
  `shipmentId` int(11) DEFAULT NULL,
  PRIMARY KEY (`id`),
  UNIQUE KEY `UNIQ_619551123C5EEBE2` (`shipmentId`),
  CONSTRAINT `FK_619551123C5EEBE2` FOREIGN KEY (`shipmentId`) REFERENCES `xlite_order_capost_parcel_shipment` (`id`) ON DELETE CASCADE
) ENGINE=InnoDB DEFAULT CHARSET=utf8 COLLATE=utf8_unicode_ci;
CREATE TABLE `xlite_order_capost_parcel_shipment_tracking_events` (
  `id` int(11) NOT NULL AUTO_INCREMENT,
  `identifier` varchar(255) COLLATE utf8_unicode_ci NOT NULL,
  `date` char(10) COLLATE utf8_unicode_ci NOT NULL,
  `time` char(8) COLLATE utf8_unicode_ci NOT NULL,
  `timeZone` varchar(255) COLLATE utf8_unicode_ci NOT NULL,
  `description` varchar(255) COLLATE utf8_unicode_ci NOT NULL,
  `signatoryName` varchar(255) COLLATE utf8_unicode_ci NOT NULL,
  `site` varchar(255) COLLATE utf8_unicode_ci NOT NULL,
  `province` varchar(255) COLLATE utf8_unicode_ci NOT NULL,
  `retailLocationId` varchar(255) COLLATE utf8_unicode_ci NOT NULL,
  `retailName` varchar(255) COLLATE utf8_unicode_ci NOT NULL,
  `trackingId` int(11) DEFAULT NULL,
  PRIMARY KEY (`id`),
  KEY `IDX_75BDE7A6F76B6A7` (`trackingId`),
  CONSTRAINT `FK_75BDE7A6F76B6A7` FOREIGN KEY (`trackingId`) REFERENCES `xlite_order_capost_parcel_shipment_tracking` (`id`) ON DELETE CASCADE
) ENGINE=InnoDB DEFAULT CHARSET=utf8 COLLATE=utf8_unicode_ci;
CREATE TABLE `xlite_order_capost_parcel_shipment_tracking_files` (
  `id` int(10) unsigned NOT NULL AUTO_INCREMENT,
  `docType` char(1) COLLATE utf8_unicode_ci NOT NULL,
  `path` varchar(512) COLLATE utf8_unicode_ci NOT NULL,
  `fileName` varchar(255) COLLATE utf8_unicode_ci NOT NULL,
  `mime` varchar(128) COLLATE utf8_unicode_ci NOT NULL,
  `storageType` varchar(1) COLLATE utf8_unicode_ci NOT NULL,
  `size` int(10) unsigned NOT NULL,
  `date` int(10) unsigned NOT NULL,
  `trackingId` int(11) DEFAULT NULL,
  PRIMARY KEY (`id`),
  KEY `IDX_4EB59AF6F76B6A7` (`trackingId`),
  CONSTRAINT `FK_4EB59AF6F76B6A7` FOREIGN KEY (`trackingId`) REFERENCES `xlite_order_capost_parcel_shipment_tracking` (`id`) ON DELETE CASCADE
) ENGINE=InnoDB DEFAULT CHARSET=utf8 COLLATE=utf8_unicode_ci;
CREATE TABLE `xlite_order_capost_parcel_shipment_tracking_options` (
  `id` int(11) NOT NULL AUTO_INCREMENT,
  `name` varchar(255) COLLATE utf8_unicode_ci NOT NULL,
  `description` varchar(255) COLLATE utf8_unicode_ci NOT NULL,
  `trackingId` int(11) DEFAULT NULL,
  PRIMARY KEY (`id`),
  KEY `IDX_F6B816A26F76B6A7` (`trackingId`),
  CONSTRAINT `FK_F6B816A26F76B6A7` FOREIGN KEY (`trackingId`) REFERENCES `xlite_order_capost_parcel_shipment_tracking` (`id`) ON DELETE CASCADE
) ENGINE=InnoDB DEFAULT CHARSET=utf8 COLLATE=utf8_unicode_ci;
CREATE TABLE `xlite_order_capost_parcel_shipments_manifests` (
  `manifest_id` int(11) NOT NULL,
  `shipment_id` int(11) NOT NULL,
  PRIMARY KEY (`manifest_id`,`shipment_id`),
  KEY `IDX_8D3D4D8FE697B2FB` (`manifest_id`),
  KEY `IDX_8D3D4D8F7BE036FC` (`shipment_id`),
  CONSTRAINT `FK_8D3D4D8F7BE036FC` FOREIGN KEY (`shipment_id`) REFERENCES `xlite_order_capost_parcel_shipment` (`id`) ON DELETE CASCADE,
  CONSTRAINT `FK_8D3D4D8FE697B2FB` FOREIGN KEY (`manifest_id`) REFERENCES `xlite_order_capost_parcel_manifests` (`id`) ON DELETE CASCADE
) ENGINE=InnoDB DEFAULT CHARSET=utf8 COLLATE=utf8_unicode_ci;
CREATE TABLE `xlite_order_capost_parcels` (
  `id` int(11) NOT NULL AUTO_INCREMENT,
  `order_id` int(11) DEFAULT NULL,
  `number` int(11) NOT NULL,
  `status` char(2) COLLATE utf8_unicode_ci NOT NULL,
  `quoteType` char(2) COLLATE utf8_unicode_ci NOT NULL,
  `boxWeight` decimal(14,4) NOT NULL,
  `boxWidth` decimal(14,4) NOT NULL,
  `boxLength` decimal(14,4) NOT NULL,
  `boxHeight` decimal(14,4) NOT NULL,
  `isDocument` tinyint(1) NOT NULL,
  `isUnpackaged` tinyint(1) NOT NULL,
  `isMailingTube` tinyint(1) NOT NULL,
  `isOversized` tinyint(1) NOT NULL,
  `notifyOnShipment` tinyint(1) NOT NULL,
  `notifyOnException` tinyint(1) NOT NULL,
  `notifyOnDelivery` tinyint(1) NOT NULL,
  `optSignature` tinyint(1) NOT NULL,
  `optCoverage` decimal(14,4) NOT NULL,
  `optAgeProof` varchar(4) COLLATE utf8_unicode_ci NOT NULL,
  `optWayToDeliver` varchar(3) COLLATE utf8_unicode_ci NOT NULL,
  `optNonDelivery` varchar(4) COLLATE utf8_unicode_ci NOT NULL,
  PRIMARY KEY (`id`),
  KEY `IDX_35C9355A8D9F6D38` (`order_id`),
  KEY `status` (`status`),
  KEY `number` (`number`),
  CONSTRAINT `FK_35C9355A8D9F6D38` FOREIGN KEY (`order_id`) REFERENCES `xlite_orders` (`order_id`) ON DELETE CASCADE
) ENGINE=InnoDB DEFAULT CHARSET=utf8 COLLATE=utf8_unicode_ci;
CREATE TABLE `xlite_order_coupons` (
  `id` int(10) unsigned NOT NULL AUTO_INCREMENT,
  `order_id` int(11) DEFAULT NULL,
  `coupon_id` int(10) unsigned DEFAULT NULL,
  `code` char(16) COLLATE utf8_unicode_ci NOT NULL,
  `value` decimal(14,4) NOT NULL,
  PRIMARY KEY (`id`),
  KEY `IDX_451D92198D9F6D38` (`order_id`),
  KEY `IDX_451D921966C5951B` (`coupon_id`),
  CONSTRAINT `FK_451D921966C5951B` FOREIGN KEY (`coupon_id`) REFERENCES `xlite_coupons` (`id`) ON DELETE SET NULL,
  CONSTRAINT `FK_451D92198D9F6D38` FOREIGN KEY (`order_id`) REFERENCES `xlite_orders` (`order_id`) ON DELETE CASCADE
) ENGINE=InnoDB DEFAULT CHARSET=utf8 COLLATE=utf8_unicode_ci;
CREATE TABLE `xlite_order_details` (
  `detail_id` int(11) NOT NULL AUTO_INCREMENT,
  `order_id` int(11) DEFAULT NULL,
  `name` varchar(255) COLLATE utf8_unicode_ci NOT NULL,
  `label` varchar(255) COLLATE utf8_unicode_ci DEFAULT NULL,
  `value` longtext COLLATE utf8_unicode_ci NOT NULL,
  PRIMARY KEY (`detail_id`),
  KEY `IDX_C25F888B8D9F6D38` (`order_id`),
  KEY `oname` (`order_id`,`name`),
  CONSTRAINT `FK_C25F888B8D9F6D38` FOREIGN KEY (`order_id`) REFERENCES `xlite_orders` (`order_id`) ON DELETE CASCADE
) ENGINE=InnoDB DEFAULT CHARSET=utf8 COLLATE=utf8_unicode_ci;
CREATE TABLE `xlite_order_history_event_data` (
  `id` int(11) NOT NULL AUTO_INCREMENT,
  `event_id` int(11) DEFAULT NULL,
  `name` varchar(128) COLLATE utf8_unicode_ci NOT NULL,
  `value` longtext COLLATE utf8_unicode_ci NOT NULL,
  PRIMARY KEY (`id`),
  KEY `IDX_BAE0BB2471F7E88B` (`event_id`),
  KEY `en` (`event_id`,`name`),
  CONSTRAINT `FK_BAE0BB2471F7E88B` FOREIGN KEY (`event_id`) REFERENCES `xlite_order_history_events` (`event_id`) ON DELETE CASCADE
) ENGINE=InnoDB DEFAULT CHARSET=utf8 COLLATE=utf8_unicode_ci;
CREATE TABLE `xlite_order_history_events` (
  `event_id` int(11) NOT NULL AUTO_INCREMENT,
  `order_id` int(11) DEFAULT NULL,
  `author_id` int(11) DEFAULT NULL,
  `date` int(11) NOT NULL,
  `code` varchar(255) COLLATE utf8_unicode_ci NOT NULL,
  `description` varchar(1024) COLLATE utf8_unicode_ci DEFAULT NULL,
  `data` longtext COLLATE utf8_unicode_ci NOT NULL COMMENT '(DC2Type:array)',
  `comment` longtext COLLATE utf8_unicode_ci NOT NULL,
  PRIMARY KEY (`event_id`),
  KEY `IDX_57EBBA5F8D9F6D38` (`order_id`),
  KEY `IDX_57EBBA5FF675F31B` (`author_id`),
  CONSTRAINT `FK_57EBBA5FF675F31B` FOREIGN KEY (`author_id`) REFERENCES `xlite_profiles` (`profile_id`) ON DELETE CASCADE,
  CONSTRAINT `FK_57EBBA5F8D9F6D38` FOREIGN KEY (`order_id`) REFERENCES `xlite_orders` (`order_id`) ON DELETE CASCADE
) ENGINE=InnoDB DEFAULT CHARSET=utf8 COLLATE=utf8_unicode_ci;
INSERT INTO `xlite_order_history_events` VALUES (1,1,1,1362469540,'PLACE ORDER','Order placed','N;',''),(2,1,1,1362469540,'TRANSACTION','Payment transaction [method: Phone Ordering, type: sale, amount: 611.38, status: Pending]','N;',''),(3,1,1,1362469540,'EMAIL ADMIN SENT','Email sent to the admin','a:1:{s:7:\"orderId\";i:1;}','Order is initially created'),(4,2,1,1362469895,'PLACE ORDER','Order placed','N;',''),(5,2,1,1362469895,'TRANSACTION','Payment transaction [method: Phone Ordering, type: sale, amount: 255.62, status: Pending]','N;',''),(6,2,1,1362469895,'EMAIL ADMIN SENT','Email sent to the admin','a:1:{s:7:\"orderId\";i:2;}','Order is initially created'),(7,3,1,1362469999,'PLACE ORDER','Order placed','N;',''),(8,3,1,1362469999,'TRANSACTION','Payment transaction [method: Phone Ordering, type: sale, amount: 41.07, status: Pending]','N;',''),(9,3,1,1362469999,'EMAIL ADMIN SENT','Email sent to the admin','a:1:{s:7:\"orderId\";i:3;}','Order is initially created'),(10,4,1,1394109873,'PLACE ORDER','Order placed','N;',''),(11,4,1,1394109873,'TRANSACTION','Payment transaction [method: Phone Ordering, type: sale, amount: 206.48, status: Pending]','N;',''),(12,4,1,1394109873,'EMAIL ADMIN SENT','Email sent to the admin','a:1:{s:7:\"orderId\";i:4;}','Order is initially created'),(13,5,1,1394110001,'PLACE ORDER','Order placed','N;',''),(14,5,1,1394110001,'TRANSACTION','Payment transaction [method: Phone Ordering, type: sale, amount: 264.09, status: Pending]','N;',''),(15,5,1,1394110001,'EMAIL ADMIN SENT','Email sent to the admin','a:1:{s:7:\"orderId\";i:5;}','Order is initially created'),(16,6,1,1394110061,'PLACE ORDER','Order placed','N;',''),(17,6,1,1394110061,'TRANSACTION','Payment transaction [method: Phone Ordering, type: sale, amount: 264.09, status: Pending]','N;',''),(18,6,1,1394110061,'EMAIL ADMIN SENT','Email sent to the admin','a:1:{s:7:\"orderId\";i:6;}','Order is initially created'),(19,7,1,1394110112,'PLACE ORDER','Order placed','N;',''),(20,7,1,1394110112,'TRANSACTION','Payment transaction [method: Phone Ordering, type: sale, amount: 264.09, status: Pending]','N;',''),(21,7,1,1394110112,'EMAIL ADMIN SENT','Email sent to the admin','a:1:{s:7:\"orderId\";i:7;}','Order is initially created'),(22,8,1,1394110182,'PLACE ORDER','Order placed','N;',''),(23,8,1,1394110182,'TRANSACTION','Payment transaction [method: Phone Ordering, type: sale, amount: 1754.71, status: Pending]','N;',''),(24,8,1,1394110182,'EMAIL ADMIN SENT','Email sent to the admin','a:1:{s:7:\"orderId\";i:8;}','Order is initially created');
CREATE TABLE `xlite_order_item_attribute_values` (
  `id` int(10) unsigned NOT NULL AUTO_INCREMENT,
  `item_id` int(11) DEFAULT NULL,
  `attribute_value_checkbox_id` int(10) unsigned DEFAULT NULL,
  `attribute_value_select_id` int(10) unsigned DEFAULT NULL,
  `attribute_value_text_id` int(10) unsigned DEFAULT NULL,
  `name` varchar(255) COLLATE utf8_unicode_ci NOT NULL,
  `value` varchar(255) COLLATE utf8_unicode_ci NOT NULL,
  `attributeId` int(10) unsigned NOT NULL,
  PRIMARY KEY (`id`),
  KEY `IDX_46E30CEA126F525E` (`item_id`),
  KEY `IDX_46E30CEA571B5A02` (`attribute_value_checkbox_id`),
  KEY `IDX_46E30CEAA16D6CC9` (`attribute_value_select_id`),
  KEY `IDX_46E30CEA27A31B4D` (`attribute_value_text_id`),
  CONSTRAINT `FK_46E30CEA27A31B4D` FOREIGN KEY (`attribute_value_text_id`) REFERENCES `xlite_attribute_values_text` (`id`) ON DELETE SET NULL,
  CONSTRAINT `FK_46E30CEA126F525E` FOREIGN KEY (`item_id`) REFERENCES `xlite_order_items` (`item_id`) ON DELETE CASCADE,
  CONSTRAINT `FK_46E30CEA571B5A02` FOREIGN KEY (`attribute_value_checkbox_id`) REFERENCES `xlite_attribute_values_checkbox` (`id`) ON DELETE SET NULL,
  CONSTRAINT `FK_46E30CEAA16D6CC9` FOREIGN KEY (`attribute_value_select_id`) REFERENCES `xlite_attribute_values_select` (`id`) ON DELETE SET NULL
) ENGINE=InnoDB DEFAULT CHARSET=utf8 COLLATE=utf8_unicode_ci;
CREATE TABLE `xlite_order_item_surcharges` (
  `id` int(10) unsigned NOT NULL AUTO_INCREMENT,
  `item_id` int(11) DEFAULT NULL,
  `type` char(8) COLLATE utf8_unicode_ci NOT NULL,
  `code` varchar(128) COLLATE utf8_unicode_ci NOT NULL,
  `class` varchar(255) COLLATE utf8_unicode_ci NOT NULL,
  `include` tinyint(1) NOT NULL,
  `available` tinyint(1) NOT NULL,
  `value` decimal(14,4) NOT NULL,
  `name` varchar(255) COLLATE utf8_unicode_ci NOT NULL,
  `weight` int(11) NOT NULL,
  PRIMARY KEY (`id`),
  KEY `IDX_F9394518126F525E` (`item_id`),
  CONSTRAINT `FK_F9394518126F525E` FOREIGN KEY (`item_id`) REFERENCES `xlite_order_items` (`item_id`) ON DELETE CASCADE
) ENGINE=InnoDB DEFAULT CHARSET=utf8 COLLATE=utf8_unicode_ci;
CREATE TABLE `xlite_order_items` (
  `item_id` int(11) NOT NULL AUTO_INCREMENT,
  `variant_id` int(10) unsigned DEFAULT NULL,
  `object_id` int(10) unsigned DEFAULT NULL,
  `order_id` int(11) DEFAULT NULL,
  `xpcFakeItem` tinyint(1) NOT NULL,
  `name` varchar(255) COLLATE utf8_unicode_ci NOT NULL,
  `sku` varchar(32) COLLATE utf8_unicode_ci NOT NULL,
  `price` decimal(14,4) NOT NULL COMMENT '(DC2Type:money)',
  `itemNetPrice` decimal(14,4) NOT NULL,
  `discountedSubtotal` decimal(14,4) NOT NULL,
  `amount` int(11) NOT NULL,
  `total` decimal(14,4) NOT NULL,
  `subtotal` decimal(14,4) NOT NULL,
  `object_type` varchar(16) COLLATE utf8_unicode_ci NOT NULL,
  PRIMARY KEY (`item_id`),
  KEY `IDX_4693C0A13B69A9AF` (`variant_id`),
  KEY `IDX_4693C0A1232D562B` (`object_id`),
  KEY `IDX_4693C0A18D9F6D38` (`order_id`),
  KEY `ooo` (`order_id`,`object_type`,`object_id`),
  KEY `price` (`price`),
  KEY `amount` (`amount`),
  CONSTRAINT `FK_4693C0A18D9F6D38` FOREIGN KEY (`order_id`) REFERENCES `xlite_orders` (`order_id`) ON DELETE CASCADE,
  CONSTRAINT `FK_4693C0A1232D562B` FOREIGN KEY (`object_id`) REFERENCES `xlite_products` (`product_id`) ON DELETE SET NULL,
  CONSTRAINT `FK_4693C0A13B69A9AF` FOREIGN KEY (`variant_id`) REFERENCES `xlite_product_variants` (`id`) ON DELETE SET NULL
) ENGINE=InnoDB DEFAULT CHARSET=utf8 COLLATE=utf8_unicode_ci;
INSERT INTO `xlite_order_items` VALUES (1,NULL,15,1,0,'Nanotechnology is Huge','10004',15.9900,15.9900,14.3900,1,15.9900,15.9900,'product'),(2,NULL,21,1,0,'Edge Robotic Arm Kit','10036',49.9900,39.9500,35.9500,1,39.9500,39.9500,'product'),(3,NULL,5,1,0,'Acrobots','10029',7.9900,6.7915,6.1100,1,6.7900,6.7900,'product'),(4,NULL,8,1,0,'Heart Hand Warmer','10041',5.9900,5.9900,48.5200,9,53.9100,53.9100,'product'),(5,NULL,10,1,0,'Thumb-Size R/C Mini Cooper','10047',9.9900,8.9910,8.0900,1,8.9910,8.9910,'product'),(6,NULL,24,1,0,'SRV-1 Blackfin Mobile Surveillance Robot','10053',474.9900,474.9900,427.4900,1,474.9900,474.9900,'product'),(7,NULL,28,1,0,'Rubik\'s Mirror Blocks Cube','10046',19.9900,9.9900,8.9900,1,9.9900,9.9900,'product'),(8,NULL,16,1,0,'Binary Mom','10000',17.9900,12.0000,10.8000,1,12.0000,12.0000,'product'),(9,NULL,13,1,0,'Wi-Fi Detector Shirt','10008',19.9900,19.9900,17.9900,1,19.9900,19.9900,'product'),(10,NULL,1,1,0,'Planet Express Babydoll','10001',19.9900,19.9900,17.9790,1,19.9900,19.9900,'product'),(11,NULL,27,2,0,'Rubik\'s Cube','10045',9.9900,9.9900,53.9500,6,59.9400,59.9400,'product'),(12,NULL,37,2,0,'Smart Mass Thinking Putty','10030',9.9900,9.9900,35.9600,4,39.9600,39.9600,'product'),(13,NULL,39,2,0,'Yoda Plush Backpack','10022',34.9900,34.9900,157.4450,5,174.9500,174.9500,'product'),(14,NULL,4,3,0,'Collector\'s Edition Slinky','10010',7.9900,7.9900,7.9900,1,7.9900,7.9900,'product'),(15,NULL,38,3,0,'Albert Einstein Action Figure','10017',8.9900,8.9900,8.9900,1,8.9900,8.9900,'product'),(16,NULL,31,3,0,'Game of Life Kit','10039',19.9900,19.9900,19.9900,1,19.9900,19.9900,'product'),(17,NULL,19,4,0,'Palmsize Battle Tanks','10054',39.9900,99.0000,89.1000,1,99.0000,99.0000,'product'),(18,NULL,7,4,0,'Pyramid Brain Twist','10043',11.9900,99.0000,89.1000,1,99.0000,99.0000,'product'),(19,NULL,36,4,0,'Bare Metal Bender Wind-up','10013',24.9900,24.9900,22.4850,1,24.9900,24.9900,'product'),(20,NULL,7,5,0,'Pyramid Brain Twist','10043',11.9900,99.0000,89.1000,1,99.0000,99.0000,'product'),(21,NULL,38,5,0,'Albert Einstein Action Figure','10017',8.9900,8.9900,8.0900,1,8.9900,8.9900,'product'),(22,NULL,22,5,0,'ChoroQ Qsteer Mario Kart R/C Racers','10048',19.9900,19.9900,17.9990,1,19.9900,19.9900,'product'),(23,NULL,19,5,0,'Palmsize Battle Tanks','10054',39.9900,99.0000,89.1000,1,99.0000,99.0000,'product'),(24,NULL,6,5,0,'Mini Solar-Powered Car','10040',19.9900,19.9900,17.9990,1,19.9900,19.9900,'product'),(25,NULL,2,5,0,'Digital Angel','10002',18.9900,13.9900,12.5990,1,13.9900,13.9900,'product'),(26,NULL,36,5,0,'Bare Metal Bender Wind-up','10013',24.9900,24.9900,22.4850,1,24.9900,24.9900,'product'),(27,NULL,7,6,0,'Pyramid Brain Twist','10043',11.9900,99.0000,89.1000,1,99.0000,99.0000,'product'),(28,NULL,38,6,0,'Albert Einstein Action Figure','10017',8.9900,8.9900,8.0900,1,8.9900,8.9900,'product'),(29,NULL,22,6,0,'ChoroQ Qsteer Mario Kart R/C Racers','10048',19.9900,19.9900,17.9990,1,19.9900,19.9900,'product'),(30,NULL,19,6,0,'Palmsize Battle Tanks','10054',39.9900,99.0000,89.1000,1,99.0000,99.0000,'product'),(31,NULL,6,6,0,'Mini Solar-Powered Car','10040',19.9900,19.9900,17.9990,1,19.9900,19.9900,'product'),(32,NULL,2,6,0,'Digital Angel','10002',18.9900,13.9900,12.5990,1,13.9900,13.9900,'product'),(33,NULL,36,6,0,'Bare Metal Bender Wind-up','10013',24.9900,24.9900,22.4850,1,24.9900,24.9900,'product'),(34,NULL,7,7,0,'Pyramid Brain Twist','10043',11.9900,99.0000,89.1000,1,99.0000,99.0000,'product'),(35,NULL,38,7,0,'Albert Einstein Action Figure','10017',8.9900,8.9900,8.0900,1,8.9900,8.9900,'product'),(36,NULL,22,7,0,'ChoroQ Qsteer Mario Kart R/C Racers','10048',19.9900,19.9900,17.9990,1,19.9900,19.9900,'product'),(37,NULL,19,7,0,'Palmsize Battle Tanks','10054',39.9900,99.0000,89.1000,1,99.0000,99.0000,'product'),(38,NULL,6,7,0,'Mini Solar-Powered Car','10040',19.9900,19.9900,17.9990,1,19.9900,19.9900,'product'),(39,NULL,2,7,0,'Digital Angel','10002',18.9900,13.9900,12.5990,1,13.9900,13.9900,'product'),(40,NULL,36,7,0,'Bare Metal Bender Wind-up','10013',24.9900,24.9900,22.4850,1,24.9900,24.9900,'product'),(41,NULL,6,8,0,'Mini Solar-Powered Car','10040',19.9900,19.9900,557.7200,31,619.6900,619.6900,'product'),(42,NULL,22,8,0,'ChoroQ Qsteer Mario Kart R/C Racers','10048',19.9900,19.9900,503.7500,28,559.7200,559.7200,'product'),(43,NULL,2,8,0,'Digital Angel','10002',18.9900,13.9900,453.2800,36,503.6400,503.6400,'product'),(44,NULL,36,8,0,'Bare Metal Bender Wind-up','10013',24.9900,24.9900,22.4850,1,24.9900,24.9900,'product'),(45,NULL,38,8,0,'Albert Einstein Action Figure','10017',8.9900,8.9900,8.0900,1,8.9900,8.9900,'product'),(46,NULL,19,8,0,'Palmsize Battle Tanks','10054',39.9900,99.0000,89.1000,1,99.0000,99.0000,'product'),(47,NULL,7,8,0,'Pyramid Brain Twist','10043',11.9900,99.0000,89.1000,1,99.0000,99.0000,'product');
CREATE TABLE `xlite_order_modifiers` (
  `id` int(10) unsigned NOT NULL AUTO_INCREMENT,
  `class` varchar(255) COLLATE utf8_unicode_ci NOT NULL,
  `weight` int(11) NOT NULL,
  PRIMARY KEY (`id`)
) ENGINE=InnoDB DEFAULT CHARSET=utf8 COLLATE=utf8_unicode_ci;
INSERT INTO `xlite_order_modifiers` VALUES (1,'\\XLite\\Logic\\Order\\Modifier\\Shipping',100),(2,'\\XLite\\Module\\CDev\\Coupons\\Logic\\Order\\Modifier\\Discount',200),(3,'\\XLite\\Module\\CDev\\SalesTax\\Logic\\Order\\Modifier\\Tax',1100),(4,'\\XLite\\Module\\CDev\\VolumeDiscounts\\Logic\\Order\\Modifier\\Discount',100);
CREATE TABLE `xlite_order_payment_status_translations` (
  `label_id` int(11) NOT NULL AUTO_INCREMENT,
  `id` int(10) unsigned DEFAULT NULL,
  `name` varchar(255) COLLATE utf8_unicode_ci NOT NULL,
  `customerName` varchar(255) COLLATE utf8_unicode_ci NOT NULL,
  `code` char(2) COLLATE utf8_unicode_ci NOT NULL,
  PRIMARY KEY (`label_id`),
  KEY `IDX_702453C2BF396750` (`id`),
  KEY `ci` (`code`,`id`),
  CONSTRAINT `FK_702453C2BF396750` FOREIGN KEY (`id`) REFERENCES `xlite_order_payment_statuses` (`id`) ON DELETE CASCADE
) ENGINE=InnoDB DEFAULT CHARSET=utf8 COLLATE=utf8_unicode_ci;
INSERT INTO `xlite_order_payment_status_translations` VALUES (1,1,'Awaiting payment','Awaiting payment','en'),(2,2,'Authorized','Authorization hold','en'),(3,3,'Partially Paid','Partially Paid','en'),(4,4,'Paid','Paid','en'),(5,5,'Declined','Declined','en'),(6,6,'Cancelled','Cancelled','en'),(7,7,'Refunded','Refunded','en');
CREATE TABLE `xlite_order_payment_statuses` (
  `id` int(10) unsigned NOT NULL AUTO_INCREMENT,
  `code` char(4) COLLATE utf8_unicode_ci DEFAULT NULL,
  `position` int(11) NOT NULL,
  PRIMARY KEY (`id`),
  UNIQUE KEY `UNIQ_A2C34C8E77153098` (`code`)
) ENGINE=InnoDB DEFAULT CHARSET=utf8 COLLATE=utf8_unicode_ci;
INSERT INTO `xlite_order_payment_statuses` VALUES (1,'Q',10),(2,'A',20),(3,'PP',30),(4,'P',40),(5,'D',50),(6,'C',60),(7,'R',70);
CREATE TABLE `xlite_order_shipping_status_translations` (
  `label_id` int(11) NOT NULL AUTO_INCREMENT,
  `id` int(10) unsigned DEFAULT NULL,
  `name` varchar(255) COLLATE utf8_unicode_ci NOT NULL,
  `customerName` varchar(255) COLLATE utf8_unicode_ci NOT NULL,
  `code` char(2) COLLATE utf8_unicode_ci NOT NULL,
  PRIMARY KEY (`label_id`),
  KEY `IDX_53DEE45BBF396750` (`id`),
  KEY `ci` (`code`,`id`),
  CONSTRAINT `FK_53DEE45BBF396750` FOREIGN KEY (`id`) REFERENCES `xlite_order_shipping_statuses` (`id`) ON DELETE CASCADE
) ENGINE=InnoDB DEFAULT CHARSET=utf8 COLLATE=utf8_unicode_ci;
INSERT INTO `xlite_order_shipping_status_translations` VALUES (1,1,'New','New','en'),(2,2,'Processing','Processing','en'),(3,3,'Shipped','Shipped','en'),(4,4,'Delivered','Delivered','en'),(5,5,'Will Not Deliver','Will Not Deliver','en'),(6,6,'Returned','Returned','en');
CREATE TABLE `xlite_order_shipping_statuses` (
  `id` int(10) unsigned NOT NULL AUTO_INCREMENT,
  `code` char(4) COLLATE utf8_unicode_ci DEFAULT NULL,
  `position` int(11) NOT NULL,
  PRIMARY KEY (`id`),
  UNIQUE KEY `UNIQ_F46FC21177153098` (`code`)
) ENGINE=InnoDB DEFAULT CHARSET=utf8 COLLATE=utf8_unicode_ci;
INSERT INTO `xlite_order_shipping_statuses` VALUES (1,'N',10),(2,'P',20),(3,'S',30),(4,'D',40),(5,'WND',50),(6,'R',60);
CREATE TABLE `xlite_order_status_properties` (
  `id` int(10) unsigned NOT NULL AUTO_INCREMENT,
  `payment_status_id` int(10) unsigned DEFAULT NULL,
  `shipping_status_id` int(10) unsigned DEFAULT NULL,
  `incStock` tinyint(1) DEFAULT NULL,
  PRIMARY KEY (`id`),
  KEY `IDX_A5E047EE28DE2F95` (`payment_status_id`),
  KEY `IDX_A5E047EE2D02518A` (`shipping_status_id`),
  CONSTRAINT `FK_A5E047EE2D02518A` FOREIGN KEY (`shipping_status_id`) REFERENCES `xlite_order_shipping_statuses` (`id`) ON DELETE CASCADE,
  CONSTRAINT `FK_A5E047EE28DE2F95` FOREIGN KEY (`payment_status_id`) REFERENCES `xlite_order_payment_statuses` (`id`) ON DELETE CASCADE
) ENGINE=InnoDB DEFAULT CHARSET=utf8 COLLATE=utf8_unicode_ci;
INSERT INTO `xlite_order_status_properties` VALUES (1,2,1,0),(2,2,2,0),(3,2,3,0),(4,2,4,0),(5,2,5,0),(6,2,6,0),(7,3,1,0),(8,3,2,0),(9,3,3,0),(10,3,4,0),(11,3,5,0),(12,3,6,0),(13,4,1,0),(14,4,2,0),(15,4,3,0),(16,4,4,0),(17,4,5,0),(18,4,6,0),(19,5,1,1),(20,5,2,1),(21,5,3,1),(22,5,4,1),(23,5,5,1),(24,5,6,1),(25,6,1,1),(26,6,2,1),(27,6,3,1),(28,6,4,1),(29,6,5,1),(30,6,6,1),(31,1,1,0),(32,1,2,0),(33,1,3,0),(34,1,4,0),(35,1,5,0),(36,1,6,0),(37,7,1,1),(38,7,2,1),(39,7,3,0),(40,7,4,0),(41,7,5,1),(42,7,6,1);
CREATE TABLE `xlite_order_surcharges` (
  `id` int(10) unsigned NOT NULL AUTO_INCREMENT,
  `order_id` int(11) DEFAULT NULL,
  `type` char(8) COLLATE utf8_unicode_ci NOT NULL,
  `code` varchar(128) COLLATE utf8_unicode_ci NOT NULL,
  `class` varchar(255) COLLATE utf8_unicode_ci NOT NULL,
  `include` tinyint(1) NOT NULL,
  `available` tinyint(1) NOT NULL,
  `value` decimal(14,4) NOT NULL,
  `name` varchar(255) COLLATE utf8_unicode_ci NOT NULL,
  `weight` int(11) NOT NULL,
  PRIMARY KEY (`id`),
  KEY `IDX_3583A1698D9F6D38` (`order_id`),
  CONSTRAINT `FK_3583A1698D9F6D38` FOREIGN KEY (`order_id`) REFERENCES `xlite_orders` (`order_id`) ON DELETE CASCADE
) ENGINE=InnoDB DEFAULT CHARSET=utf8 COLLATE=utf8_unicode_ci;
INSERT INTO `xlite_order_surcharges` VALUES (1,1,'shipping','SHIPPING','\\XLite\\Logic\\Order\\Modifier\\Shipping',0,1,15.0500,'Shipping cost',0),(2,1,'discount','DISCOUNT','\\XLite\\Module\\CDev\\VolumeDiscounts\\Logic\\Order\\Modifier\\Discount',0,1,-66.2590,'Discount',0),(3,2,'shipping','SHIPPING','\\XLite\\Logic\\Order\\Modifier\\Shipping',0,1,8.2600,'Shipping cost',0),(4,2,'discount','DISCOUNT','\\XLite\\Module\\CDev\\VolumeDiscounts\\Logic\\Order\\Modifier\\Discount',0,1,-27.4850,'Discount',0),(5,3,'shipping','SHIPPING','\\XLite\\Logic\\Order\\Modifier\\Shipping',0,1,4.1000,'Shipping cost',0),(6,4,'shipping','SHIPPING','\\XLite\\Logic\\Order\\Modifier\\Shipping',0,1,5.7900,'Shipping cost',0),(7,4,'discount','DISCOUNT','\\XLite\\Module\\CDev\\VolumeDiscounts\\Logic\\Order\\Modifier\\Discount',0,1,-22.2990,'Discount',0),(8,5,'shipping','SHIPPING','\\XLite\\Logic\\Order\\Modifier\\Shipping',0,1,6.7400,'Shipping cost',0),(9,5,'discount','DISCOUNT','\\XLite\\Module\\CDev\\VolumeDiscounts\\Logic\\Order\\Modifier\\Discount',0,1,-28.5950,'Discount',0),(10,6,'shipping','SHIPPING','\\XLite\\Logic\\Order\\Modifier\\Shipping',0,1,6.7400,'Shipping cost',0),(11,6,'discount','DISCOUNT','\\XLite\\Module\\CDev\\VolumeDiscounts\\Logic\\Order\\Modifier\\Discount',0,1,-28.5950,'Discount',0),(12,7,'shipping','SHIPPING','\\XLite\\Logic\\Order\\Modifier\\Shipping',0,1,6.7400,'Shipping cost',0),(13,7,'discount','DISCOUNT','\\XLite\\Module\\CDev\\VolumeDiscounts\\Logic\\Order\\Modifier\\Discount',0,1,-28.5950,'Discount',0),(14,8,'shipping','SHIPPING','\\XLite\\Logic\\Order\\Modifier\\Shipping',0,1,31.1800,'Shipping cost',0),(15,8,'discount','DISCOUNT','\\XLite\\Module\\CDev\\VolumeDiscounts\\Logic\\Order\\Modifier\\Discount',0,1,-191.5030,'Discount',0);
CREATE TABLE `xlite_order_tracking_number` (
  `tracking_id` int(11) NOT NULL AUTO_INCREMENT,
  `order_id` int(11) DEFAULT NULL,
  `value` longtext COLLATE utf8_unicode_ci NOT NULL,
  PRIMARY KEY (`tracking_id`),
  KEY `IDX_77A238F48D9F6D38` (`order_id`),
  CONSTRAINT `FK_77A238F48D9F6D38` FOREIGN KEY (`order_id`) REFERENCES `xlite_orders` (`order_id`) ON DELETE CASCADE
) ENGINE=InnoDB DEFAULT CHARSET=utf8 COLLATE=utf8_unicode_ci;
CREATE TABLE `xlite_orders` (
  `order_id` int(11) NOT NULL AUTO_INCREMENT,
  `profile_id` int(11) DEFAULT NULL,
  `orig_profile_id` int(11) DEFAULT NULL,
  `payment_status_id` int(10) unsigned DEFAULT NULL,
  `shipping_status_id` int(10) unsigned DEFAULT NULL,
  `currency_id` int(10) unsigned DEFAULT NULL,
  `auctionIncPackage` longtext COLLATE utf8_unicode_ci COMMENT '(DC2Type:array)',
  `fraud_status_xpc` varchar(255) COLLATE utf8_unicode_ci NOT NULL,
  `fraud_type_xpc` varchar(255) COLLATE utf8_unicode_ci NOT NULL,
  `shipping_id` int(11) NOT NULL,
  `shipping_method_name` varchar(255) COLLATE utf8_unicode_ci DEFAULT NULL,
  `payment_method_name` varchar(255) COLLATE utf8_unicode_ci DEFAULT NULL,
  `tracking` varchar(32) COLLATE utf8_unicode_ci NOT NULL,
  `date` int(11) NOT NULL,
  `lastRenewDate` int(11) NOT NULL,
  `notes` longtext COLLATE utf8_unicode_ci NOT NULL,
  `adminNotes` longtext COLLATE utf8_unicode_ci NOT NULL,
  `orderNumber` longtext COLLATE utf8_unicode_ci,
  `total` decimal(14,4) NOT NULL,
  `subtotal` decimal(14,4) NOT NULL,
  `is_order` int(11) NOT NULL,
  PRIMARY KEY (`order_id`),
  KEY `IDX_9A9BE335CCFA12B8` (`profile_id`),
  KEY `IDX_9A9BE335DBFEF46C` (`orig_profile_id`),
  KEY `IDX_9A9BE33528DE2F95` (`payment_status_id`),
  KEY `IDX_9A9BE3352D02518A` (`shipping_status_id`),
  KEY `IDX_9A9BE33538248176` (`currency_id`),
  KEY `date` (`date`),
  KEY `total` (`total`),
  KEY `subtotal` (`subtotal`),
  KEY `tracking` (`tracking`),
  KEY `shipping_id` (`shipping_id`),
  KEY `lastRenewDate` (`lastRenewDate`),
  CONSTRAINT `FK_9A9BE33538248176` FOREIGN KEY (`currency_id`) REFERENCES `xlite_currencies` (`currency_id`) ON DELETE CASCADE,
  CONSTRAINT `FK_9A9BE33528DE2F95` FOREIGN KEY (`payment_status_id`) REFERENCES `xlite_order_payment_statuses` (`id`) ON DELETE CASCADE,
  CONSTRAINT `FK_9A9BE3352D02518A` FOREIGN KEY (`shipping_status_id`) REFERENCES `xlite_order_shipping_statuses` (`id`) ON DELETE CASCADE,
  CONSTRAINT `FK_9A9BE335CCFA12B8` FOREIGN KEY (`profile_id`) REFERENCES `xlite_profiles` (`profile_id`) ON DELETE CASCADE,
  CONSTRAINT `FK_9A9BE335DBFEF46C` FOREIGN KEY (`orig_profile_id`) REFERENCES `xlite_profiles` (`profile_id`) ON DELETE SET NULL
) ENGINE=InnoDB DEFAULT CHARSET=utf8 COLLATE=utf8_unicode_ci;
INSERT INTO `xlite_orders` VALUES (1,2,1,4,4,840,'a:0:{}','','',1,'Courier','','',1362469540,1440762506,'','','1',611.3800,662.5900,1),(2,3,1,4,4,840,'a:0:{}','','',1,'Courier','','',1362469895,1440762507,'','','2',255.6200,274.8500,1),(3,4,1,5,5,840,'a:0:{}','','',1,'Courier','','',1362469999,1440762507,'','','3',41.0700,36.9700,1),(4,5,1,7,6,840,'a:0:{}','','',1,'Courier','','',1394109873,1440762507,'','','4',206.4800,222.9900,1),(5,6,1,4,4,840,'a:0:{}','','',1,'Courier','','',1394110001,1440762508,'','','5',264.0900,285.9500,1),(6,7,1,4,3,840,'a:0:{}','','',1,'Courier','','',1394110061,1440762508,'','','6',264.0900,285.9500,1),(7,8,1,1,1,840,'a:0:{}','','',1,'Courier','','',1394110112,1440762509,'','','7',264.0900,285.9500,1),(8,9,1,1,1,840,'a:0:{}','','',1,'Courier','','',1394110182,1440762510,'','','8',1754.7100,1915.0300,1);
CREATE TABLE `xlite_page_images` (
  `id` int(10) unsigned NOT NULL AUTO_INCREMENT,
  `page_id` int(10) unsigned DEFAULT NULL,
  `width` int(11) NOT NULL,
  `height` int(11) NOT NULL,
  `hash` char(32) COLLATE utf8_unicode_ci DEFAULT NULL,
  `needProcess` tinyint(1) NOT NULL,
  `path` varchar(512) COLLATE utf8_unicode_ci NOT NULL,
  `fileName` varchar(255) COLLATE utf8_unicode_ci NOT NULL,
  `mime` varchar(128) COLLATE utf8_unicode_ci NOT NULL,
  `storageType` varchar(1) COLLATE utf8_unicode_ci NOT NULL,
  `size` int(10) unsigned NOT NULL,
  `date` int(10) unsigned NOT NULL,
  PRIMARY KEY (`id`),
  UNIQUE KEY `UNIQ_ABDA1565C4663E4` (`page_id`),
  CONSTRAINT `FK_ABDA1565C4663E4` FOREIGN KEY (`page_id`) REFERENCES `xlite_pages` (`id`) ON DELETE CASCADE
) ENGINE=InnoDB DEFAULT CHARSET=utf8 COLLATE=utf8_unicode_ci;
CREATE TABLE `xlite_page_translations` (
  `label_id` int(11) NOT NULL AUTO_INCREMENT,
  `id` int(10) unsigned DEFAULT NULL,
  `name` varchar(255) COLLATE utf8_unicode_ci NOT NULL,
  `teaser` longtext COLLATE utf8_unicode_ci NOT NULL,
  `body` longtext COLLATE utf8_unicode_ci NOT NULL,
  `metaKeywords` longtext COLLATE utf8_unicode_ci NOT NULL,
  `metaTitle` varchar(255) COLLATE utf8_unicode_ci NOT NULL,
  `code` char(2) COLLATE utf8_unicode_ci NOT NULL,
  PRIMARY KEY (`label_id`),
  KEY `IDX_D4ABAC0BF396750` (`id`),
  KEY `ci` (`code`,`id`),
  CONSTRAINT `FK_D4ABAC0BF396750` FOREIGN KEY (`id`) REFERENCES `xlite_pages` (`id`) ON DELETE CASCADE
) ENGINE=InnoDB DEFAULT CHARSET=utf8 COLLATE=utf8_unicode_ci;
INSERT INTO `xlite_page_translations` VALUES (1,1,'Terms and conditions','Terms and conditions','<p>Terms and conditions text</p><p>To replace this text with the actual Terms and conditions, go to the \"Content -> Pages\" section, open the \"Terms & Conditions\" page and edit the \"Content\" field.</p>','','','en'),(2,1,'Условия использования','Условия использования','<p>Чтобы разместить на этой странице Ваш собственный текст \"Условия использования\", перейдите в раздел \"Содержание -> Страницы\", откройте для редактирования страницу \"Условия использования\" и добавьте требуемый текст в поле \"Содержание\".</p>','','','ru'),(3,2,'Shipping','Shipping teaser','<p>Shipping text</p><p>To replace this text with the actual delivery information, go to the \"Content -> Pages\" section, open the \"Shipping\" page and edit the \"Content\" field.</p>','','','en'),(4,2,'Доставка','Доставка','<p>Чтобы разместить на этой странице Ваш собственный текст \"Доставка\", перейдите в раздел \"Содержание -> Страницы\", откройте для редактирования страницу \"Доставка\" и добавьте требуемый текст в поле \"Содержание\".</p>','','','ru');
CREATE TABLE `xlite_pages` (
  `id` int(10) unsigned NOT NULL AUTO_INCREMENT,
  `ogMeta` longtext COLLATE utf8_unicode_ci NOT NULL,
  `showSocialButtons` tinyint(1) NOT NULL,
  `enabled` tinyint(1) NOT NULL,
  `metaDescType` varchar(1) COLLATE utf8_unicode_ci NOT NULL,
  PRIMARY KEY (`id`),
  KEY `enabled` (`enabled`)
) ENGINE=InnoDB DEFAULT CHARSET=utf8 COLLATE=utf8_unicode_ci;
INSERT INTO `xlite_pages` VALUES (1,'',0,1,'A'),(2,'',0,1,'A');
CREATE TABLE `xlite_payment_backend_transaction_data` (
  `data_id` int(11) NOT NULL AUTO_INCREMENT,
  `backend_transaction_id` int(11) DEFAULT NULL,
  `name` varchar(128) COLLATE utf8_unicode_ci NOT NULL,
  `label` varchar(255) COLLATE utf8_unicode_ci NOT NULL,
  `access_level` char(1) COLLATE utf8_unicode_ci NOT NULL,
  `value` longtext COLLATE utf8_unicode_ci NOT NULL,
  PRIMARY KEY (`data_id`),
  KEY `IDX_BE43AC028167CC5C` (`backend_transaction_id`),
  KEY `tn` (`backend_transaction_id`,`name`),
  CONSTRAINT `FK_BE43AC028167CC5C` FOREIGN KEY (`backend_transaction_id`) REFERENCES `xlite_payment_backend_transactions` (`id`) ON DELETE CASCADE
) ENGINE=InnoDB DEFAULT CHARSET=utf8 COLLATE=utf8_unicode_ci;
CREATE TABLE `xlite_payment_backend_transactions` (
  `id` int(11) NOT NULL AUTO_INCREMENT,
  `transaction_id` int(11) DEFAULT NULL,
  `date` int(11) NOT NULL,
  `status` char(1) COLLATE utf8_unicode_ci NOT NULL,
  `value` decimal(14,4) NOT NULL,
  `type` varchar(20) COLLATE utf8_unicode_ci NOT NULL,
  PRIMARY KEY (`id`),
  KEY `IDX_808A7FC32FC0CB0F` (`transaction_id`),
  KEY `td` (`transaction_id`,`date`),
  CONSTRAINT `FK_808A7FC32FC0CB0F` FOREIGN KEY (`transaction_id`) REFERENCES `xlite_payment_transactions` (`transaction_id`) ON DELETE CASCADE
) ENGINE=InnoDB DEFAULT CHARSET=utf8 COLLATE=utf8_unicode_ci;
CREATE TABLE `xlite_payment_method_settings` (
  `setting_id` int(11) NOT NULL AUTO_INCREMENT,
  `method_id` int(11) DEFAULT NULL,
  `name` varchar(128) COLLATE utf8_unicode_ci NOT NULL,
  `value` longtext COLLATE utf8_unicode_ci NOT NULL,
  PRIMARY KEY (`setting_id`),
  KEY `IDX_33B9DA0019883967` (`method_id`),
  KEY `mn` (`method_id`,`name`),
  CONSTRAINT `FK_33B9DA0019883967` FOREIGN KEY (`method_id`) REFERENCES `xlite_payment_methods` (`method_id`) ON DELETE CASCADE
) ENGINE=InnoDB DEFAULT CHARSET=utf8 COLLATE=utf8_unicode_ci;
INSERT INTO `xlite_payment_method_settings` VALUES (1,7,'login',''),(2,7,'key',''),(3,7,'type','sale'),(4,7,'test','1'),(5,7,'prefix','xcart'),(6,54,'vendor',''),(7,54,'user',''),(8,54,'pwd',''),(9,54,'partner','PayPal'),(10,54,'prefix','mystore_'),(11,54,'transaction_type','S'),(12,54,'mode','test'),(13,54,'buyNowEnabled','1'),(14,55,'vendor',''),(15,55,'user',''),(16,55,'pwd',''),(17,55,'partner','PayPal'),(18,55,'prefix','mystore_'),(19,55,'transaction_type','S'),(20,55,'mode','test'),(21,55,'buyNowEnabled','1'),(22,56,'account',''),(23,56,'description',''),(24,56,'prefix','mystore_'),(25,56,'mode','test'),(26,57,'api_type','email'),(27,57,'email',''),(28,57,'api_solution','paypal'),(29,57,'vendor',''),(30,57,'user',''),(31,57,'pwd',''),(32,57,'partner','PayPal'),(33,57,'api_username',''),(34,57,'api_password',''),(35,57,'auth_method','signature'),(36,57,'signature',''),(37,57,'certificate',''),(38,57,'prefix','mystore_'),(39,57,'transaction_type','S'),(40,57,'mode','test'),(41,57,'merchantId',''),(42,57,'buyNowEnabled','1'),(43,58,'enabled','1'),(44,58,'agreement','N'),(45,58,'email',''),(46,58,'publisherId',''),(47,58,'bannerOnHomePage','D'),(48,58,'bannerOnCategoryPages','D'),(49,58,'bannerOnProductDetailsPages','A'),(50,58,'bannerOnCartPage','C'),(51,59,'login',''),(52,59,'prefix','xcart'),(53,59,'hash',''),(54,59,'include_response','N'),(55,60,'account',''),(56,60,'secret',''),(57,60,'language','en'),(58,60,'mode','test'),(59,60,'prefix','xcart'),(60,60,'currency','USD'),(61,62,'pspid',''),(62,62,'sha_in',''),(63,62,'sha_out',''),(64,62,'currency','GBP'),(65,62,'test','1'),(66,62,'prefix','xcart_'),(67,62,'debug_enabled','0'),(68,63,'merchant_id',''),(69,63,'subid','0'),(70,63,'pub_cert','rabobank.cer'),(71,63,'pub_key',''),(72,63,'private_key',''),(73,63,'private_key_pass',''),(74,63,'currency','EUR'),(75,63,'test','Y'),(76,63,'prefix','xcart_'),(77,63,'debug_enabled','0'),(78,64,'vendorName',''),(79,64,'password',''),(80,64,'test','1'),(81,64,'prefix','xcart'),(82,65,'publishKey',''),(83,65,'accessToken',''),(84,65,'publishKeyTest',''),(85,65,'accessTokenTest',''),(86,65,'mode','live'),(87,65,'type','sale'),(88,65,'prefix','xcart'),(89,67,'pspid',''),(90,67,'shaIn',''),(91,67,'shaOut',''),(92,67,'prefix','xcart'),(93,67,'mode','test'),(94,68,'store_id',''),(95,68,'hpp_key',''),(96,68,'mode','test'),(97,68,'prefix','xcart'),(98,68,'currency','USD');
CREATE TABLE `xlite_payment_method_translations` (
  `label_id` int(11) NOT NULL AUTO_INCREMENT,
  `id` int(11) DEFAULT NULL,
  `name` varchar(255) COLLATE utf8_unicode_ci NOT NULL,
  `title` varchar(255) COLLATE utf8_unicode_ci NOT NULL,
  `description` longtext COLLATE utf8_unicode_ci NOT NULL,
  `adminDescription` longtext COLLATE utf8_unicode_ci NOT NULL,
  `altAdminDescription` longtext COLLATE utf8_unicode_ci NOT NULL,
  `instruction` longtext COLLATE utf8_unicode_ci NOT NULL,
  `code` char(2) COLLATE utf8_unicode_ci NOT NULL,
  PRIMARY KEY (`label_id`),
  KEY `IDX_9FBF065BF396750` (`id`),
  KEY `ci` (`code`,`id`),
  CONSTRAINT `FK_9FBF065BF396750` FOREIGN KEY (`id`) REFERENCES `xlite_payment_methods` (`method_id`) ON DELETE CASCADE
) ENGINE=InnoDB DEFAULT CHARSET=utf8 COLLATE=utf8_unicode_ci;
INSERT INTO `xlite_payment_method_translations` VALUES (1,1,'Purchase Order','','','','','','en'),(2,2,'Phone Ordering','','Phone: (555) 555-5555','','','','en'),(3,2,'Заказ по телефону','','Тел. (555) 555-5555','','','','ru'),(4,3,'Fax Ordering','','Fax: (555) 555-5555','','','','en'),(5,4,'Money Order','','US Banks Only','','','','en'),(6,5,'Check','','Check payment','','','','en'),(7,6,'COD','','Cash On Delivery','','','','en'),(8,7,'Authorize.Net SIM','','','','','','en'),(9,8,'Cash on Delivery (FedEx)','','','','','','en'),(10,9,'Skrill Wallet','','','','','','en'),(11,10,'Skrill All Card Types','','','','','','en'),(12,11,'Skrill Visa','','','','','','en'),(13,12,'Skrill MasterCard','','','','','','en'),(14,13,'Skrill Visa Delta/Debit','','','','','','en'),(15,14,'Skrill Visa Electron','','','','','','en'),(16,15,'Skrill Maestro','','','','','','en'),(17,16,'Skrill Solo','','','','','','en'),(18,17,'Skrill American Express','','','','','','en'),(19,18,'Skrill Diners','','','','','','en'),(20,19,'Skrill JCB','','','','','','en'),(21,20,'Skrill Laser','','','','','','en'),(22,21,'Skrill Carte Bleue','','','','','','en'),(23,22,'Skrill Dankort','','','','','','en'),(24,23,'Skrill PostePay','','','','','','en'),(25,24,'Skrill CartaSi','','','','','','en'),(26,25,'Skrill Online Bank Transfer','','','','','','en'),(27,26,'Skrill Giropay','','','','','','en'),(28,27,'Skrill Direct Debit / ELV','','','','','','en'),(29,28,'Skrill Sofortueberweisung','','','','','','en'),(30,29,'Skrill eNETS','','','','','','en'),(31,30,'Skrill Nordea Solo','','','','','','en'),(32,31,'Skrill Nordea Solo','','','','','','en'),(33,32,'Skrill iDEAL','','','','','','en'),(34,33,'Skrill EPS (Netpay)','','','','','','en'),(35,34,'Skrill POLi','','','','','','en'),(36,35,'Skrill All Polish Banks','','','','','','en'),(37,36,'Skrill ING Bank Śląski','','','','','','en'),(38,37,'Skrill PKO BP (PKO Inteligo)','','','','','','en'),(39,38,'Skrill Multibank (Multitransfer)','','','','','','en'),(40,39,'Skrill Lukas Bank','','','','','','en'),(41,40,'Skrill Bank BPH','','','','','','en'),(42,41,'Skrill InvestBank','','','','','','en'),(43,42,'Skrill PeKaO S.A.','','','','','','en'),(44,43,'Skrill Citibank handlowy','','','','','','en'),(45,44,'Skrill Bank Zachodni WBK (Przelew24)','','','','','','en'),(46,45,'Skrill BGŻ','','','','','','en'),(47,46,'Skrill Millenium','','','','','','en'),(48,47,'Skrill mBank (mTransfer)','','','','','','en'),(49,48,'Skrill Płacę z Inteligo','','','','','','en'),(50,49,'Skrill Bank Ochrony Środowiska','','','','','','en'),(51,50,'Skrill Nordea','','','','','','en'),(52,51,'Skrill Fortis Bank','','','','','','en'),(53,52,'Skrill Deutsche Bank PBC S.A.','','','','','','en'),(54,53,'Skrill ePay.bg','','','','','','en'),(55,54,'PayPal Payflow Link','Credit/Debit card or PayPal','','','Accept Visa, MasterCard®, American Express, Discover and PayPal payments on your site by connecting a PayPal-hosted checkout page with your own internet merchant account. Customize the page to look like the rest of your site and make sure customer transactions are secure.','','en'),(56,55,'PayPal Payments Advanced','Credit/Debit card or PayPal','','','Accept Visa, MasterCard®, American Express, Discover and PayPal payments securely. With this all-in-one option, customers stay on your site for the entire checkout process. It simplifies PCI compliance and opens the door to more than 100 million active PayPal customers. Requires credit approval (2-3 business days).','','en'),(57,56,'PayPal Payments Standard','PayPal','','','Add a PayPal payment button to your site to accept Visa, MasterCard®, American Express, Discover and PayPal payments securely. When your customers check out, they are redirected to PayPal to pay, then return to your site after they are finished.','','en'),(58,57,'PayPal Express Checkout','PayPal Express Checkout','','','Create a seamless checkout experience and increase your conversion rate by opening the door to over 100 million active PayPal customers who look for and use this fast, easy, and secure way to pay.','','en'),(59,58,'PayPal Credit','PayPal Credit','','','','','en'),(60,59,'QuantumGateway','','','','','','en'),(61,60,'2Checkout.com','','','','','','en'),(62,61,'Cash on Delivery (USPS)','','','','','','en'),(63,62,'Barclaycard ePDQ e-Commerce','','','','','','en'),(64,63,'iDEAL Professional (Rabobank)','','','','','','en'),(65,64,'SagePay form protocol','','','','','','en'),(66,65,'Stripe','','','','','','en'),(67,66,'Cash on Delivery (UPS)','','','','','','en'),(68,67,'Ingenico Payment Services (Ogone)','','','','','','en'),(69,68,'Moneris (eSELECTplus- Hosted Pay Page)','','','','','','en');
CREATE TABLE `xlite_payment_methods` (
  `method_id` int(11) NOT NULL AUTO_INCREMENT,
  `service_name` varchar(128) COLLATE utf8_unicode_ci NOT NULL,
  `class` varchar(255) COLLATE utf8_unicode_ci NOT NULL,
  `moduleName` varchar(255) COLLATE utf8_unicode_ci NOT NULL,
  `orderby` int(11) NOT NULL,
  `enabled` tinyint(1) NOT NULL,
  `moduleEnabled` tinyint(1) NOT NULL,
  `added` tinyint(1) NOT NULL,
  `type` char(1) COLLATE utf8_unicode_ci NOT NULL,
  `fromMarketplace` tinyint(1) NOT NULL,
  `iconURL` varchar(255) COLLATE utf8_unicode_ci DEFAULT NULL,
  `countries` longtext COLLATE utf8_unicode_ci COMMENT '(DC2Type:array)',
  `exCountries` longtext COLLATE utf8_unicode_ci COMMENT '(DC2Type:array)',
  PRIMARY KEY (`method_id`),
  KEY `orderby` (`orderby`),
  KEY `class` (`class`,`enabled`),
  KEY `enabled` (`enabled`)
) ENGINE=InnoDB DEFAULT CHARSET=utf8 COLLATE=utf8_unicode_ci;
INSERT INTO `xlite_payment_methods` VALUES (1,'PurchaseOrder','Model\\Payment\\Processor\\PurchaseOrder','',20,0,1,1,'O',0,NULL,'N;','N;'),(2,'PhoneOrdering','Model\\Payment\\Processor\\Offline','',30,1,1,1,'O',0,NULL,'N;','N;'),(3,'FaxOrdering','Model\\Payment\\Processor\\Offline','',40,0,1,1,'O',0,NULL,'N;','N;'),(4,'MoneyOrdering','Model\\Payment\\Processor\\Offline','',50,0,1,1,'O',0,NULL,'N;','N;'),(5,'Echeck','Model\\Payment\\Processor\\Check','',60,0,1,1,'O',0,NULL,'N;','N;'),(6,'COD','Model\\Payment\\Processor\\Offline','',70,0,1,1,'O',0,NULL,'N;','N;'),(7,'AuthorizeNet SIM','Module\\CDev\\AuthorizeNet\\Model\\Payment\\Processor\\AuthorizeNetSIM','CDev_AuthorizeNet',-101000,0,1,0,'C',0,NULL,'a:44:{i:0;s:2:\"AD\";i:1;s:2:\"NL\";i:2;s:2:\"US\";i:3;s:2:\"AT\";i:4;s:2:\"AU\";i:5;s:2:\"BE\";i:6;s:2:\"BG\";i:7;s:2:\"CA\";i:8;s:2:\"CG\";i:9;s:2:\"CF\";i:10;s:2:\"CH\";i:11;s:2:\"CY\";i:12;s:2:\"CZ\";i:13;s:2:\"DE\";i:14;s:2:\"DK\";i:15;s:2:\"DO\";i:16;s:2:\"IR\";i:17;s:2:\"ES\";i:18;s:2:\"FI\";i:19;s:2:\"GB\";i:20;s:2:\"FR\";i:21;s:2:\"GR\";i:22;s:2:\"HU\";i:23;s:2:\"IE\";i:24;s:2:\"IT\";i:25;s:2:\"GI\";i:26;s:2:\"KR\";i:27;s:2:\"LI\";i:28;s:2:\"MC\";i:29;s:2:\"MD\";i:30;s:2:\"MT\";i:31;s:2:\"NL\";i:32;s:2:\"NO\";i:33;s:2:\"LU\";i:34;s:2:\"PL\";i:35;s:2:\"PT\";i:36;s:2:\"RO\";i:37;s:2:\"SE\";i:38;s:2:\"SI\";i:39;s:2:\"SK\";i:40;s:2:\"SM\";i:41;s:2:\"SY\";i:42;s:2:\"TZ\";i:43;s:2:\"VA\";}','N;'),(8,'COD_FEDEX','Module\\CDev\\FedEx\\Model\\Payment\\Processor\\COD','CDev_FedEx',0,0,1,1,'O',0,NULL,'a:2:{i:0;s:2:\"CA\";i:1;s:2:\"US\";}','N;'),(9,'Moneybookers.WLT','Module\\CDev\\Moneybookers\\Model\\Payment\\Processor\\Moneybookers','CDev_Moneybookers',1010,0,1,0,'N',0,NULL,'a:11:{i:0;s:2:\"DE\";i:1;s:2:\"GB\";i:2;s:2:\"FR\";i:3;s:2:\"IT\";i:4;s:2:\"ES\";i:5;s:2:\"AT\";i:6;s:2:\"HU\";i:7;s:2:\"EE\";i:8;s:2:\"FI\";i:9;s:2:\"PL\";i:10;s:2:\"SE\";}','N;'),(10,'Moneybookers.ACC','Module\\CDev\\Moneybookers\\Model\\Payment\\Processor\\Moneybookers','CDev_Moneybookers',1020,0,1,0,'C',0,NULL,'a:10:{i:0;s:2:\"DE\";i:1;s:2:\"GB\";i:2;s:2:\"FR\";i:3;s:2:\"IT\";i:4;s:2:\"ES\";i:5;s:2:\"AT\";i:6;s:2:\"HU\";i:7;s:2:\"EE\";i:8;s:2:\"FI\";i:9;s:2:\"PL\";}','N;'),(11,'Moneybookers.VSA','Module\\CDev\\Moneybookers\\Model\\Payment\\Processor\\Moneybookers','CDev_Moneybookers',1030,0,1,0,'C',0,NULL,'N;','N;'),(12,'Moneybookers.MSC','Module\\CDev\\Moneybookers\\Model\\Payment\\Processor\\Moneybookers','CDev_Moneybookers',1040,0,1,0,'C',0,NULL,'N;','N;'),(13,'Moneybookers.VSD','Module\\CDev\\Moneybookers\\Model\\Payment\\Processor\\Moneybookers','CDev_Moneybookers',1050,0,1,0,'C',0,NULL,'a:4:{i:0;s:2:\"US\";i:1;s:2:\"CA\";i:2;s:2:\"GB\";i:3;s:2:\"DE\";}','N;'),(14,'Moneybookers.VSE','Module\\CDev\\Moneybookers\\Model\\Payment\\Processor\\Moneybookers','CDev_Moneybookers',1060,0,1,0,'C',0,NULL,'N;','a:4:{i:0;s:2:\"US\";i:1;s:2:\"CA\";i:2;s:2:\"AU\";i:3;s:2:\"IE\";}'),(15,'Moneybookers.MAE','Module\\CDev\\Moneybookers\\Model\\Payment\\Processor\\Moneybookers','CDev_Moneybookers',1070,0,1,0,'C',0,NULL,'a:1:{i:0;s:2:\"GB\";}','N;'),(16,'Moneybookers.SLO','Module\\CDev\\Moneybookers\\Model\\Payment\\Processor\\Moneybookers','CDev_Moneybookers',1080,0,1,0,'C',0,NULL,'a:1:{i:0;s:2:\"GB\";}','N;'),(17,'Moneybookers.AMX','Module\\CDev\\Moneybookers\\Model\\Payment\\Processor\\Moneybookers','CDev_Moneybookers',1090,0,1,0,'C',0,NULL,'a:1:{i:0;s:2:\"US\";}','N;'),(18,'Moneybookers.DIN','Module\\CDev\\Moneybookers\\Model\\Payment\\Processor\\Moneybookers','CDev_Moneybookers',1100,0,1,0,'C',0,NULL,'a:4:{i:0;s:2:\"US\";i:1;s:2:\"CA\";i:2;s:2:\"GB\";i:3;s:2:\"IE\";}','N;'),(19,'Moneybookers.JCB','Module\\CDev\\Moneybookers\\Model\\Payment\\Processor\\Moneybookers','CDev_Moneybookers',1110,0,1,0,'C',0,NULL,'a:1:{i:0;s:2:\"JP\";}','N;'),(20,'Moneybookers.LSR','Module\\CDev\\Moneybookers\\Model\\Payment\\Processor\\Moneybookers','CDev_Moneybookers',1120,0,1,0,'C',0,NULL,'a:1:{i:0;s:2:\"IE\";}','N;'),(21,'Moneybookers.GCB','Module\\CDev\\Moneybookers\\Model\\Payment\\Processor\\Moneybookers','CDev_Moneybookers',1130,0,1,0,'C',0,NULL,'a:1:{i:0;s:2:\"FR\";}','N;'),(22,'Moneybookers.DNK','Module\\CDev\\Moneybookers\\Model\\Payment\\Processor\\Moneybookers','CDev_Moneybookers',1140,0,1,0,'C',0,NULL,'a:1:{i:0;s:2:\"DK\";}','N;'),(23,'Moneybookers.PSP','Module\\CDev\\Moneybookers\\Model\\Payment\\Processor\\Moneybookers','CDev_Moneybookers',1150,0,1,0,'C',0,NULL,'a:1:{i:0;s:2:\"IT\";}','N;'),(24,'Moneybookers.CSI','Module\\CDev\\Moneybookers\\Model\\Payment\\Processor\\Moneybookers','CDev_Moneybookers',1160,0,1,0,'C',0,NULL,'a:1:{i:0;s:2:\"IT\";}','N;'),(25,'Moneybookers.OBT','Module\\CDev\\Moneybookers\\Model\\Payment\\Processor\\Moneybookers','CDev_Moneybookers',1170,0,1,0,'N',0,NULL,'a:6:{i:0;s:2:\"GB\";i:1;s:2:\"FR\";i:2;s:2:\"IT\";i:3;s:2:\"DE\";i:4;s:2:\"AT\";i:5;s:2:\"ES\";}','N;'),(26,'Moneybookers.GIR','Module\\CDev\\Moneybookers\\Model\\Payment\\Processor\\Moneybookers','CDev_Moneybookers',1180,0,1,0,'N',0,NULL,'a:1:{i:0;s:2:\"DE\";}','N;'),(27,'Moneybookers.DID','Module\\CDev\\Moneybookers\\Model\\Payment\\Processor\\Moneybookers','CDev_Moneybookers',1190,0,1,0,'N',0,NULL,'a:1:{i:0;s:2:\"DE\";}','N;'),(28,'Moneybookers.SFT','Module\\CDev\\Moneybookers\\Model\\Payment\\Processor\\Moneybookers','CDev_Moneybookers',1200,0,1,0,'N',0,NULL,'a:1:{i:0;s:2:\"DE\";}','N;'),(29,'Moneybookers.ENT','Module\\CDev\\Moneybookers\\Model\\Payment\\Processor\\Moneybookers','CDev_Moneybookers',1210,0,1,0,'N',0,NULL,'a:4:{i:0;s:2:\"SG\";i:1;s:2:\"CN\";i:2;s:2:\"MY\";i:3;s:2:\"ID\";}','N;'),(30,'Moneybookers.EBT','Module\\CDev\\Moneybookers\\Model\\Payment\\Processor\\Moneybookers','CDev_Moneybookers',1220,0,1,0,'N',0,NULL,'a:4:{i:0;s:2:\"SE\";i:1;s:2:\"FI\";i:2;s:2:\"NO\";i:3;s:2:\"DK\";}','N;'),(31,'Moneybookers.SO','Module\\CDev\\Moneybookers\\Model\\Payment\\Processor\\Moneybookers','CDev_Moneybookers',1230,0,1,0,'N',0,NULL,'a:4:{i:0;s:2:\"SE\";i:1;s:2:\"FI\";i:2;s:2:\"NO\";i:3;s:2:\"DK\";}','N;'),(32,'Moneybookers.IDL','Module\\CDev\\Moneybookers\\Model\\Payment\\Processor\\Moneybookers','CDev_Moneybookers',1240,0,1,0,'N',0,NULL,'a:28:{i:0;s:2:\"NL\";i:1;s:2:\"BE\";i:2;s:2:\"BG\";i:3;s:2:\"CZ\";i:4;s:2:\"DK\";i:5;s:2:\"DE\";i:6;s:2:\"EE\";i:7;s:2:\"IE\";i:8;s:2:\"EL\";i:9;s:2:\"ES\";i:10;s:2:\"FR\";i:11;s:2:\"HR\";i:12;s:2:\"IT\";i:13;s:2:\"CY\";i:14;s:2:\"LV\";i:15;s:2:\"LT\";i:16;s:2:\"LU\";i:17;s:2:\"HU\";i:18;s:2:\"MT\";i:19;s:2:\"AT\";i:20;s:2:\"PL\";i:21;s:2:\"PT\";i:22;s:2:\"RO\";i:23;s:2:\"SI\";i:24;s:2:\"SK\";i:25;s:2:\"FI\";i:26;s:2:\"SE\";i:27;s:2:\"GB\";}','N;'),(33,'Moneybookers.NPY','Module\\CDev\\Moneybookers\\Model\\Payment\\Processor\\Moneybookers','CDev_Moneybookers',1250,0,1,0,'N',0,NULL,'a:2:{i:0;s:2:\"GB\";i:1;s:2:\"IE\";}','N;'),(34,'Moneybookers.PLI','Module\\CDev\\Moneybookers\\Model\\Payment\\Processor\\Moneybookers','CDev_Moneybookers',1260,0,1,0,'N',0,NULL,'a:2:{i:0;s:2:\"AU\";i:1;s:2:\"NZ\";}','N;'),(35,'Moneybookers.PWY','Module\\CDev\\Moneybookers\\Model\\Payment\\Processor\\Moneybookers','CDev_Moneybookers',1270,0,1,0,'N',0,NULL,'a:1:{i:0;s:2:\"PL\";}','N;'),(36,'Moneybookers.PWY5','Module\\CDev\\Moneybookers\\Model\\Payment\\Processor\\Moneybookers','CDev_Moneybookers',1280,0,1,0,'N',0,NULL,'a:1:{i:0;s:2:\"NL\";}','N;'),(37,'Moneybookers.PWY6','Module\\CDev\\Moneybookers\\Model\\Payment\\Processor\\Moneybookers','CDev_Moneybookers',1290,0,1,0,'N',0,NULL,'a:1:{i:0;s:2:\"PL\";}','N;'),(38,'Moneybookers.PWY7','Module\\CDev\\Moneybookers\\Model\\Payment\\Processor\\Moneybookers','CDev_Moneybookers',1300,0,1,0,'N',0,NULL,'a:1:{i:0;s:2:\"PL\";}','N;'),(39,'Moneybookers.PWY14','Module\\CDev\\Moneybookers\\Model\\Payment\\Processor\\Moneybookers','CDev_Moneybookers',1310,0,1,0,'N',0,NULL,'a:1:{i:0;s:2:\"PL\";}','N;'),(40,'Moneybookers.PWY15','Module\\CDev\\Moneybookers\\Model\\Payment\\Processor\\Moneybookers','CDev_Moneybookers',1320,0,1,0,'N',0,NULL,'a:1:{i:0;s:2:\"PL\";}','N;'),(41,'Moneybookers.PWY17','Module\\CDev\\Moneybookers\\Model\\Payment\\Processor\\Moneybookers','CDev_Moneybookers',1330,0,1,0,'N',0,NULL,'a:1:{i:0;s:2:\"AE\";}','N;'),(42,'Moneybookers.PWY18','Module\\CDev\\Moneybookers\\Model\\Payment\\Processor\\Moneybookers','CDev_Moneybookers',1340,0,1,0,'N',0,NULL,'a:1:{i:0;s:2:\"PL\";}','N;'),(43,'Moneybookers.PWY19','Module\\CDev\\Moneybookers\\Model\\Payment\\Processor\\Moneybookers','CDev_Moneybookers',1350,0,1,0,'N',0,NULL,'a:1:{i:0;s:2:\"PL\";}','N;'),(44,'Moneybookers.PWY20','Module\\CDev\\Moneybookers\\Model\\Payment\\Processor\\Moneybookers','CDev_Moneybookers',1360,0,1,0,'N',0,NULL,'a:1:{i:0;s:2:\"PL\";}','N;'),(45,'Moneybookers.PWY21','Module\\CDev\\Moneybookers\\Model\\Payment\\Processor\\Moneybookers','CDev_Moneybookers',1370,0,1,0,'N',0,NULL,'a:1:{i:0;s:2:\"BG\";}','N;'),(46,'Moneybookers.PWY22','Module\\CDev\\Moneybookers\\Model\\Payment\\Processor\\Moneybookers','CDev_Moneybookers',1380,0,1,0,'N',0,NULL,'a:1:{i:0;s:2:\"CA\";}','N;'),(47,'Moneybookers.PWY25','Module\\CDev\\Moneybookers\\Model\\Payment\\Processor\\Moneybookers','CDev_Moneybookers',1390,0,1,0,'N',0,NULL,'a:1:{i:0;s:2:\"PL\";}','N;'),(48,'Moneybookers.PWY26','Module\\CDev\\Moneybookers\\Model\\Payment\\Processor\\Moneybookers','CDev_Moneybookers',1400,0,1,0,'C',0,NULL,'a:1:{i:0;s:2:\"PL\";}','N;'),(49,'Moneybookers.PWY28','Module\\CDev\\Moneybookers\\Model\\Payment\\Processor\\Moneybookers','CDev_Moneybookers',1410,0,1,0,'N',0,NULL,'a:1:{i:0;s:2:\"PL\";}','N;'),(50,'Moneybookers.PWY32','Module\\CDev\\Moneybookers\\Model\\Payment\\Processor\\Moneybookers','CDev_Moneybookers',1420,0,1,0,'N',0,NULL,'a:4:{i:0;s:2:\"SE\";i:1;s:2:\"FI\";i:2;s:2:\"NO\";i:3;s:2:\"DK\";}','N;'),(51,'Moneybookers.PWY33','Module\\CDev\\Moneybookers\\Model\\Payment\\Processor\\Moneybookers','CDev_Moneybookers',1430,0,1,0,'N',0,NULL,'a:4:{i:0;s:2:\"NL\";i:1;s:2:\"GB\";i:2;s:2:\"DE\";i:3;s:2:\"FR\";}','N;'),(52,'Moneybookers.PWY36','Module\\CDev\\Moneybookers\\Model\\Payment\\Processor\\Moneybookers','CDev_Moneybookers',1440,0,1,0,'N',0,NULL,'a:1:{i:0;s:2:\"DE\";}','N;'),(53,'Moneybookers.EPY','Module\\CDev\\Moneybookers\\Model\\Payment\\Processor\\Moneybookers','CDev_Moneybookers',1450,0,1,0,'N',0,NULL,'a:1:{i:0;s:2:\"BG\";}','N;'),(54,'PayflowLink','Module\\CDev\\Paypal\\Model\\Payment\\Processor\\PayflowLink','CDev_Paypal',-10600,0,1,0,'C',0,NULL,'a:4:{i:0;s:2:\"US\";i:1;s:2:\"CA\";i:2;s:2:\"AU\";i:3;s:2:\"NZ\";}','N;'),(55,'PaypalAdvanced','Module\\CDev\\Paypal\\Model\\Payment\\Processor\\PaypalAdvanced','CDev_Paypal',-10700,0,1,0,'C',0,NULL,'a:2:{i:0;s:2:\"US\";i:1;s:2:\"CA\";}','N;'),(56,'PaypalWPS','Module\\CDev\\Paypal\\Model\\Payment\\Processor\\PaypalWPS','CDev_Paypal',-10800,0,1,0,'A',0,NULL,'a:24:{i:0;s:2:\"US\";i:1;s:2:\"CA\";i:2;s:2:\"MX\";i:3;s:2:\"BE\";i:4;s:2:\"DK\";i:5;s:2:\"FR\";i:6;s:2:\"DE\";i:7;s:2:\"IE\";i:8;s:2:\"IT\";i:9;s:2:\"LU\";i:10;s:2:\"NL\";i:11;s:2:\"NO\";i:12;s:2:\"PL\";i:13;s:2:\"RU\";i:14;s:2:\"JP\";i:15;s:2:\"ES\";i:16;s:2:\"NZ\";i:17;s:2:\"BR\";i:18;s:2:\"SE\";i:19;s:2:\"GB\";i:20;s:2:\"AU\";i:21;s:2:\"CN\";i:22;s:2:\"IL\";i:23;s:2:\"SG\";}','N;'),(57,'ExpressCheckout','Module\\CDev\\Paypal\\Model\\Payment\\Processor\\ExpressCheckout','CDev_Paypal',-102000,0,1,1,'C',0,NULL,'a:23:{i:0;s:2:\"US\";i:1;s:2:\"MX\";i:2;s:2:\"BE\";i:3;s:2:\"DK\";i:4;s:2:\"FR\";i:5;s:2:\"DE\";i:6;s:2:\"IE\";i:7;s:2:\"IT\";i:8;s:2:\"LU\";i:9;s:2:\"NL\";i:10;s:2:\"NO\";i:11;s:2:\"PL\";i:12;s:2:\"RU\";i:13;s:2:\"JP\";i:14;s:2:\"ES\";i:15;s:2:\"NZ\";i:16;s:2:\"BR\";i:17;s:2:\"SE\";i:18;s:2:\"GB\";i:19;s:2:\"AU\";i:20;s:2:\"CN\";i:21;s:2:\"IL\";i:22;s:2:\"SG\";}','N;'),(58,'PaypalCredit','Module\\CDev\\Paypal\\Model\\Payment\\Processor\\PaypalCredit','CDev_Paypal',-11000,0,1,1,'C',0,NULL,'a:2:{i:0;s:2:\"US\";i:1;s:2:\"CA\";}','N;'),(59,'QuantumGateway','Module\\CDev\\Quantum\\Model\\Payment\\Processor\\Quantum','CDev_Quantum',-10000,0,1,0,'C',0,NULL,'a:1:{i:0;s:2:\"US\";}','N;'),(60,'2Checkout.com','Module\\CDev\\TwoCheckout\\Model\\Payment\\Processor\\TwoCheckout','CDev_TwoCheckout',-10500,0,1,0,'C',0,NULL,'N;','a:6:{i:0;s:2:\"KP\";i:1;s:2:\"CU\";i:2;s:2:\"IR\";i:3;s:2:\"SY\";i:4;s:2:\"SD\";i:5;s:2:\"MM\";}'),(61,'COD_USPS','Module\\CDev\\USPS\\Model\\Payment\\Processor\\COD','CDev_USPS',0,0,1,1,'O',0,NULL,'a:1:{i:0;s:2:\"US\";}','N;'),(62,'ePDQ e-Commerce','Module\\XC\\EPDQ\\Model\\Payment\\Processor\\EPDQ','XC_EPDQ',-10200,0,1,0,'C',0,NULL,'a:1:{i:0;s:2:\"GB\";}','N;'),(63,'iDEAL Professional','Module\\XC\\IdealPayments\\Model\\Payment\\Processor\\IdealProfessional','XC_IdealPayments',-10100,0,1,0,'C',0,NULL,'a:28:{i:0;s:2:\"NL\";i:1;s:2:\"BE\";i:2;s:2:\"BG\";i:3;s:2:\"CZ\";i:4;s:2:\"DK\";i:5;s:2:\"DE\";i:6;s:2:\"EE\";i:7;s:2:\"IE\";i:8;s:2:\"EL\";i:9;s:2:\"ES\";i:10;s:2:\"FR\";i:11;s:2:\"HR\";i:12;s:2:\"IT\";i:13;s:2:\"CY\";i:14;s:2:\"LV\";i:15;s:2:\"LT\";i:16;s:2:\"LU\";i:17;s:2:\"HU\";i:18;s:2:\"MT\";i:19;s:2:\"AT\";i:20;s:2:\"PL\";i:21;s:2:\"PT\";i:22;s:2:\"RO\";i:23;s:2:\"SI\";i:24;s:2:\"SK\";i:25;s:2:\"FI\";i:26;s:2:\"SE\";i:27;s:2:\"GB\";}','N;'),(64,'SagePay form protocol','Module\\XC\\SagePay\\Model\\Payment\\Processor\\SagePayForm','XC_SagePay',-101500,0,1,0,'C',0,NULL,'a:2:{i:0;s:2:\"GB\";i:1;s:2:\"IE\";}','N;'),(65,'Stripe','Module\\XC\\Stripe\\Model\\Payment\\Stripe','XC_Stripe',-10300,0,1,0,'C',0,NULL,'a:20:{i:0;s:2:\"AU\";i:1;s:2:\"CA\";i:2;s:2:\"DK\";i:3;s:2:\"US\";i:4;s:2:\"FI\";i:5;s:2:\"GB\";i:6;s:2:\"IE\";i:7;s:2:\"NO\";i:8;s:2:\"SE\";i:9;s:2:\"AT\";i:10;s:2:\"BE\";i:11;s:2:\"FR\";i:12;s:2:\"DE\";i:13;s:2:\"IT\";i:14;s:2:\"JP\";i:15;s:2:\"LU\";i:16;s:2:\"MX\";i:17;s:2:\"NL\";i:18;s:2:\"ES\";i:19;s:2:\"CH\";}','N;'),(66,'COD_UPS','Module\\XC\\UPS\\Model\\Payment\\Processor\\COD','XC_UPS',0,0,1,1,'O',0,NULL,'a:2:{i:0;s:2:\"US\";i:1;s:2:\"PR\";}','N;'),(67,'Ingenico Payment Services (Ogone)','Module\\XC\\OgoneEcommerce\\Model\\Payment\\Processor\\OgoneEcommerce','XC_OgoneEcommerce',0,0,1,0,'C',0,NULL,'a:63:{i:0;s:2:\"FR\";i:1;s:2:\"DE\";i:2;s:2:\"IT\";i:3;s:2:\"PT\";i:4;s:2:\"ES\";i:5;s:2:\"GB\";i:6;s:2:\"HU\";i:7;s:2:\"PL\";i:8;s:2:\"RU\";i:9;s:2:\"TR\";i:10;s:2:\"AI\";i:11;s:2:\"AG\";i:12;s:2:\"AR\";i:13;s:2:\"AW\";i:14;s:2:\"BS\";i:15;s:2:\"BB\";i:16;s:2:\"BZ\";i:17;s:2:\"BM\";i:18;s:2:\"BO\";i:19;s:2:\"BR\";i:20;s:2:\"VG\";i:21;s:2:\"KY\";i:22;s:2:\"CL\";i:23;s:2:\"CO\";i:24;s:2:\"CR\";i:25;s:2:\"CU\";i:26;s:2:\"DM\";i:27;s:2:\"DO\";i:28;s:2:\"EC\";i:29;s:2:\"SV\";i:30;s:2:\"FK\";i:31;s:2:\"GF\";i:32;s:2:\"GD\";i:33;s:2:\"GP\";i:34;s:2:\"GT\";i:35;s:2:\"GY\";i:36;s:2:\"HT\";i:37;s:2:\"HN\";i:38;s:2:\"JM\";i:39;s:2:\"MQ\";i:40;s:2:\"MX\";i:41;s:2:\"MS\";i:42;s:2:\"AN\";i:43;s:2:\"NI\";i:44;s:2:\"PA\";i:45;s:2:\"PY\";i:46;s:2:\"PE\";i:47;s:2:\"PR\";i:48;s:2:\"LC\";i:49;s:2:\"KN\";i:50;s:2:\"VC\";i:51;s:2:\"SR\";i:52;s:2:\"TT\";i:53;s:2:\"TC\";i:54;s:2:\"VI\";i:55;s:2:\"UY\";i:56;s:2:\"VE\";i:57;s:2:\"CA\";i:58;s:2:\"GL\";i:59;s:2:\"PM\";i:60;s:2:\"US\";i:61;s:2:\"BL\";i:62;s:2:\"MF\";}','N;'),(68,'Moneris (eSELECTplus- Hosted Pay Page)','Module\\XC\\ESelectHPP\\Model\\Payment\\Processor\\ESelectHPP','XC_ESelectHPP',0,0,1,0,'C',0,NULL,'a:2:{i:0;s:2:\"US\";i:1;s:2:\"CA\";}','N;');
CREATE TABLE `xlite_payment_transaction_data` (
  `data_id` int(11) NOT NULL AUTO_INCREMENT,
  `transaction_id` int(11) DEFAULT NULL,
  `name` varchar(128) COLLATE utf8_unicode_ci NOT NULL,
  `label` varchar(255) COLLATE utf8_unicode_ci NOT NULL,
  `access_level` char(1) COLLATE utf8_unicode_ci NOT NULL,
  `value` longtext COLLATE utf8_unicode_ci NOT NULL,
  PRIMARY KEY (`data_id`),
  KEY `IDX_BA8F92A12FC0CB0F` (`transaction_id`),
  KEY `tn` (`transaction_id`,`name`),
  CONSTRAINT `FK_BA8F92A12FC0CB0F` FOREIGN KEY (`transaction_id`) REFERENCES `xlite_payment_transactions` (`transaction_id`) ON DELETE CASCADE
) ENGINE=InnoDB DEFAULT CHARSET=utf8 COLLATE=utf8_unicode_ci;
CREATE TABLE `xlite_payment_transactions` (
  `transaction_id` int(11) NOT NULL AUTO_INCREMENT,
  `order_id` int(11) DEFAULT NULL,
  `method_id` int(11) DEFAULT NULL,
  `currency_id` int(10) unsigned DEFAULT NULL,
  `date` int(11) NOT NULL,
  `publicTxnId` varchar(16) COLLATE utf8_unicode_ci DEFAULT NULL,
  `method_name` varchar(128) COLLATE utf8_unicode_ci NOT NULL,
  `method_local_name` varchar(255) COLLATE utf8_unicode_ci NOT NULL,
  `status` char(1) COLLATE utf8_unicode_ci NOT NULL,
  `value` decimal(14,4) NOT NULL,
  `note` varchar(255) COLLATE utf8_unicode_ci NOT NULL,
  `type` varchar(16) COLLATE utf8_unicode_ci NOT NULL,
  `public_id` varchar(255) COLLATE utf8_unicode_ci NOT NULL,
  PRIMARY KEY (`transaction_id`),
  KEY `IDX_33CBDC008D9F6D38` (`order_id`),
  KEY `IDX_33CBDC0019883967` (`method_id`),
  KEY `IDX_33CBDC0038248176` (`currency_id`),
  KEY `status` (`status`),
  KEY `o` (`order_id`,`status`),
  KEY `pm` (`method_id`,`status`),
  KEY `publicTxnId` (`publicTxnId`),
  CONSTRAINT `FK_33CBDC0038248176` FOREIGN KEY (`currency_id`) REFERENCES `xlite_currencies` (`currency_id`),
  CONSTRAINT `FK_33CBDC0019883967` FOREIGN KEY (`method_id`) REFERENCES `xlite_payment_methods` (`method_id`) ON DELETE SET NULL,
  CONSTRAINT `FK_33CBDC008D9F6D38` FOREIGN KEY (`order_id`) REFERENCES `xlite_orders` (`order_id`) ON DELETE CASCADE
) ENGINE=InnoDB DEFAULT CHARSET=utf8 COLLATE=utf8_unicode_ci;
INSERT INTO `xlite_payment_transactions` VALUES (1,1,4,NULL,1440762506,'GOMGYpDJhchZgvDC','MoneyOrdering','Money Order','S',110.6500,'','sale','GOMGYpDJhchZgvDC'),(2,2,4,NULL,1440762507,'Xd166c1a8YXqLo30','MoneyOrdering','Money Order','S',110.6500,'','sale','Xd166c1a8YXqLo30'),(3,3,4,NULL,1440762507,'NfbrJmOKvhqKNBRI','MoneyOrdering','Money Order','S',110.6500,'','sale','NfbrJmOKvhqKNBRI'),(4,4,2,NULL,1440762507,'02OyEgSwWSeNoOj0','PhoneOrdering','Phone Ordering','W',206.4800,'','sale','02OyEgSwWSeNoOj0'),(5,5,2,NULL,1440762508,'aX5osORHkkWlLtCV','PhoneOrdering','Phone Ordering','W',264.0900,'','sale','aX5osORHkkWlLtCV'),(6,6,2,NULL,1440762508,'d1pUWQmVgGlb_0jp','PhoneOrdering','Phone Ordering','W',264.0900,'','sale','d1pUWQmVgGlb_0jp'),(7,7,2,NULL,1440762509,'9dywnLdALy1pH1kY','PhoneOrdering','Phone Ordering','W',264.0900,'','sale','9dywnLdALy1pH1kY'),(8,8,2,NULL,1440762510,'9TPcD9UBru018C83','PhoneOrdering','Phone Ordering','W',264.0900,'','sale','9TPcD9UBru018C83');
CREATE TABLE `xlite_permission_translations` (
  `label_id` int(11) NOT NULL AUTO_INCREMENT,
  `id` int(10) unsigned DEFAULT NULL,
  `name` varchar(255) COLLATE utf8_unicode_ci NOT NULL,
  `description` longtext COLLATE utf8_unicode_ci NOT NULL,
  `code` char(2) COLLATE utf8_unicode_ci NOT NULL,
  PRIMARY KEY (`label_id`),
  KEY `IDX_98B75E86BF396750` (`id`),
  CONSTRAINT `FK_98B75E86BF396750` FOREIGN KEY (`id`) REFERENCES `xlite_permissions` (`id`) ON DELETE CASCADE
) ENGINE=InnoDB DEFAULT CHARSET=utf8 COLLATE=utf8_unicode_ci;
INSERT INTO `xlite_permission_translations` VALUES (1,1,'Root access','','en'),(2,2,'Manage catalog','','en'),(3,3,'Manage users','','en'),(4,4,'Manage administrators','','en'),(5,5,'Manage orders','','en'),(6,6,'Manage import','','en'),(7,7,'Manage export','','en'),(8,8,'Manage coupons','','en'),(9,9,'Manage custom pages','','en'),(10,10,'Manage menus','','en'),(11,11,'Manage volume discounts','','en');
CREATE TABLE `xlite_permissions` (
  `id` int(10) unsigned NOT NULL AUTO_INCREMENT,
  `enabled` tinyint(1) NOT NULL,
  `code` char(32) COLLATE utf8_unicode_ci NOT NULL,
  `section` varchar(128) COLLATE utf8_unicode_ci NOT NULL,
  PRIMARY KEY (`id`)
) ENGINE=InnoDB DEFAULT CHARSET=utf8 COLLATE=utf8_unicode_ci;
INSERT INTO `xlite_permissions` VALUES (1,1,'root access','All'),(2,1,'manage catalog','Catalog'),(3,1,'manage users','Users'),(4,1,'manage admins','Users'),(5,1,'manage orders','Sales'),(6,1,'manage import','Import and Export'),(7,1,'manage export','Import and Export'),(8,1,'manage coupons','Coupons'),(9,1,'manage custom pages','Content'),(10,1,'manage menus','Content'),(11,1,'manage volume discounts','Volume discounts');
CREATE TABLE `xlite_product_auction_inc` (
  `id` int(10) unsigned NOT NULL AUTO_INCREMENT,
  `product_id` int(10) unsigned DEFAULT NULL,
  `calculationMethod` char(1) COLLATE utf8_unicode_ci NOT NULL,
  `package` char(1) COLLATE utf8_unicode_ci NOT NULL,
  `dimensions` longtext COLLATE utf8_unicode_ci NOT NULL COMMENT '(DC2Type:array)',
  `weightUOM` char(3) COLLATE utf8_unicode_ci NOT NULL,
  `dimensionsUOM` char(2) COLLATE utf8_unicode_ci NOT NULL,
  `insurable` char(1) COLLATE utf8_unicode_ci NOT NULL,
  `originCode` varchar(20) COLLATE utf8_unicode_ci NOT NULL,
  `onDemand` longtext COLLATE utf8_unicode_ci NOT NULL COMMENT '(DC2Type:array)',
  `supplementalItemHandlingMode` char(1) COLLATE utf8_unicode_ci NOT NULL,
  `supplementalItemHandlingCode` varchar(20) COLLATE utf8_unicode_ci NOT NULL,
  `supplementalItemHandlingFee` decimal(14,4) NOT NULL COMMENT '(DC2Type:money)',
  `carrierAccessorialFees` longtext COLLATE utf8_unicode_ci NOT NULL COMMENT '(DC2Type:array)',
  `fixedFeeMode` char(1) COLLATE utf8_unicode_ci NOT NULL,
  `fixedFeeCode` varchar(32) COLLATE utf8_unicode_ci NOT NULL,
  `fixedFee1` decimal(14,4) NOT NULL COMMENT '(DC2Type:money)',
  `fixedFee2` decimal(14,4) NOT NULL COMMENT '(DC2Type:money)',
  PRIMARY KEY (`id`),
  UNIQUE KEY `UNIQ_7255AEEA4584665A` (`product_id`),
  CONSTRAINT `FK_7255AEEA4584665A` FOREIGN KEY (`product_id`) REFERENCES `xlite_products` (`product_id`) ON DELETE CASCADE
) ENGINE=InnoDB DEFAULT CHARSET=utf8 COLLATE=utf8_unicode_ci;
CREATE TABLE `xlite_product_class_coupons` (
  `coupon_id` int(10) unsigned NOT NULL,
  `class_id` int(10) unsigned NOT NULL,
  PRIMARY KEY (`coupon_id`,`class_id`),
  KEY `IDX_684B0DA666C5951B` (`coupon_id`),
  KEY `IDX_684B0DA6EA000B10` (`class_id`),
  CONSTRAINT `FK_684B0DA6EA000B10` FOREIGN KEY (`class_id`) REFERENCES `xlite_product_classes` (`id`) ON DELETE CASCADE,
  CONSTRAINT `FK_684B0DA666C5951B` FOREIGN KEY (`coupon_id`) REFERENCES `xlite_coupons` (`id`) ON DELETE CASCADE
) ENGINE=InnoDB DEFAULT CHARSET=utf8 COLLATE=utf8_unicode_ci;
CREATE TABLE `xlite_product_class_translations` (
  `label_id` int(11) NOT NULL AUTO_INCREMENT,
  `id` int(10) unsigned DEFAULT NULL,
  `name` varchar(255) COLLATE utf8_unicode_ci NOT NULL,
  `code` char(2) COLLATE utf8_unicode_ci NOT NULL,
  PRIMARY KEY (`label_id`),
  KEY `IDX_8471715FBF396750` (`id`),
  KEY `ci` (`code`,`id`),
  CONSTRAINT `FK_8471715FBF396750` FOREIGN KEY (`id`) REFERENCES `xlite_product_classes` (`id`) ON DELETE CASCADE
) ENGINE=InnoDB DEFAULT CHARSET=utf8 COLLATE=utf8_unicode_ci;
INSERT INTO `xlite_product_class_translations` VALUES (1,1,'Apparel','en'),(4,1,'Одежда','ru');
CREATE TABLE `xlite_product_classes` (
  `id` int(10) unsigned NOT NULL AUTO_INCREMENT,
  `position` int(11) NOT NULL,
  PRIMARY KEY (`id`)
) ENGINE=InnoDB DEFAULT CHARSET=utf8 COLLATE=utf8_unicode_ci;
INSERT INTO `xlite_product_classes` VALUES (1,0);
CREATE TABLE `xlite_product_images` (
  `id` int(10) unsigned NOT NULL AUTO_INCREMENT,
  `product_id` int(10) unsigned DEFAULT NULL,
  `orderby` int(11) NOT NULL,
  `alt` varchar(255) COLLATE utf8_unicode_ci NOT NULL,
  `width` int(11) NOT NULL,
  `height` int(11) NOT NULL,
  `hash` char(32) COLLATE utf8_unicode_ci DEFAULT NULL,
  `needProcess` tinyint(1) NOT NULL,
  `path` varchar(512) COLLATE utf8_unicode_ci NOT NULL,
  `fileName` varchar(255) COLLATE utf8_unicode_ci NOT NULL,
  `mime` varchar(128) COLLATE utf8_unicode_ci NOT NULL,
  `storageType` varchar(1) COLLATE utf8_unicode_ci NOT NULL,
  `size` int(10) unsigned NOT NULL,
  `date` int(10) unsigned NOT NULL,
  PRIMARY KEY (`id`),
  KEY `IDX_142C546A4584665A` (`product_id`),
  CONSTRAINT `FK_142C546A4584665A` FOREIGN KEY (`product_id`) REFERENCES `xlite_products` (`product_id`) ON DELETE CASCADE
) ENGINE=InnoDB DEFAULT CHARSET=utf8 COLLATE=utf8_unicode_ci;
INSERT INTO `xlite_product_images` VALUES (1,1,-10,'Planet Express Babydoll',500,494,NULL,1,'demo_p4003.jpeg','','image/jpeg','r',29749,1280310731),(2,2,0,'Front',220,355,NULL,1,'demo_d4004_1.jpeg','','image/jpeg','r',14696,1440762501),(3,2,-10,'Digital Angel',489,500,NULL,1,'demo_p4004.jpeg','','image/jpeg','r',115220,1440762501),(4,3,0,'Close up',400,283,NULL,1,'demo_d4009_1.jpeg','','image/jpeg','r',23325,1440762501),(5,3,1,'In use',400,491,NULL,1,'demo_d4009_2.jpeg','','image/jpeg','r',23816,1440762501),(6,3,-1,'Electronic Drum Kit Shirt',400,473,NULL,1,'demo_p4009.gif','','image/gif','r',111939,1440762501),(7,4,0,'Retro Packaging',400,370,NULL,1,'demo_d4012_1.jpeg','','image/jpeg','r',28746,1440762501),(8,4,1,'It\'s fun',400,377,NULL,1,'demo_d4012_2.jpeg','','image/jpeg','r',27496,1440762501),(9,4,-1,'Collector\'s Edition Slinky',400,297,NULL,1,'demo_p4012.jpeg','','image/jpeg','r',33532,1440762501),(10,5,0,'Stack Pack 3-Pack',400,551,NULL,1,'demo_d4031_1.jpeg','','image/jpeg','r',24679,1440762501),(11,5,-1,'Acrobots',298,500,NULL,1,'demo_p4031.jpeg','','image/jpeg','r',53557,1440762501),(12,6,-10,'Mini Solar-Powered Car',400,323,NULL,1,'demo_p4042.jpeg','','image/jpeg','r',65760,1280310731),(13,6,0,'Solar car in hand',400,277,NULL,1,'demo_d4042_1.jpeg','','image/jpeg','r',59968,1440762501),(14,6,1,'In packaging',400,257,NULL,1,'demo_d4042_2.jpeg','','image/jpeg','r',54455,1440762501),(15,7,-10,'Pyramid Brain Twist',400,408,NULL,1,'demo_p4045.jpeg','','image/jpeg','r',51049,1280310731),(16,7,0,'Pyramid Power!',400,279,NULL,1,'demo_d4045_1.jpeg','','image/jpeg','r',20764,1440762501),(17,8,-10,'Heart Hand Warmer',400,330,NULL,1,'demo_p4043.jpeg','','image/jpeg','r',52150,1280310731),(18,9,-10,'Robo-Q Tiny R/C Robot',400,274,NULL,1,'demo_p159702.jpeg','','image/jpeg','r',29414,1280310731),(19,9,0,'Robo-Q Tiny R/C Robot',400,140,NULL,1,'demo_d159702_1.jpeg','','image/jpeg','r',15801,1440762501),(20,9,1,'Autonomous navigation',400,266,NULL,1,'demo_d159702_2.jpeg','','image/jpeg','r',24827,1440762501),(21,10,-10,'Thumb-Size R/C Mini Cooper',400,392,NULL,1,'demo_p4049.jpeg','','image/jpeg','r',22506,1280310731),(22,10,0,'Actual size',400,400,NULL,1,'demo_d4049_1.jpeg','','image/jpeg','r',22224,1440762501),(23,11,-10,'Self-Rescuing Princess',400,395,NULL,1,'demo_p4005.jpeg','','image/jpeg','r',25085,1280310731),(24,12,-10,'Planet Express',385,500,NULL,1,'demo_p4008.jpeg','','image/jpeg','r',127001,1280310731),(25,13,-10,'Wi-Fi Detector Shirt',423,500,NULL,1,'demo_p4010.gif','','image/gif','r',83550,1280310731),(26,14,-10,'Caffeine Molecule',389,500,NULL,1,'demo_p4007.jpeg','','image/jpeg','r',55102,1280310731),(27,15,-10,'Nanotechnology is Huge',382,500,NULL,1,'demo_p4006.jpeg','','image/jpeg','r',63238,1280310731),(28,16,-10,'Binary Mom',389,500,NULL,1,'demo_p3002.jpeg','','image/jpeg','r',48294,1280310731),(29,17,-10,'',378,500,NULL,1,'demo_p159704.jpeg','','image/jpeg','r',80309,1280310731),(30,17,0,'',400,428,NULL,1,'demo_d159704_1.gif','','image/gif','r',794960,1440762501),(31,18,-10,'Dark Blade 3-Channel R/C Helicopter',388,500,NULL,1,'demo_p4052.jpeg','','image/jpeg','r',65497,1280310731),(32,18,0,'Precise control',400,303,NULL,1,'demo_d4052_1.jpeg','','image/jpeg','r',21087,1440762501),(33,18,1,'Smallest 3-channel copter',400,295,NULL,1,'demo_d4052_2.jpeg','','image/jpeg','r',17109,1440762501),(34,19,-10,'',400,379,NULL,1,'demo_p4056.jpeg','','image/jpeg','r',29951,1280310731),(35,20,-10,'R/C Desktop Forklift',400,391,NULL,1,'demo_p4054.jpeg','','image/jpeg','r',29629,1280310731),(36,20,0,'Keep tight reigns on your tiny subject',400,447,NULL,1,'demo_d4054_1.jpeg','','image/jpeg','r',23671,1440762501),(37,21,-10,'',400,305,NULL,1,'demo_p4038.jpeg','','image/jpeg','r',31425,1280310731),(38,21,0,'',550,308,NULL,1,'demo_d4038_1.jpeg','','image/jpeg','r',79007,1440762501),(39,22,-10,'ChoroQ Qsteer Mario Kart R/C Racers',400,300,NULL,1,'demo_p4050.jpeg','','image/jpeg','r',76513,1280310731),(40,22,0,'Mario Kart on your desk!',400,272,NULL,1,'demo_d4050_1.jpeg','','image/jpeg','r',66432,1440762501),(41,23,-10,'R/C Airsoft Battle Tanks',410,300,NULL,1,'demo_p4053.jpeg','','image/jpeg','r',69309,1280310731),(42,23,0,'ammo',400,300,NULL,1,'demo_d4053_1.jpeg','','image/jpeg','r',11206,1440762501),(43,23,1,'Tank Dude, Ammo In Background',400,300,NULL,1,'demo_d4053_2.jpeg','','image/jpeg','r',13482,1440762501),(44,23,2,'Ammo Load Zone',400,300,NULL,1,'demo_d4053_3.jpeg','','image/jpeg','r',19442,1440762501),(45,23,3,'Remote',286,400,NULL,1,'demo_d4053_4.jpeg','','image/jpeg','r',8530,1440762501),(46,23,4,'R/C Airsoft Battle Tanks',400,632,NULL,1,'demo_d4053_5.jpeg','','image/jpeg','r',42121,1440762501),(47,24,-10,'SRV-1 Blackfin Mobile Surveillance Robot',400,417,NULL,1,'demo_p4055.jpeg','','image/jpeg','r',24232,1280310731),(48,24,0,'Interface',382,527,NULL,1,'demo_d4055_1.jpeg','','image/jpeg','r',60774,1440762501),(49,24,1,'Office Moon mission',400,278,NULL,1,'demo_d4055_2.jpeg','','image/jpeg','r',17385,1440762501),(50,25,-10,'MicroFly Tiny R/C Hovering UFO',381,500,NULL,1,'demo_p4051.jpeg','','image/jpeg','r',57396,1280310731),(51,25,0,'Amazing tiny size!',400,536,NULL,1,'demo_d4051_1.jpeg','','image/jpeg','r',29007,1440762501),(52,25,1,'Alien invasion!',400,261,NULL,1,'demo_d4051_2.jpeg','','image/jpeg','r',14372,1440762501),(53,26,-10,'Pentago',400,330,NULL,1,'demo_p4046.jpeg','','image/jpeg','r',21372,1280310731),(54,26,0,'Rotating a Quadrant',400,396,NULL,1,'demo_d4046_1.jpeg','','image/jpeg','r',29017,1440762501),(55,27,-10,'Rubik\'s Cube',400,410,NULL,1,'demo_p4047.jpeg','','image/jpeg','r',27543,1280310731),(56,28,-10,'Rubik\'s Mirror Blocks Cube',400,374,NULL,1,'demo_p4048.gif','','image/gif','r',179960,1280310731),(57,28,0,'On desk',400,282,NULL,1,'demo_d4048_1.jpeg','','image/jpeg','r',54926,1440762501),(58,29,-10,'Crystal Growing Kit',400,300,NULL,1,'demo_p4039.jpeg','','image/jpeg','r',24107,1280310731),(59,29,0,'Pour the solution . . . grow the crystals!',400,400,NULL,1,'demo_d4039_1.jpeg','','image/jpeg','r',24886,1440762501),(60,29,1,'All the parts',400,400,NULL,1,'demo_d4039_2.jpeg','','image/jpeg','r',55213,1440762501),(61,30,-10,'LaQ Japanese Building Set',400,349,NULL,1,'demo_p4040.jpeg','','image/jpeg','r',18863,1280310731),(62,30,0,'Boxes',500,147,NULL,1,'demo_d4040_1.jpeg','','image/jpeg','r',69498,1440762501),(63,31,-10,'Game of Life Kit',400,398,NULL,1,'demo_p4041.jpeg','','image/jpeg','r',28252,1280310731),(64,31,0,'Parts',400,265,NULL,1,'demo_d4041_1.jpeg','','image/jpeg','r',21708,1440762501),(65,32,-10,'Classic Video Table Tennis Kit',400,383,NULL,1,'demo_p4044.jpeg','','image/jpeg','r',31441,1280310731),(66,32,0,'What You Get',400,287,NULL,1,'demo_d4044_1.jpeg','','image/jpeg','r',24787,1440762501),(67,32,1,'Two-Player Action!',400,322,NULL,1,'demo_d4044_2.jpeg','','image/jpeg','r',24819,1440762501),(68,32,2,'Screenshot',400,247,NULL,1,'demo_d4044_3.jpeg','','image/jpeg','r',6002,1440762501),(69,33,-10,'',400,326,NULL,1,'demo_p4035.jpeg','','image/jpeg','r',21306,1280310731),(70,34,-10,'',400,312,NULL,1,'demo_p4034.jpeg','','image/jpeg','r',36619,1280310731),(71,35,-10,'',400,275,NULL,1,'demo_p4017.jpeg','','image/jpeg','r',13260,1280310731),(72,36,-10,'Bare Metal Bender Wind-up',297,500,NULL,1,'demo_p4015.jpeg','','image/jpeg','r',59276,1280310731),(73,36,0,'Robot Oil (Bare Metal Bender)',220,164,NULL,1,'demo_d4015_1.jpeg','','image/jpeg','r',6701,1440762501),(74,36,1,'Chest Opens! (Bare Metal Bender)',220,173,NULL,1,'demo_d4015_2.jpeg','','image/jpeg','r',9345,1440762501),(75,37,-10,'Smart Mass Thinking Putty',401,500,NULL,1,'demo_p4032.jpeg','','image/jpeg','r',36485,1280310731),(76,37,0,'Alien Ooze (Inert!)',400,379,NULL,1,'demo_d4032_1.jpeg','','image/jpeg','r',4637,1440762501),(77,37,1,'Alien Ooze (Glowing!)',400,400,NULL,1,'demo_d4032_2.jpeg','','image/jpeg','r',9811,1440762501),(78,37,2,'Atmosphere',400,379,NULL,1,'demo_d4032_3.jpeg','','image/jpeg','r',15392,1440762501),(79,37,3,'Atomic Bronze',400,379,NULL,1,'demo_d4032_4.jpeg','','image/jpeg','r',18272,1440762501),(80,37,4,'Dark Matter',400,379,NULL,1,'demo_d4032_5.jpeg','','image/jpeg','r',10766,1440762501),(81,37,5,'Martian Sea',400,413,NULL,1,'demo_d4032_6.jpeg','','image/jpeg','r',19117,1440762501),(82,37,6,'Oil Slick',400,379,NULL,1,'demo_d4032_7.jpeg','','image/jpeg','r',15285,1440762501),(83,37,7,'Solar Blue',400,379,NULL,1,'demo_d4032_8.jpeg','','image/jpeg','r',13070,1440762501),(84,37,8,'Sunburst (Morphs from Orange to Yellow)',400,355,NULL,1,'demo_d4032_9.jpeg','','image/jpeg','r',13097,1440762501),(85,37,9,'Twilight (Morphs from Lt Blue to Dark Purple)',400,355,NULL,1,'demo_d4032_10.jpeg','','image/jpeg','r',15065,1440762501),(86,38,-10,'',212,500,NULL,1,'demo_p4019.jpeg','','image/jpeg','r',51948,1280310731),(87,39,-10,'Yoda Plush Backpack',400,454,NULL,1,'demo_p4024.jpeg','','image/jpeg','r',26961,1280310731),(88,39,0,'Jedi Training',400,507,NULL,1,'demo_d4024_1.jpeg','','image/jpeg','r',38153,1440762501),(89,39,1,'Zippered Backpack',400,428,NULL,1,'demo_d4024_2.jpeg','','image/jpeg','r',25557,1440762501),(90,39,2,'Close Up',400,395,NULL,1,'demo_d4024_3.jpeg','','image/jpeg','r',31686,1440762501),(91,39,3,'Jedi Gettin\' Tough',400,402,NULL,1,'demo_d4024_4.jpeg','','image/jpeg','r',60090,1440762501),(92,39,4,'Stuffed Backpack',400,421,NULL,1,'demo_d4024_5.jpeg','','image/jpeg','r',26850,1440762501);
CREATE TABLE `xlite_product_membership_links` (
  `product_id` int(10) unsigned NOT NULL,
  `membership_id` int(10) unsigned NOT NULL,
  PRIMARY KEY (`product_id`,`membership_id`),
  KEY `IDX_E924C4344584665A` (`product_id`),
  KEY `IDX_E924C4341FB354CD` (`membership_id`),
  CONSTRAINT `FK_E924C4341FB354CD` FOREIGN KEY (`membership_id`) REFERENCES `xlite_memberships` (`membership_id`) ON DELETE CASCADE,
  CONSTRAINT `FK_E924C4344584665A` FOREIGN KEY (`product_id`) REFERENCES `xlite_products` (`product_id`) ON DELETE CASCADE
) ENGINE=InnoDB DEFAULT CHARSET=utf8 COLLATE=utf8_unicode_ci;
CREATE TABLE `xlite_product_stats` (
  `stat_id` int(10) unsigned NOT NULL AUTO_INCREMENT,
  `viewed_product_id` int(10) unsigned DEFAULT NULL,
  `bought_product_id` int(10) unsigned DEFAULT NULL,
  `count` int(10) unsigned NOT NULL,
  PRIMARY KEY (`stat_id`),
  KEY `IDX_B01836BC658EF086` (`viewed_product_id`),
  KEY `IDX_B01836BC3BA20971` (`bought_product_id`),
  CONSTRAINT `FK_B01836BC3BA20971` FOREIGN KEY (`bought_product_id`) REFERENCES `xlite_products` (`product_id`) ON DELETE CASCADE,
  CONSTRAINT `FK_B01836BC658EF086` FOREIGN KEY (`viewed_product_id`) REFERENCES `xlite_products` (`product_id`) ON DELETE CASCADE
) ENGINE=InnoDB DEFAULT CHARSET=utf8 COLLATE=utf8_unicode_ci;
CREATE TABLE `xlite_product_tab_translations` (
  `label_id` int(11) NOT NULL AUTO_INCREMENT,
  `id` int(10) unsigned DEFAULT NULL,
  `name` varchar(255) COLLATE utf8_unicode_ci NOT NULL,
  `content` longtext COLLATE utf8_unicode_ci NOT NULL,
  `code` char(2) COLLATE utf8_unicode_ci NOT NULL,
  PRIMARY KEY (`label_id`),
  KEY `IDX_D669DEC9BF396750` (`id`),
  CONSTRAINT `FK_D669DEC9BF396750` FOREIGN KEY (`id`) REFERENCES `xlite_product_tabs` (`id`) ON DELETE CASCADE
) ENGINE=InnoDB DEFAULT CHARSET=utf8 COLLATE=utf8_unicode_ci;
CREATE TABLE `xlite_product_tabs` (
  `id` int(10) unsigned NOT NULL AUTO_INCREMENT,
  `product_id` int(10) unsigned DEFAULT NULL,
  `position` int(11) NOT NULL,
  `enabled` tinyint(1) NOT NULL,
  PRIMARY KEY (`id`),
  KEY `IDX_F5B7716D4584665A` (`product_id`),
  CONSTRAINT `FK_F5B7716D4584665A` FOREIGN KEY (`product_id`) REFERENCES `xlite_products` (`product_id`) ON DELETE CASCADE
) ENGINE=InnoDB DEFAULT CHARSET=utf8 COLLATE=utf8_unicode_ci;
CREATE TABLE `xlite_product_translations` (
  `label_id` int(11) NOT NULL AUTO_INCREMENT,
  `id` int(10) unsigned DEFAULT NULL,
  `name` varchar(255) COLLATE utf8_unicode_ci NOT NULL,
  `description` longtext COLLATE utf8_unicode_ci NOT NULL,
  `briefDescription` longtext COLLATE utf8_unicode_ci NOT NULL,
  `metaTags` varchar(255) COLLATE utf8_unicode_ci NOT NULL,
  `metaDesc` longtext COLLATE utf8_unicode_ci NOT NULL,
  `metaTitle` varchar(255) COLLATE utf8_unicode_ci NOT NULL,
  `code` char(2) COLLATE utf8_unicode_ci NOT NULL,
  PRIMARY KEY (`label_id`),
  KEY `IDX_F48089BABF396750` (`id`),
  KEY `ci` (`code`,`id`),
  KEY `name` (`name`),
  CONSTRAINT `FK_F48089BABF396750` FOREIGN KEY (`id`) REFERENCES `xlite_products` (`product_id`) ON DELETE CASCADE
) ENGINE=InnoDB DEFAULT CHARSET=utf8 COLLATE=utf8_unicode_ci;
INSERT INTO `xlite_product_translations` VALUES (1,1,'Planet Express Babydoll','','','','','','en'),(2,2,'Digital Angel','','','','','','en'),(3,3,'Electronic Drum Kit Shirt','','','','','','en'),(4,4,'Collector\'s Edition Slinky','<h5>It\'s SLINKY!</h5>\n<p>Everybody sing! <em>\"What falls down stairs and rolls out of chairs and makes a jingly sound?\"</em> No, it\'s not grandma. It\'s SLINKY! Everyone knows the Slinky song (the real one) because it is has been running continuously on television longer than any other commercial jingle (since 1962). To celebrate this simple, fun, and timeless toy, we\'re proudly offering the Collector\'s Edition Slinky to you, our friends.</p>\n<p>Your Slinky will arrive in a simple cardboard box sporting the original package design. Not only that, but your Slinky will look just like it did when it was created in 1945 (dark metal - not silvery or plastic-y like you might remember). And keep in mind, a Slinky is not just a toy; it can be a great tool to show science stuff - like wave motion. So learn and play with Slinky. It\'s more than just a spring; it\'s a wonderful thing!</p>\n<p>Box measures 3\" x 3\" x 2.5\" - Slinky fits inside and can stretch much, much longer.</p>\n<div style=\"padding: 24px 24px 24px 21px; display: block; \" class=\"this-is-demo-store\">This site is a demo site only. This product is not available for sale at our site. <br />But you can buy it at <a href=\"http://www.anrdoezrs.net/click-3652263-10356311?url=http%3A%2F%2Fwww.thinkgeek.com%2Fgeektoys%2Fcubegoodies%2F9a73%2F%3Fref%3Dc\" target=\"_top\">ThinkGeek Cube Goodies</a><img src=\"//www.tqlkg.com/image-3652263-10356311\" border=\"0\" alt=\"\" width=\"1\" height=\"1\" />, this is where we took description from.</div>','','','','','en'),(5,5,'Acrobots','<h5>Futuristic, Posable, Magnetic, Acrobots!</h5>\n<p>Articulated, stackable and very artistic, Acrobots feature crystal clear round heads, magnets in their hands and feet, flexible joints and the ability to contort into hundreds of shapes. Pose them gracefully and stick \'em on metallic stuff. Great to fidget with.</p>\n<p>Get a bunch! They love to play together and they\'ll stay happier longer. You want your Acrobots to be happy don\'t you? Oh, and never forget that no matter what happens - YOU are always their King. That way you can never feel guilty about how you pose them. Assorted colors.</p>\n<p><strong>Dimensions:</strong> About 4\" tall. Includes 1 Acrobot (random color) containing 6 pivot points.</p>\n<div style=\"padding: 24px 24px 24px 21px; display: block; \" class=\"this-is-demo-store\">This site is a demo site only. This product is not available for sale at our site. <br />But you can buy it at <a href=\"http://www.jdoqocy.com/click-3652263-10356311?url=http%3A%2F%2Fwww.thinkgeek.com%2Fgeektoys%2Fcubegoodies%2F6748%2F%3Fref%3Dc\" target=\"_top\">ThinkGeek Cube Goodies</a><img src=\"//www.ftjcfx.com/image-3652263-10356311\" border=\"0\" alt=\"\" width=\"1\" height=\"1\" />, this is where we took description from.</div>','','','','','en'),(6,6,'Mini Solar-Powered Car','<h5>Car is tiny, power source is very large</h5>\n<p>Solar cars are, unfortunately, still in the research and development phase, although we saw one recently that drove from Texas to New York in 5 days. Despite being impressive, it\'ll likely be years before we have one sitting in the driveway, charging. Until then this working miniature model will have to keep us entertained.</p>\n<p>The world\'s smallest solar powered car - it zooms along when the sun shines on the solar panel. No batteries - it gets its power just from the sun. No assembly required. Measures a tiny 3.3 x 2.2 x 1.4 cm. When the sun shines on the solar panel, the panel makes electricity that turns the motor and the wheels. A fun demonstration of solar power. Will also work when close to a strong artificial light source. Not for children under 3 years old, due to small parts.</p>\n<div style=\"padding: 24px 24px 24px 21px; display: block; \" class=\"this-is-demo-store\">This site is a demo site only. This product is not available for sale at our site. <br />But you can buy it at <a href=\"http://www.anrdoezrs.net/click-3652263-10356324?url=http%3A%2F%2Fwww.thinkgeek.com%2Fgeektoys%2Fscience%2F9e8d%2F%3Fref%3Dc\" target=\"_top\">ThinkGeek.com</a><img src=\"//www.tqlkg.com/image-3652263-10356324\" border=\"0\" alt=\"\" width=\"1\" height=\"1\" />, this is where we took description from.</div>','','','','','en'),(7,7,'Pyramid Brain Twist','<h5>A new dimension in puzzles!</h5>\n<p>When trying to solve The Cube, you had to train your brain to keep track of individual tiles as they travelled around the six-sided surface. So, you think that if we reduce the number of sides to four it might be easier? Think again!</p>\n<p>This colorful pyramid puzzle features four sides and four axes of rotation, but wait! Pull the points apart, and your pyramid turns inside out! Now you have a different set of colors, and the orientation of your original colored tiles will immediately come into question. Was that blue tile over here, or over there? Wait, where did that red one go, then?</p>\n<p>&nbsp;</p>\n<p>With only thirty-five million combinations, it should be a piece of cake, right? You\'ll just have to try it and see for yourself just how turned around you can get. I wouldn\'t be surprised if you were able to get all four sides to match up, but flip the tiles over and you may discover that the other side is all jumbled again! Clearly, your work is not done yet!</p>\n<h6>Features</h6>\n<ul>\n<li>Unique pyramid puzzle brain-teaser</li>\n<li>Four sides</li>\n<li>Four axes of rotation</li>\n<li>Turn the puzzle inside-out just to mess with your mind!</li>\n<li>Thirty-five million combinations</li>\n<li>4.3 inches (110mm) on a side</li>\n<li>For kids ages eight to one-hundred-eight</li>\n</ul>\n<div style=\"padding: 24px 24px 24px 21px; display: block; \" class=\"this-is-demo-store\">This site is a demo site only. This product is not available for sale at our site. <br />But you can buy it at <a href=\"http://www.jdoqocy.com/click-3652263-10356324?url=http%3A%2F%2Fwww.thinkgeek.com%2Fgeektoys%2Fgames%2Fb0d6%2F%3Fref%3Dc\" target=\"_top\">ThinkGeek.com</a><img src=\"//www.lduhtrp.net/image-3652263-10356324\" border=\"0\" alt=\"\" width=\"1\" height=\"1\" />, this is where we took description from.</div>','','','','','en'),(8,8,'Heart Hand Warmer','<h5>Let your heart warm your hands</h5>\n<p>Being cold isn\'t fun. Vampires know this. That\'s one of the reasons they drink blood - to keep warm. Well, to celebrate the joys of being a vampire and to help keep your hands warm this winter, we bring you the perfectly named Heart Hand Warmer. But unlike most hand warmers, this one you can use over and over again. And, you don\'t have to pop it in the microwave to heat up.</p>\n<p>The magic with the heart hand warmer is in the metal disc you see inside it. All you do is click the disc back and forth a few times and you\'ll see the clearish gel inside become opaque. As the opaqueness spreads, so does the heat! It\'s a crazy chemical reaction which we like to call AWESOME! Seriously, the pretty red gel is a supersaturated solution. Bending the disc starts an exothermic crystallization of the gel (i.e. it goes opaque and gets hot). And when it loses its warmth, all you have to do is wrap it in a towel and throw it into boiling water for about 15-20 minutes and the Heart Hand Warmer resets itself. Once it cools off from its boiling bath, it is ready to be used again. A great, fun way to keep your fingers warm this winter. Got a chilly butt? Then slip it in your back pocket. Just be careful when you sit down.</p>\n<p>Dimensions: approx 3.75\" wide</p>\n<p>Added Bonus: You can pop the heart hand warmer in the fridge for a few hours and use it as a cooling pack too!</p>\n<table border=\"0\" cellspacing=\"0\" cellpadding=\"0\">\n<tbody>\n<tr>\n<td>\n<object width=\"300\" height=\"247\" data=\"http://www.youtube.com/v/qSdV0kFp3rg\" type=\"application/x-shockwave-flash\">\n<param name=\"src\" value=\"http://www.youtube.com/v/qSdV0kFp3rg\" />\n</object>\n</td>\n</tr>\n</tbody>\n</table>\n<p>&nbsp;</p>\n<div style=\"padding: 24px 24px 24px 21px; display: block; \" class=\"this-is-demo-store\">This site is a demo site only. This product is not available for sale at our site. <br />But you can buy it at <a href=\"http://www.kqzyfj.com/click-3652263-10356324?url=http%3A%2F%2Fwww.thinkgeek.com%2Fgeektoys%2Fscience%2F9e29%2F%3Fref%3Dc\" target=\"_top\">ThinkGeek.com</a><img src=\"//www.tqlkg.com/image-3652263-10356324\" border=\"0\" alt=\"\" width=\"1\" height=\"1\" />, this is where we took description from.</div>','','','','','en'),(9,9,'Robo-Q Tiny R/C Robot','<h5>We Welcome Our New Mini Robot Overlords</h5>\n<p>Here at ThinkGeek we don\'t discriminate when it comes to robots. Robotic arms, rovers, R2-D2, shiny futuristic robots or old steampunk style robots... we love them all. But when we saw these miniscule Robo-Q robots from Japan it was pure robo-technolust at first sight.</p>\n<p>Not only are these the smallest walking robots we\'ve ever seen, they have fully autonomous modes that allows them to avoid obstacles or chase after the included soccer ball. Of course you can also take full control with the included remote, but watch out for the inevitable robot revolt.</p>\n<p><strong>Important Note</strong><br />This product is imported from Japan and the manual is all in Japanese. However it\'s easy enough to insert the batteries and your mini robot going.</p>\n<table border=\"0\" cellspacing=\"0\" cellpadding=\"0\">\n<tbody>\n<tr>\n<td>\n<object width=\"300\" height=\"247\" data=\"http://www.youtube.com/v/VqxSOO6mT5k\" type=\"application/x-shockwave-flash\">\n<param name=\"src\" value=\"http://www.youtube.com/v/VqxSOO6mT5k\" />\n</object>\n</td>\n</tr>\n</tbody>\n</table>\n<p><br /><br /></p>\n<h6>Product Features</h6>\n<ul>\n<li>Amazingly small robots can avoid obstacles and play soccer</li>\n<li>Control your robot directly through the remote</li>\n<li>Two autonomous modes: chase the included ball, or avoid obstacles</li>\n<li>Full control with three walking speeds and right or left turns</li>\n<li>Magnetic charging coupler on remote</li>\n<li>Robot is powered by built-in rechargeable LI battery, charges from remote</li>\n<li>20 minutes charge time, 5 minutes continuous run time</li>\n<li>Robot stores inside remote</li>\n<li>Remote requires 4 x AA batteries (not included)</li>\n<li>Includes Robot, Remote, Soccer Ball, and Manual (in Japanese)</li>\n<li>Four different robot varieties to choose from. Each is on a different channel.</li>\n<li>Imported from Japan</li>\n<li>Robot height: 3.4cm / 1.33in</li>\n</ul>\n<div style=\"padding: 24px 24px 24px 21px; display: block; \" class=\"this-is-demo-store\">This site is a demo site only. This product is not available for sale at our site. <br />But you can buy it at <a href=\"http://www.kqzyfj.com/click-3652263-10356324?url=http%3A%2F%2Fwww.thinkgeek.com%2Fgeektoys%2Frc%2Fb8d5%2F%3Fref%3Dc\" target=\"_top\">ThinkGeek.com</a><img src=\"//www.awltovhc.com/image-3652263-10356324\" border=\"0\" alt=\"\" width=\"1\" height=\"1\" />, this is where we took description from.</div>','','','','','en'),(10,10,'Thumb-Size R/C Mini Cooper','<h5>Mini Mini Mini... Mini Coopers</h5>\n<p>With the current fuel crisis forcing people into smaller and smaller vehicles and spelling impending doom for society as we know it... we figured it was a perfect time to offer these Thumb-Size R/C Mini Coopers. Their all-electric engines run off of button type batteries and are very fuel efficient. Hey... they can\'t carry much groceries in the trunk, but they do feature full control with forward/reverse and right/left turning... plus the remote looks like a tiny cellphone. Take that high gas prices!</p>\n<p><strong>Important Note</strong><br />The Red and Silver versions of the Thumb-Size R/C Mini Cooper operate on the same frequency. You cannot race them at the same time as one controller will drive both cars.</p>\n<table border=\"0\" cellspacing=\"0\" cellpadding=\"5\">\n<tbody>\n<tr valign=\"top\">\n<td>\n<table border=\"0\" cellspacing=\"0\" cellpadding=\"0\">\n<tbody>\n<tr>\n<td>\n<object width=\"300\" height=\"247\" data=\"http://www.youtube.com/v/sc6oW8PiQyQ\" type=\"application/x-shockwave-flash\">\n<param name=\"src\" value=\"http://www.youtube.com/v/sc6oW8PiQyQ\" />\n</object>\n</td>\n</tr>\n</tbody>\n</table>\n</td>\n<td width=\"6\">&nbsp;</td>\n<td>\n<h6>Product Features</h6>\n<ul>\n<li>Tiny R/C Mini Cooper Cars are only 2.25\" Long </li>\n<li>Full control with forward and reverse / right and left turns </li>\n<li>Choose from Red or Silver </li>\n<li>Remote looks like a tiny cell phone </li>\n<li>Batteries Included </li>\n</ul>\n</td>\n</tr>\n</tbody>\n</table>\n<p>&nbsp;</p>\n<div style=\"padding: 24px 24px 24px 21px; display: block; \" class=\"this-is-demo-store\">This site is a demo site only. This product is not available for sale at our site. <br />But you can buy it at <a href=\"http://www.dpbolvw.net/click-3652263-10356324?url=http%3A%2F%2Fwww.thinkgeek.com%2Fgeektoys%2Frc%2Fa427%2F%3Fref%3Dc\" target=\"_top\">ThinkGeek.com</a><img src=\"//www.lduhtrp.net/image-3652263-10356324\" border=\"0\" alt=\"\" width=\"1\" height=\"1\" />, this is where we took description from.</div>','','','','','en'),(11,11,'Self-Rescuing Princess','','','','','','en'),(12,12,'Planet Express','','','','','','en'),(13,13,'Wi-Fi Detector Shirt','','','','','','en'),(14,14,'Caffeine Molecule','','','','','','en'),(15,15,'Nanotechnology is Huge','','','','','','en'),(16,16,'Binary Mom','','','','','','en'),(17,17,'Ducati R/C Motorcycle with Leaning Rider','<h5>Start your Engines</h5>\n<p>We\'ve always had a soft spot for R/C motorcycles... the problem is training wheels. Nothing looks worse than a R/C motorcycle with two tiny wheels on the bottom to keep it from falling over. It\'s an insult to R/C toys everywhere. But luckily this 1:12 scale R/C Ducati Racing Motorcycle needs no extra help to balance and looks sharp with intricate detail and racing logos. It features fully proportional digital control with working suspension.</p>\n<p>However this Ducati\'s main claim to fame is an animated rider who turns his head and leans into each turn. Not simply cosmetic, the weight of the rider actually causes the bike to lean and go into a turn. It\'s great stuff and looks awesome zipping across your office parking lot.</p>\n<table border=\"0\" cellspacing=\"0\" cellpadding=\"0\">\n<tbody>\n<tr>\n<td>\n<object width=\"300\" height=\"247\" data=\"http://www.youtube.com/v/TPPjE55yFec\" type=\"application/x-shockwave-flash\">\n<param name=\"src\" value=\"http://www.youtube.com/v/TPPjE55yFec\" />\n</object>\n</td>\n</tr>\n</tbody>\n</table>\n<p><br /><br /></p>\n<h6>Product Features</h6>\n<ul>\n<li>1:12 Scale R/C Motorcycle features amazing detail and a animated rider who leans into each turn</li>\n<li>Fully assembled and ready to race</li>\n<li>Comes with everything needed including Motorcycle, Rider, Controller and Charger</li>\n<li>Full Function Digital proportional control</li>\n<li>Auto Stable technology for balancing</li>\n<li>Adjustable acceleration curve</li>\n<li>Adjustable braking</li>\n<li>6 minutes race time, 20 minutes charge time</li>\n<li>27Mhz Frequency</li>\n<li>4.8 V Ni-MH Battery</li>\n<li>Requires 4 x AA Batteries for Controller (not included)</li>\n<li>Includes 120V AC wall adapter</li>\n<li>Motorcycle is 6.75\" in length</li>\n</ul>\n<div style=\"padding: 24px 24px 24px 21px; display: block; \" class=\"this-is-demo-store\">This site is a demo site only. This product is not available for sale at our site. <br />But you can buy it at <a href=\"http://www.anrdoezrs.net/click-3652263-10356324?url=http%3A%2F%2Fwww.thinkgeek.com%2Fgeektoys%2Frc%2Fb8ab%2F%3Fref%3Dc\" target=\"_top\">ThinkGeek.com</a><img src=\"//www.tqlkg.com/image-3652263-10356324\" border=\"0\" alt=\"\" width=\"1\" height=\"1\" />, this is where we took description from.</div>','','','','','en'),(18,18,'Dark Blade 3-Channel R/C Helicopter','<h5>The Ultimate Mini Copter... Created by ThinkGeek</h5>\n<p>Here at ThinkGeek it seems like no matter how many little R/C helicopters we fly, we\'re always looking for a new high with the next greatest model. Which is why we decided to kick the vicious copter cycle and go ahead and create the perfect micro indoor helicopter. The Dark Blade 3-Channel R/C Helicopter is an original ThinkGeek creation combining a futuristic drop-ship style design with precise flying characteristics and an innovative rear propeller system. Plus it just happens to be the smallest 3-channel R/C copter we\'ve ever seen. So go ahead, enjoy the fruits of our helicopter obsession... we don\'t mind.</p>\n<p><strong>Precise Control</strong><br />The secret of the incredible stability of the Dark Blade 3-Channel R/C Helicopter comes down to the torque control afforded by the dual rotor design. A traditional helicopter with only one rotor generates massive torque when the top blade spins. Normally this would cause the copter to spin out of control, but the rotor on the tail is designed to offset this torque. Therefore piloting a traditional helicopter involves constantly adjusting the tail speed whenever you increase the speed of the top rotor... difficult and time consuming to learn. The Dark Blade 3-Channel R/C Helicopter has dual rotors on the top which spin in opposite directions. These opposite spinning blades cancel out uncontrolled torque making for incredibly stable flight. For forward and reverse motion the tail rotor then blows up or down, pitching the copter forward or backward and causing it to move in that direction. It\'s a great control system and a pleasure to fly.</p>\n<p><strong>Innovative Forward Propulsion System</strong><br />If you look carefully at the Dark Blade, you\'ll see two small side propellers that would appear to push the copter forward. Actually these side propellers are purely cosmetic. All the forward action happens with the small rear propeller hidden <em>beneath</em> the tail. This propeller then spins to pitch the Dark Blade copter forward or backward. In most small 3-Channel R/C copters the rear propeller needs to be mounted at some distance from the top rotors to get enough leverage to pitch the copter, this forces the helicopter design to be longer. However, the tail above the rear rotor in the Dark Blade acts to magnify the thrust of the propeller and allows a more compact 3-channel design.</p>\n<table border=\"0\" cellspacing=\"0\" cellpadding=\"0\">\n<tbody>\n<tr>\n<td>\n<object width=\"300\" height=\"247\" data=\"http://www.youtube.com/v/wP9NwryiDPc\" type=\"application/x-shockwave-flash\">\n<param name=\"src\" value=\"http://www.youtube.com/v/wP9NwryiDPc\" />\n</object>\n</td>\n</tr>\n</tbody>\n</table>\n<p>&nbsp;</p>\n<h6>Product Features</h6>\n<ul>\n<li>Easiest to fly, most precise controlling R/C copter yet </li>\n<li>Three channel control gives you fully proportional up/down, right/left and forward/backward control </li>\n<li>Amazing mini size for a 3-channel helicopter </li>\n<li>Futuristic drop-ship style design </li>\n<li>Sleek black plastic body. No foam cockpit. </li>\n<li>Choose from two different channels and fly with a friend </li>\n<li>Both channel copters are black in color, a red or blue LED headlight lets you know which is yours </li>\n<li>Dual counter-rotating blades give incredible hovering and stability </li>\n<li>Innovative tail design with hidden downward facing rear rotor </li>\n<li>Helicopter Charges from Remote </li>\n<li>Easy to adjust trim dial (rather than push buttons) </li>\n<li>7 Minute fly time, 10 minute charge time </li>\n<li>Requires 6 AA batteries, not included </li>\n<li>Copter is 11 cm in length with a top blade diameter of 13.5 cm </li>\n</ul>\n<div style=\"padding: 24px 24px 24px 21px; display: block; \" class=\"this-is-demo-store\">This site is a demo site only. This product is not available for sale at our site. <br />But you can buy it at <a href=\"http://www.dpbolvw.net/click-3652263-10356324?url=http%3A%2F%2Fwww.thinkgeek.com%2Fgeektoys%2Frc%2Fb5c4%2F%3Fref%3Dc\" target=\"_top\">ThinkGeek.com</a><img src=\"//www.tqlkg.com/image-3652263-10356324\" border=\"0\" alt=\"\" width=\"1\" height=\"1\" />, this is where we took description from.</div>','','','','','en'),(19,19,'Palmsize Battle Tanks','<h5>Petite Tanks Mean Serious Business</h5>\n<p>Office disputes here at ThinkGeek are handled in a most diplomatic manner. As standard procedure, the offending parties are teleported to the surface of Vulcan where they duel to the death to resolve their differences. However due to the high employee turnover rate we have revised the policy to declare a victor based on Palmzsize Battle Tank warfare. These detailed diminutive r/c tanks feature authentic tank sounds and IR based \"laser tag\" action with realistic recoil. A hit momentarily disables your opponent. Get enough hits and take control of your enemy\'s tank. Each set contains two-tanks, but buy an extra set and up to four tanks can battle at once to solve those more complicated office disagreements.</p>\n<p><strong>Important Note:</strong><br />We know you read directions... but just in case you don\'t, please realize that each tank can be set to any of four channels. But they must be set up in turn before the battle begins.</p>\n<h6>Preparing for Battle</h6>\n<ol type=\"1\">\n<li>Set the remote to the channel you desire (1-4) by using the switch on the left side</li>\n<li>Turn on your tank, turn on the remote. The tank\'s light should be flashing red.</li>\n<li>Push the small round button just below the \"on/off\" switch on the remote.</li>\n<li>The tanks light now turns solid green. It is now set to the correct channel.</li>\n<li>Repeat this procedure for each tank. If you turn the tank off, you will have to set the channel again.</li>\n</ol>\n<p><strong>Battle Modes</strong><br />On the front of each tank, next to the indicator LED light is a small button. Push this button after the tank\'s channel has been set and you can toggle between two battle modes.</p>\n<ul>\n<li><strong>Standard Mode (Indicator light is Green)</strong><br />5 hits by the enemy and your tank is immobilized.... you lose </li>\n<li><strong>Capture Mode (Indicator light is Red)</strong><br />5 hits by the enemy and they take control of your tank. Your tank now behaves as if it is set to the same channel as your opponent\'s tank. Your opponent can drive and fire your tank. This is obviously most useful when 3 or 4 tanks battle. </li>\n</ul>\n<table border=\"0\" cellspacing=\"0\" cellpadding=\"5\">\n<tbody>\n<tr valign=\"top\">\n<td>\n<table border=\"0\" cellspacing=\"0\" cellpadding=\"0\">\n<tbody>\n<tr>\n<td>\n<object width=\"300\" height=\"247\" data=\"http://www.youtube.com/v/qFt9EQZ4arM\" type=\"application/x-shockwave-flash\">\n<param name=\"src\" value=\"http://www.youtube.com/v/qFt9EQZ4arM\" />\n</object>\n</td>\n</tr>\n</tbody>\n</table>\n</td>\n<td width=\"6\">&nbsp;</td>\n<td>\n<h6>Product Features</h6>\n<ul>\n<li>Mini R/C Tanks can battle with infrared </li>\n<li>Realistic recoil when shooting </li>\n<li>Battle with up to 4 Tanks at once </li>\n<li>Play \"Capture Mode\" and control your opponents tank after 5 successful hits </li>\n<li>Internal Rechargeable battery charges from remote </li>\n<li>5 minute charge time, 5 minute play time </li>\n<li>Includes bunker and wall obstacles </li>\n<li>Requires 6 AA Batteries (not included) </li>\n<li>Each tank is 4.5\" long including turret </li>\n</ul>\n</td>\n</tr>\n</tbody>\n</table>\n<p>&nbsp;</p>\n<div style=\"padding: 24px 24px 24px 21px; display: block; \" class=\"this-is-demo-store\">This site is a demo site only. This product is not available for sale at our site. <br />But you can buy it at <a href=\"http://www.anrdoezrs.net/click-3652263-10356324?url=http%3A%2F%2Fwww.thinkgeek.com%2Fgeektoys%2Frc%2F9969%2F%3Fref%3Dc\" target=\"_top\">ThinkGeek.com</a><img src=\"//www.tqlkg.com/image-3652263-10356324\" border=\"0\" alt=\"\" width=\"1\" height=\"1\" />, this is where we took description from.</div>','','','','','en'),(20,20,'R/C Desktop Forklift','<h5>Tiny Forklift Does Your Bidding!</h5>\n<p>When we were little kids, we played in sandboxes with toy steamshovels, drove die-cast dumptrucks, and stared in awe and wonder at the heavy equipment at construction sites. Is it the desire for demolition that drives our fascination with heavy equipment, or is it something deeper? Do we secretly long for a world where machines do our bidding? Of course we do, but we have learned from the lessons of Battlestar, haven\'t we?</p>\n<p>If we keep our machines tiny and simple, we may yet survive as a race. So say we all...</p>\n<p>This tiny machine does all the heavy lifting for us, if by heavy we mean a few ounces. Still, it\'s a fun way to relive our childhood by playing with forklifts like we\'ve always wanted to! Radio controlled, this little guy tootles around your desk, lifting and moving stuff from one place to another. Bring me my highly caffeinated beverage, now!</p>\n<p>The R/C Forklift takes 4 AAA batteries, and a 9 volt battery (not included) in the controller.</p>\n<table border=\"0\" cellspacing=\"0\" cellpadding=\"0\">\n<tbody>\n<tr>\n<td>\n<object width=\"425\" height=\"350\" data=\"http://www.youtube.com/v/6Az6HZhzfNc\" type=\"application/x-shockwave-flash\">\n<param name=\"src\" value=\"http://www.youtube.com/v/6Az6HZhzfNc\" />\n</object>\n</td>\n</tr>\n</tbody>\n</table>\n<p>&nbsp;</p>\n<div style=\"padding: 24px 24px 24px 21px; display: block; \" class=\"this-is-demo-store\">This site is a demo site only. This product is not available for sale at our site. <br />But you can buy it at <a href=\"http://www.dpbolvw.net/click-3652263-10356324?url=http%3A%2F%2Fwww.thinkgeek.com%2Fgeektoys%2Frc%2F924e%2F%3Fref%3Dc\" target=\"_top\">ThinkGeek.com</a><img src=\"//www.lduhtrp.net/image-3652263-10356324\" border=\"0\" alt=\"\" width=\"1\" height=\"1\" />, this is where we took description from.</div>','','','','','en'),(21,21,'Edge Robotic Arm Kit','<h5>Flesh Based Arms are so 2008</h5>\n<p>In the future every home will have a sophisticated robot arm. You know... to do the dishes, walk the dog, and assemble Lego kits for us. But waiting for the future always takes so long, which is why we recommend you pick up this fine Edge Robotic Arm Kit right now. With a bit of tinkering, and no soldering you\'ll have a passable replacement for your own meaty appendage. Five axes of robotic movement are at your command with the wired remote. Command the gripper to open and close, wrist motion of 120 degrees, an extensive elbow range of 300 degrees, base rotation of 270 degrees, base motion of 180 degrees, vertical reach of 15 inches, horizontal reach of 12.6 inches, and lifting capacity of 100g. whew! An LED spotlight on the gripper illuminates your work. Soon you\'ll be creating your own tiny union-free automobile assembly line.</p>\n<p><strong>Important Note</strong><br />You need to assemble the Edge Robotic Arm Kit. No soldering is required, but you will need to be able to follow directions carefully. Assembly time is about 2 hours.</p>\n<table border=\"0\" cellspacing=\"0\" cellpadding=\"5\">\n<tbody>\n<tr valign=\"top\">\n<td>\n<table border=\"0\" cellspacing=\"0\" cellpadding=\"0\">\n<tbody>\n<tr>\n<td>\n<object width=\"300\" height=\"247\" data=\"http://www.youtube.com/v/t-tQyrBm48M\" type=\"application/x-shockwave-flash\">\n<param name=\"src\" value=\"http://www.youtube.com/v/t-tQyrBm48M\" />\n</object>\n</td>\n</tr>\n</tbody>\n</table>\n</td>\n<td width=\"6\">&nbsp;</td>\n<td>\n<h6>Product Features</h6>\n<ul>\n<li>Build your own fully functional Robot Arm </li>\n<li>Features 5 motors with 5 axes of movement </li>\n<li>LED Spotlight on gripper illuminates your work </li>\n<li>Wired remote controls all arm functions </li>\n<li>Assembly Required (About 2 hours. No Soldering Needed) </li>\n<li>Lifting capacity of 100g </li>\n<li>Uses 4 x D Batteries (not included) </li>\n</ul>\n</td>\n</tr>\n</tbody>\n</table>\n<p>&nbsp;</p>\n<div style=\"padding: 24px 24px 24px 21px; display: block; \" class=\"this-is-demo-store\">This site is a demo site only. This product is not available for sale at our site. <br />But you can buy it at <a href=\"http://www.tkqlhce.com/click-3652263-10356324?url=http%3A%2F%2Fwww.thinkgeek.com%2Fgeektoys%2Fscience%2Fb696%2F%3Fref%3Dc\" target=\"_top\">ThinkGeek.com</a><img src=\"//www.ftjcfx.com/image-3652263-10356324\" border=\"0\" alt=\"\" width=\"1\" height=\"1\" />, this is where we took description from.</div>','','','','','en'),(22,22,'ChoroQ Qsteer Mario Kart R/C Racers','<h5>Battle Mode on Your Desk</h5>\n<p>The days of boring, difficult-to-handle remote control cars are over! Why, you ask? Because the ChoroQ Qsteer Mario Kart R/C Racers have arrived, and neither of those negative descriptions apply! Can\'t all mini electronic vehicles just get along?</p>\n<p>Imported from Japan, these officially licensed Nintendo cars are perfect for the diehard Mario aficionado. Available in either Mario or Yoshi, you can maneuver the cars around the office using your desk as a Grand Prix racetrack, all the while evading your boss. Both styles come in individual channels so you can have your very own Battle Mode right in the discomfort of your own workplace. Even use the Green Shell and Banana accessories to recreate the perfect setting. Thanks, Wii love you too.</p>\n<p><strong>Important Note</strong><br />These ChoroQ racers are imported from Japan, thus the directions are all in Japanese... but never fear young otaku, we have included a handy \"Basic Instructions\" graphic to help you figure things out.</p>\n<h6>Product Features</h6>\n<ul>\n<li>Mini R/C Racers look just like Mario Kart Characters </li>\n<li>Imported from Japan </li>\n<li>Precision Steering Control and Handling </li>\n<li>Turbo Button </li>\n<li>Two Different Channels Let you Race with a Friend </li>\n<li>Batteries Included </li>\n<li>1.75\" inches in Length </li>\n</ul>\n<div style=\"padding: 24px 24px 24px 21px; display: block; \" class=\"this-is-demo-store\">This site is a demo site only. This product is not available for sale at our site. <br />But you can buy it at <a href=\"http://www.anrdoezrs.net/click-3652263-10356324?url=http%3A%2F%2Fwww.thinkgeek.com%2Fgeektoys%2Frc%2Fac99%2F%3Fref%3Dc\" target=\"_top\">ThinkGeek.com</a><img src=\"//www.tqlkg.com/image-3652263-10356324\" border=\"0\" alt=\"\" width=\"1\" height=\"1\" />, this is where we took description from.</div>','','','','','en'),(23,23,'R/C Airsoft Battle Tanks','<h5>A Full Functioned Remote Control Tank With Real Firepower!</h5>\n<p>Tired of using your imagination to fire your R/C tank at the enemy Bawls bottle which maliciously invaded your territorial sovereignty? Imagine no longer, and blast the enemy on your living room carpet with the powerful air motor turret on this R/C tank (uses self generated compressed air). Direct from Japan, this R/C battle tank is ready to bring your childhood battle simulation dreams to life in the comfort of your home or office. Like any childhood battle simulation dream, however, the Battle Tank is not appropriate for children - <strong>this toy is for grownups (or 32 year old children)</strong>.</p>\n<h6>Standard R/C Battle Tank Features</h6>\n<ul>\n<li>All Tread Suspension System </li>\n<li>Turret Maneuvers side to side (320 degrees) &amp; up or down (20 degrees). </li>\n<li>2-Level Forward speed control </li>\n<li>Tank Maneuvers forwards, backwards, spins and has a \'Super Spin\' mode. </li>\n<li>Selectable frequency (A,B,C) on both remote and tank allow up to three tanks to operate at the same time for your own office space wargames (1/24 Scale Green tank only). </li>\n<li>Load up to 40 pieces of Ammo into the tank at once. </li>\n<li>Shoot ammo in singles or in quick succession (1 per second). </li>\n<li>Can fire while on the move! </li>\n<li>Included Rechargeable Battery Pack </li>\n</ul>\n<h6>1/16th Scale Gray Tank also has the following Additional Features</h6>\n<ul>\n<li>Realistic sounds including engine start, tread squealing, and machine gun fire </li>\n<li>Simulated recoil firing mode </li>\n<li>Smoking Exhaust </li>\n<li>Digital Proportional Remote </li>\n</ul>\n<p>You can purchase additional ammo (150 bb\'s per bag) using the dropdown to your right!</p>\n<p><strong>NOTE: THIS IS NOT A TOY. THIS IS AN ADULT REMOTE CONTROLLED TANK WHICH SHOOTS HIGH VELOCITY 6MM PLASTIC AMMO UP TO 25 METERS. SAFETY GLASSES SHOULD BE USED AT ALL TIMES!</strong></p>\n<div style=\"padding: 24px 24px 24px 21px; display: block; \" class=\"this-is-demo-store\">This site is a demo site only. This product is not available for sale at our site. <br />But you can buy it at <a href=\"http://www.kqzyfj.com/click-3652263-10356324?url=http%3A%2F%2Fwww.thinkgeek.com%2Fgeektoys%2Frc%2F6279%2F%3Fref%3Dc\" target=\"_top\">ThinkGeek.com</a><img src=\"//www.lduhtrp.net/image-3652263-10356324\" border=\"0\" alt=\"\" width=\"1\" height=\"1\" />, this is where we took description from.</div>','','','','','en'),(24,24,'SRV-1 Blackfin Mobile Surveillance Robot','<h5>Mars Rover for your Home</h5>\n<p>Explore the dangerous terrain of your home or office with the SRV-1 Mobile Robot. This palm sized bot packs tank-like treads a 1000MIPS 500MHz Blackfin BF537 processor and a mini video camera. Using 802.11b/g wi-fi the SRV-1 interfaces wirelessly with a remote PC. The Java-based console software includes a built-in web server to monitor and control the SRV-1 via a web browser from anywhere in the world, as well as archive video feeds on demand or on a scheduled basis. Get programming with fully open-source software for robot and host computer.</p>\n<p><strong>Important Note</strong><br />The SRV-1 Mobile Robot comes fully assembled and ready to use, but requires some technical knowledge of Java, networking and the command line to set-up the software. If you feel comfortable tinkering and have had experience configuring a basic web server you should be in fine shape. Read the <a href=\"http://www.surveyor.com/blackfin/SRV_setup_bf.html\"><strong>SRV-1 Set-Up Instructions</strong></a> and you\'ll have a good idea if you\'ve got what it takes.</p>\n<h6>Product Features</h6>\n<ul>\n<li>Mobile Robot is controlled via web browser with live video feed </li>\n<li>Teleoperate mode to drive robot around via console software or remotely via web browser </li>\n<li>Open Source design with full access to source code (GPL) and schematics </li>\n<li>Robot is fully programmable for autonomous operation </li>\n<li>Extensive software support through 3rd party applications </li>\n<li>Host software has built-in web server and video archiving </li>\n<li>Robot can run programs written in interpreted C and stored in onboard Flash </li>\n<li>Wireless remote control or viewing up to 100m indoors and 1000m outdoors (line of sight) </li>\n<li>Robot can be controlled from a terminal/console for easy testing </li>\n<li>Linux 2.6 support as well as \"bare metal\" programming with GNU bfin-elf-gcc </li>\n</ul>\n<h6>Hardware</h6>\n<ul>\n<li>Processor: 1000mips 500MHz Analog Devices Blackfin BF53, 32MB SDRAM, 4MB Flash, JTAG </li>\n<li>Camera: Omnivision OV9655 1.3 megapixel 160x128 to 1280x1024 resolution </li>\n<li>Robot Radio: Lantronix Matchport 802.11b/g WiFi </li>\n<li>Range: 100m indoors, 1000m line-of-site </li>\n<li>Sensors: 2 laser pointers for ranging, support for up to 4 Maxbotics ultrasonic ranging modules and various I2C sensors </li>\n<li>Drive: Tank-style treads with differential drive via four precision DC gearmotors (100:1 gear reduction) </li>\n<li>Speed: 20cm - 40cm per second (approx 1 foot/sec or .5 mile/hour) </li>\n<li>Chassis: Machined Aluminum </li>\n<li>Dimensions: 120mm long x 100mm wide x 80mm tall (5\" x 4\" x 3\") </li>\n<li>Weight: 350gm (12oz) </li>\n<li>Power: 7.2V 2AH Li-poly battery pack - 4+ hours per charge </li>\n<li>Charger: 100-240VAC 50/60Hz (US plug) </li>\n</ul>\n<h6>Software</h6>\n<ul>\n<li>Robot Firmware: easily updated, written in C language under GPL Open Source, compiled with GNU bfin-elf-gcc and bfin-uclinux-gcc toolchains </li>\n<li>Onboard User Programming: interpreter for \"small C\" language with special robot-specific commands are provided for running user programs from onboard Flash memory </li>\n<li>Development Tools: GNU toolchains via <a href=\"http://blackfin.uclinux.org/\">http://blackfin.uclinux.org</a> </li>\n<li>Console Software: Java based application, runs on Windows, MAC, Linux. <a href=\"http://www.surveyor.com/index_satcam.html\">WebcamSat</a> web server module built into console software, allows multiple simultaneous remote viewers via Internet </li>\n<li>Robot Control Protocol: <a href=\"http://www.surveyor.com/SRV_protocol.html\">Published here</a>. Easily used from other applications </li>\n<li>Third-party Software Support: <br /><br />- <strong>RoboRealm</strong> - <a href=\"http://www.roborealm.com/help/Surveyor_SRV1.php\">http://www.roborealm.com/help/Surveyor_SRV1.php</a> - The SRV-1 can now be directly controlled from RoboRealm, a very popular Windows-based machine vision software package for robots. The RoboRealm extensions for SRV-1 allow creation of scripts that combine image processing on live video feeds from the robot, e.g. color filtering, blob detection/tracking, edge detection/outlining and feature extraction, with decision processing and robot motion control, making it easy to create behaviors such as object location and tracking, obstacle avoidance, motion detection, notification, etc, with a web interface, and control can be scripted from C/C++, Python, Java, C#, Lisp, Visual Basic, WScript and COM through the RoboRealm API. <br /><br />- <strong>Microsoft Robotics Studio</strong> - <a href=\"http://www.surveyor.com/MSRS.html\">http://www.surveyor.com/MSRS.html</a> - Drivers for the SRV-1 in Microsoft Robotics Studio are now available. MSRS is a Windows-based environment for academic, hobbyist and commercial developers to create robotics applications across a wide variety of hardware. Key features and benefits include: end-to-end robotics development platform, lightweight services-oriented runtime, and a scalable / extensible platform. <br /><br />- <strong>Webots</strong> - <a href=\"http://www.cyberbotics.com/\">http://www.cyberbotics.com</a> - SRV-1 support is now included in Webots mobile robotics simulation software. Webots provides a rapid prototyping environment for modelling, programming and simulating mobile robots under Windows, Mac OS/X and Linux. The 3D modeling and physics are outstanding. </li>\n</ul>\n<div style=\"padding: 24px 24px 24px 21px; display: block; \" class=\"this-is-demo-store\">This site is a demo site only. This product is not available for sale at our site. <br />But you can buy it at <a href=\"http://www.anrdoezrs.net/click-3652263-10356324?url=http%3A%2F%2Fwww.thinkgeek.com%2Fgeektoys%2Frc%2F8698%2F%3Fref%3Dc\" target=\"_top\">ThinkGeek.com</a><img src=\"//www.lduhtrp.net/image-3652263-10356324\" border=\"0\" alt=\"\" width=\"1\" height=\"1\" />, this is where we took description from.</div>\'','','','','','en'),(25,25,'MicroFly Tiny R/C Hovering UFO','<h5>Smallest Flying R/C Device Ever</h5>\n<p>When highly evolved nano-aliens descend upon our planet to mine our plethora of carbon monoxide gasses they\'ll surely be piloting something like this MicroFly Hovering UFO. This is by far the smallest flying R/C device we\'ve ever seen and it\'s damn impressive in the air.</p>\n<p>With a diameter not much larger than a silver dollar and a single propeller on the bottom, the MicroFly somehow manages to hover in the air as it spins and flashes its blue LED. The simple slider control allows only up-and down movement... but this makes it so easy to fly that anyone can instantly control it. Buy a few and create your own buzzing alien insect swarm... they use the same channel so you can control multiple MicroFly units from one remote.</p>\n<table border=\"0\" cellspacing=\"0\" cellpadding=\"0\">\n<tbody>\n<tr bgcolor=\"#999999\">\n<td align=\"center\">\n<p><span style=\"color: white; font-size: xx-small;\"><strong>MicroFly Tiny R/C Hovering UFO In Action</strong></span></p>\n</td>\n</tr>\n<tr>\n<td>\n<object width=\"300\" height=\"247\" data=\"http://www.youtube.com/v/Su8v2A42LH4\" type=\"application/x-shockwave-flash\">\n<param name=\"src\" value=\"http://www.youtube.com/v/Su8v2A42LH4\" />\n</object>\n</td>\n</tr>\n</tbody>\n</table>\n<p>&nbsp;</p>\n<h6>Product Features</h6>\n<ul>\n<li>Incredibly tiny flying r/c toy looks like a Mini-UFO </li>\n<li>Up/Down slider on remote controls hovering height </li>\n<li>Blue flashing LED on the top </li>\n<li>Charges from remote </li>\n<li>10 minute charge time. 5-7 minute fly time. </li>\n<li>Requires 6 AA batteries (not included) </li>\n<li>Dimensions: 65mm in diameter, 35mm high </li>\n</ul>\n<div style=\"padding: 24px 24px 24px 21px; display: block; \" class=\"this-is-demo-store\">This site is a demo site only. This product is not available for sale at our site. <br />But you can buy it at <a href=\"http://www.kqzyfj.com/click-3652263-10356324?url=http%3A%2F%2Fwww.thinkgeek.com%2Fgeektoys%2Frc%2Fa5ac%2F%3Fref%3Dc\" target=\"_top\">ThinkGeek.com</a><img src=\"//www.lduhtrp.net/image-3652263-10356324\" border=\"0\" alt=\"\" width=\"1\" height=\"1\" />, this is where we took description from.</div>','','','','','en'),(26,26,'Pentago','<h5>A Game for Smarties</h5>\n<p>Pentago was developed in Sweden: the land of Vikings, ABBA, and Ikea. Following the simplicity of design Sweden is known for, Pentago has clean lines and simple game play. In fact, it has just two play steps. First, put down a marble. Second, rotate a quadrant. Get five marbles in a row and you win. That\'s it. Game play may be simple, but winning can be as hard as a Viking\'s axe. Because you can rotate quadrants, your mind has to plan out moves in so many different directions.</p>\n<p>And just when you think you have everything thought out, your opponent rotates a quadrant and suddenly the whole board is different. Pentago is so cerebrally challenging, it won the Mensa Select Award in 2006 (as well as a bunch of other genius and game design awards). Each game board is handcrafted out of solid birch with aluminum accents and includes real glass marbles. Pentago is as beautiful as it is fun. And if you become a Pentago Master, no one will be able to deny you the title of \"genius!\"</p>\n<h6>Pentago</h6>\n<ul>\n<li>Includes: Birch and aluminum board, 36 glass marbles (18 black, 18 white), two birch marble holders, and instruction/strategy guide </li>\n<li>Board Dimensions: 5\" X 5\" X 1.25\" </li>\n</ul>\n<div style=\"padding: 24px 24px 24px 21px; display: block; \" class=\"this-is-demo-store\">This site is a demo site only. This product is not available for sale at our site. <br />But you can buy it at <a href=\"http://www.anrdoezrs.net/click-3652263-10356324?url=http%3A%2F%2Fwww.thinkgeek.com%2Fgeektoys%2Fgames%2F83ab%2F%3Fref%3Dc\" target=\"_top\">ThinkGeek.com</a><img src=\"//www.ftjcfx.com/image-3652263-10356324\" border=\"0\" alt=\"\" width=\"1\" height=\"1\" />, this is where we took description from.</div>','','','','','en'),(27,27,'Rubik\'s Cube','<h5>Earth\'s Favorite Desktop Puzzle!</h5>\n<p>The date is 1974. The place? Budapest, Hungary. Erno Rubik, a passionate lecturer and admirer of geometry and 3D forms creates the world\'s most addictive and perfect puzzle - the Rubik\'s cube. It\'s now thirty years later and it\'s still the best selling puzzle in the Universe.</p>\n<p>If you grew up when the Rubik\'s cube made it\'s debut - you probably remember that every kid had one. Whether it was the full size or the keychain version they were as common in school as cell phones and GBAs are these days. Elementary school kids could be seen solving them with their feet on \'That\'s Incredible!\' and conspiracists believed the puzzle was an Eastern block tactic to distract American youth from their educations. In 1980 Cubaholics Anonymous was formally established. The eighties simply enjoyed RubikMania! Here we are in the 21st century and it\'s still just as addictive as it was thirty years ago.</p>\n<p>Think you can solve it? Think you have what it takes to beat the reigning world record for solving the Rubik\'s cube? The first world champion was an American high school student who took the Budapest World Championship in 1982 by solving the puzzle in just 22.95 seconds! The latest 2003 winner was Dan Knights of San Francisco who used the \'Fridrich\' system to beat the cube in just 20 seconds. Best of luck if you choose to delve into the realm of <a href=\"http://www.speedcubing.com/\" target=\"_BLANK\">competitive speedcubing</a>- you\'re gonna need it!</p>\n<p><em>How complex can it really be ThinkGeek?</em><br />There are 43 quintillion possible combinations with your Rubik\'s cube. That\'s 43 million million millions. There are about 30 million seconds in a year. You would need over a thousand million years assuming you could look at a thousand patterns every second just to see all the possible combinations. So if you are interested, we recommend you get started now and hope that cryonics becomes true science.</p>\n<ul>\n<li>Ages 8 and up </li>\n<li>Dimensions: 3\" cubed </li>\n<li>Comes complete with a hint and game suggestion book </li>\n<li>If you really want, you can easily find solutions on Google and Youtube </li>\n</ul>\n<div style=\"padding: 24px 24px 24px 21px; display: block; \" class=\"this-is-demo-store\">This site is a demo site only. This product is not available for sale at our site. <br />But you can buy it at <a href=\"http://www.tkqlhce.com/click-3652263-10356324?url=http%3A%2F%2Fwww.thinkgeek.com%2Fgeektoys%2Fgames%2F69fe%2F%3Fref%3Dc\" target=\"_top\">ThinkGeek.com</a><img src=\"//www.lduhtrp.net/image-3652263-10356324\" border=\"0\" alt=\"\" width=\"1\" height=\"1\" />, this is where we took description from.</div>','','','','','en'),(28,28,'Rubik\'s Mirror Blocks Cube','<h5>A puzzle to reflect on</h5>\n<p>In the future, everyone will only wear silver foil suits with big shoulder pads. We\'ll all have jobs with the word \"space\" in front of it (Space Accountant, Space Librarian, etc) and everything will be done with holograms. And in the future, Rubik\'s Cubes will also be shiny and silver. We tried to suck some from the future (using our ChronoSpatial Vaccuumatron), but something went wrong. We got the cubes, but they are a little . . . well, different.</p>\n<p>Actually, they are exactly as they should be: silver and weird. While it functions just like a regular Rubik\'s Cube, the <em>Rubik\'s Mirror Blocks Cube</em> has different sized blocks - which means it gets very distorted very fast. Instead of puzzling out simple colors, you\'ll be trying to fight with geometric space, which is great fun. What is also great fun is seeing the look on the faces of others as they fiddle with your cube. <em>Rubik\'s Mirror Blocks Cube</em> - the future is here.</p>\n<h6>Rubik\'s Mirror Blocks Cube</h6>\n<ul>\n<li>Works just like a regular Rubik\'s cube, but with different sized (and same colored) cubes, it gets really funky looking really fast. </li>\n<li>Includes: cube and stand </li>\n<li>Dimensions: 2.25\" cubed (duh) </li>\n</ul>\n<div style=\"padding: 24px 24px 24px 21px; display: block; \" class=\"this-is-demo-store\">This site is a demo site only. This product is not available for sale at our site. <br />But you can buy it at <a href=\"http://www.jdoqocy.com/click-3652263-10356324?url=http%3A%2F%2Fwww.thinkgeek.com%2Fgeektoys%2Fgames%2Fb077%2F%3Fref%3Dc\" target=\"_top\">ThinkGeek.com</a><img src=\"//www.tqlkg.com/image-3652263-10356324\" border=\"0\" alt=\"\" width=\"1\" height=\"1\" />, this is where we took description from.</div>','','','','','en'),(29,29,'Crystal Growing Kit','<h5>Space Age meets New Age</h5>\n<p>Since the dawn of time, shiny things have intrigued humankind. And ever since the first ape walked into a jewelry store, humans have loved crystals. They are delicate, they are beautiful, and understanding them is a key to advancing almost every branch of science. Now you can learn all about the beauty and wonder of crystals as you grow your own!</p>\n<p>This kit has everything you need to grow 4 different types of crystal formations. Three of them grow in clusters and the fourth is a solitary crystal specimen. Growing crystals is super easy too, so you\'ll be having fun and enjoying the glittering fruits of your labor in hours and days (which is incredible considering it takes the Earth millions and millions of years). Take that, Planet Earth! And this crystal kit is the gift that keeps on giving, as once you\'ve made your crystals, you can share (or sell) them. Learning and profit all rolled into one - isn\'t science grand?</p>\n<p><strong>Please Note:</strong> This kit also teaches you not to drink or eat chemicals included in crystal growing kits (so don\'t do it).</p>\n<h6>Crystal Growing Kit</h6>\n<ul>\n<li>Grow your own space age crystals: 1 single crystal and 3 different crystal clusters </li>\n<li>Includes: 1 bag of \"Citrine\" growing chemical (monoammonium phosphate), 1 bag of \"Ruby\" growing chemical (potassium aluminum sulfate), 3 crystal growing trays, 2 spatulas, instructions, and illustrated information booklet </li>\n<li>Crystals grow up to 4\" in diameter, but can be transferred into larger containers to continue growth </li>\n<li>Recommended for ages 12 and up </li>\n</ul>\n<div style=\"padding: 24px 24px 24px 21px; display: block; \" class=\"this-is-demo-store\">This site is a demo site only. This product is not available for sale at our site. <br />But you can buy it at <a href=\"http://www.jdoqocy.com/click-3652263-10356324?url=http%3A%2F%2Fwww.thinkgeek.com%2Fgeektoys%2Fscience%2Fa72f%2F%3Fref%3Dc\" target=\"_top\">ThinkGeek.com</a><img src=\"//www.tqlkg.com/image-3652263-10356324\" border=\"0\" alt=\"\" width=\"1\" height=\"1\" />, this is where we took description from.</div>','','','','','en'),(30,30,'LaQ Japanese Building Set','<h5>Imported Geometric Building Nirvana</h5>\n<p>Here at ThinkGeek we can never seem to get our hands on enough construction sets. From Lego, to Capsella... Erector to Lincoln Logs, we love them all. That\'s why we were pretty stoked to discover this unusual LaQ construction set from Japan. The unique modular snap together system employs square and triangular panels with five different joint types to hold them together. You\'ll enjoy mastering the intricacies of the construction combinations available. The genius is in the simplicity, and soon you\'ll be building 3D geometric constructions Lego can\'t touch.</p>\n<h6>Choose from three different Models</h6>\n<p><strong>Tyrannosaurus Set</strong><br />Builds a T-Rex, Plesiosaurus and Ammonite. All white parts. 320 pieces</p>\n<p><strong>Triceratops Set</strong><br />Builds a Triceratops, Mammoth and Allosaurus Head. All white parts. 320 pieces</p>\n<p><strong>Hamacron Set</strong><br />Larger set with 650 pieces of various colors. Includes 18 piece wheel set to add wheels to your creations.</p>\n<h6>Product Features</h6>\n<ul>\n<li>Unique construction set imported from Japan </li>\n<li>Innovative construction system uses square and triangular panels with five different joint types to hold them together </li>\n<li>Build complicated geometric structures easily </li>\n<li>Three different building sets to choose from </li>\n</ul>\n<div style=\"padding: 24px 24px 24px 21px; display: block; \" class=\"this-is-demo-store\">This site is a demo site only. This product is not available for sale at our site. <br />But you can buy it at <a href=\"http://www.tkqlhce.com/click-3652263-10356324?url=http%3A%2F%2Fwww.thinkgeek.com%2Fgeektoys%2Fscience%2Fb8ca%2F%3Fref%3Dc\" target=\"_top\">ThinkGeek.com</a><img src=\"//www.awltovhc.com/image-3652263-10356324\" border=\"0\" alt=\"\" width=\"1\" height=\"1\" />, this is where we took description from.</div>','','','','','en'),(31,31,'Game of Life Kit','<h5>Not <em>Your</em> Life... the simulation created by mathematician John Conway</h5>\n<p>When you hear \"The Game of Life\" do you think of the Milton Bradley classic board game? If so... stop reading this and go back to geek school. However if you remember the cellular automation simulation invented by John Conway in the 1970\'s then we\'ve got a cool little item for your DIY retro geek pleasure.</p>\n<p>The game of life is set-up as a grid of \"cells\" following only four simple rules:</p>\n<p><strong>1.</strong> Any live cell with fewer than two live neighbours dies, as if by loneliness.<br /><strong>2.</strong> Any live cell with more than three live neighbours dies, as if by overcrowding.<br /><strong>3.</strong> Any live cell with two or three live neighbours lives, unchanged, to the next generation.<br /><strong>4.</strong> Any dead cell with exactly three live neighbours comes to life.</p>\n<p>As the initiate amongst you no doubt recall, these rules lead to some cool evolving pixel based \"organisms\" like the glider, the blinker and the infamous glider factory. The Game of Life Kit allows you to build your own electronic LED based version of... the Game of life. You get a 4x4 grid of 16 LEDs that represents a small portion of the cellular grid. Push the button on the front and you reset the simulation and automatically populate it with random life. If all the cells die out completely the simulation automatically resets. The coolest part is that you can buy multiple kits and connect them together in any configuration to create a larger game board.</p>\n<p><strong>Important Note:</strong><br />Assembly is definitely required. You\'ll need a soldering iron, some solder, wire clippers and a small amount of skill. It will take you about 30 minutes to assemble the kit.</p>\n<h6>Product Features</h6>\n<ul>\n<li>Electronic kit runs the classic \"Game of Life\" simulation created by mathematician John Conway </li>\n<li>Each kit displays a 4x4 grid (16 LEDs) </li>\n<li>Connect as many kits as youd like, in any configuration, to create a larger game board </li>\n<li>On/Off button to save power, also for resetting the display </li>\n<li>Automatically resets if the colony has died or stagnated (regeneration) </li>\n<li>Assembly required. You will need a soldering iron, some solder, wire clippers and a small amount of skill. </li>\n<li>Runs off of 2 AA batteries (not included), but can be easily modified to run off of USB or AC Adapter power </li>\n</ul>\n<div style=\"padding: 24px 24px 24px 21px; display: block; \" class=\"this-is-demo-store\">This site is a demo site only. This product is not available for sale at our site. <br />But you can buy it at <a href=\"http://www.tkqlhce.com/click-3652263-10356324?url=http%3A%2F%2Fwww.thinkgeek.com%2Fgeektoys%2Fscience%2Fae39%2F%3Fref%3Dc\" target=\"_top\">ThinkGeek.com</a><img src=\"//www.ftjcfx.com/image-3652263-10356324\" border=\"0\" alt=\"\" width=\"1\" height=\"1\" />, this is where we took description from.</div>','','','','','en'),(32,32,'Classic Video Table Tennis Kit','<h5>Build Your Own Gaming Nostalgia</h5>\n<p>Blocky table tennis with a ball and two paddles was one of the first real video games to make it into mainstream culture. It took an awful lot of high-tech electronics in 1972 to create this classic game. Now however you can cobble together your very own Classic Video Table Tennis Game with a little determination and some basic soldering skillz. This kit contains a pre-printed circuit board and 39 various resistors, diodes, and capacitors. Solder everything together (following the instructions we hope) and plug the audio and video into any standard TV for instant Table Tennis action. You can play against another lowly human or challenge the computer at four different skill levels.</p>\n<p><strong>Please keep in mind you\'ll need to provide your own soldering iron, solder, philips head screwdriver and three AA batteries to complete this kit. We of course recommend the <a href=\"http://www.thinkgeek.com/gadgets/tools/69d3/\">Cold Heat Soldering Tool</a> to avoid those singed fingers.<br /></strong></p>\n<h6>Product Features &amp; Specifications</h6>\n<ul>\n<li>One or Two Players (Play against another human or the computer) </li>\n<li>Four Difficulty Levels </li>\n<li>Digital Controls </li>\n<li>Kit Contains All Electronic Parts Needed </li>\n<li>Tools Required and NOT Included: Soldering Iron, Solder, Small Philips Head Screwdriver </li>\n<li>Build Time: About 1 to 2 hours depending on skill level </li>\n<li>Connects to any Television (NTSC Only) using standard RCA style Video Cables (Not included) </li>\n<li>Requires 3 AA Batteries </li>\n</ul>\n<div style=\"padding: 24px 24px 24px 21px; display: block; \" class=\"this-is-demo-store\">This site is a demo site only. This product is not available for sale at our site. <br />But you can buy it at <a href=\"http://www.tkqlhce.com/click-3652263-10356324?url=http%3A%2F%2Fwww.thinkgeek.com%2Fgeektoys%2Fscience%2F8546%2F%3Fref%3Dc\" target=\"_top\">ThinkGeek.com</a><img src=\"//www.ftjcfx.com/image-3652263-10356324\" border=\"0\" alt=\"\" width=\"1\" height=\"1\" />, this is where we took description from.</div>','','','','','en'),(33,33,'DIY Music Box Kit','<h5>Time to Tinkle!</h5>\n<p>Music boxes came to prominence in the 19th Century, but their history dates back a few hundred more years. You see, there was this bell ringing dude who got tired of all the hard work. So, he decided to engineer a device to make his life a little more hip. It was a cylinder with metal studs. Each stud (as the cylinder rotated) operated cams which rang the bells. Further research determined that the first song played on this new system was the theme to Super Mario Brothers!</p>\n<p>And so that\'s the first song we made when we got our hands on this awesome little kit (albeit with one note wrong to adjust the key). This music box kit is a bit more open source, though. There are no pins, but a strip of paper, which you punch yourself. That\'s right, you punch all your own songs! No more listening to \"Memory\" - it\'s time for Koji Kondo\'s greatest hits (the genius behind many of Mario\'s and Link\'s most memorable themes). We\'d love to chat more, but it\'s time for us to compose a lullaby for Princess Peach.</p>\n<p><a href=\"http://www.thinkgeek.com/images/products/other/diy_smb.pdf\">Click here</a> to download a PDF blueprint of the Super Mario Brothers theme. \'Cause sharing is caring.</p>\n<ul>\n<li><strong>Music Box Kit</strong> <br />- <strong>Contents:</strong> Music Box Thing (2 octaves, key of C), Hole Punch, \"Happy Birthday\" Pre-Punched Strip, 3 Blank Strips, and Instructions. <br />- Each strip is approx. 1.75\" x 18.75\" - and 80lb paper (in case you want to make your own strips!) </li>\n<li><strong>Refill Pack</strong> <br />- 5 blank strips (approx. 1.75\" x 18.75\" - and 80lb paper). </li>\n</ul>\n<div style=\"padding: 24px 24px 24px 21px; display: block; \" class=\"this-is-demo-store\">This site is a demo site only. This product is not available for sale at our site. <br />But you can buy it at <a href=\"http://www.kqzyfj.com/click-3652263-10356324?url=http%3A%2F%2Fwww.thinkgeek.com%2Fgeektoys%2Fscience%2F8f7f%2F%3Fref%3Dc\" target=\"_top\">ThinkGeek.com</a><img src=\"//www.tqlkg.com/image-3652263-10356324\" border=\"0\" alt=\"\" width=\"1\" height=\"1\" />, this is where we took description from.</div>','','','','','en'),(34,34,'The Amazing Desktop Dinosaur Plant','<h5>A Pre-historic Evergreen That Just Won\'t Die</h5>\n<p>This one-of-a-kind plant has lived on the Earth for over 290 million years and has the ability to &ldquo;come back to life&rdquo; (much like the undead) over and over again for hundreds of years! Simply place this seemingly dead ball of foliage in water and within hours it transforms into a vibrant green blood-sucking evergreen. Ok, we are kidding about the blood-sucking part. It\'s still amazing though! It\'s also great for lazy folks since you can forget to water your Dinosaur plant whenever you want! It will simply dry up and hibernate for up to fifty years and will spring to life every time it is given water.</p>\n<p>Some Interesting Tidbits about your Dinosaur Plant:</p>\n<ul>\n<li>During the Carboniferous period these plants used to grow over 120 feet tall (bigger than a T-rex) </li>\n<li>When dry it curls up into a tight ball so that the wind can easily roll it to a new location or cubicle, hopefully closer to moisture. </li>\n<li>Retains 3% of its water when it is dehydrated. </li>\n<li>Grows to be about 4\" </li>\n<li>Enjoys life so much it survived the Ice Age</li>\n</ul>\n<h6>Kit includes:</h6>\n<ul>\n<li>Live Dinosaur Plant (<em>Selaginella Lepidophylla</em>) </li>\n<li>Bag of genuine Volcanic Lava Rock </li>\n<li>Display Bowl </li>\n</ul>\n<div style=\"padding: 24px 24px 24px 21px; display: block; \" class=\"this-is-demo-store\">This site is a demo site only. This product is not available for sale at our site. <br />But you can buy it at <a href=\"http://www.kqzyfj.com/click-3652263-10356324?url=http%3A%2F%2Fwww.thinkgeek.com%2Fgeektoys%2Fscience%2F8039%2F%3Fref%3Dc\" target=\"_top\">ThinkGeek.com</a><img src=\"//www.tqlkg.com/image-3652263-10356324\" border=\"0\" alt=\"\" width=\"1\" height=\"1\" />, this is where we took description from.</div>','','','','','en'),(35,35,'Levitron - Anti-Gravity Top','<h5>Yes. It\'s Levitating. Really.</h5>\n<p>Of course it\'s using MAGIC to do so - the magic of magnetic repulsion and attraction that is. The Levitron is a magnetic anti-gravity top that is just as fun to setup as it is to watch in motion.</p>\n<p>Basically, you just use the included top weights to adjust to the perfect weight (which varies from location to location and surface to surface), then you adjust the legs on the base. Then spin the top, slowly lift the lifter (with top on it) until the top escapes the platform and release! Voila. A top levitating in mid air. And depending on how well you set it up, it will spin up to five full minutes! Wave your hand underneath (or anything non-metallic), and amaze your family and co-workers! And all this with no batteries - sheer magnetic wizardry!</p>\n<p>Of course it is not a piece of cake to setup. You have to observe it carefully as you are making the appropriate adjustments to the weight and to the base. It can be challenging but the reward is well worth it. Move the Levitron to another location though and you\'ll have to recalibrate the weights and levelers! Take the challenge and master it. It may take you five minutes, it may take longer.</p>\n<p>Your Levitron arrives complete with:</p>\n<ul>\n<li>One Magnetic base w/three adjustable legs </li>\n<li>One floating top </li>\n<li>One lifter </li>\n<li>One spinning plane </li>\n<li>Several adjustment weights </li>\n<li>Instruction sheet &amp; Levitron Physics guide </li>\n</ul>\n<p>Your choice of either:</p>\n<ul>\n<li>Omega Edition - Red/Black Molded Plastic </li>\n<li>Note: The Cherry Wood Edition is no longer available. Sorry! </li>\n</ul>\n<p>Because of the high strength of the magnet in the base (and that it is purposely not shielded), ThinkGeek recommends you do not set the Levitron next to your monitor! Duh.</p>\n<div style=\"padding: 24px 24px 24px 21px; display: block; \" class=\"this-is-demo-store\">This site is a demo site only. This product is not available for sale at our site. <br />But you can buy it at <a href=\"http://www.jdoqocy.com/click-3652263-10356311?url=http%3A%2F%2Fwww.thinkgeek.com%2Fgeektoys%2Fcubegoodies%2F5bb6%2F%3Fref%3Dc\" target=\"_top\">ThinkGeek Cube Goodies</a><img src=\"//www.awltovhc.com/image-3652263-10356311\" border=\"0\" alt=\"\" width=\"1\" height=\"1\" />, this is where we took description from.</div>','','','','','en'),(36,36,'Bare Metal Bender Wind-up','<h5>Bite my shiny, metal ass!</h5>\n<p>Everybody loves a sarcastic, galactically saavy, cigar smoking, prank prone, selfish, beer drinking robot. Enter Bender. Bender was his mothers 1729th son. His father killed by a can opener, Bender went on to college and majored in Bending and minored in Robo-American studies. This Unit 22 Bending Unit is proof positive that every desktop needs a tin metal, intriguing wind-up robot before it can be considered complete. Yep.</p>\n<p>8.5\" tall wind up die cast interactive Bender, from Futurama (fully licensed). Twist the antenna on top of his head and his expression will change from \'normal\' bender to \'angry\' bender. Perfect to fend off unwanted visitors. Optionally insert an included cigar into his mouth for those times when Bender just needs to mellow down. Bare Metal Metal Bender includes a can of Mom\'s Old Fashioned Robot Oil and a cigar! And arms articulate! Wind up key to make Bender walk inserts into side and is removable (his arms will also swing while in motion!). Open up Bender\'s ribcage compartment and see what\'s going on inside! Or just wind him up and let him walk all over your TPS reports. He doesn\'t care. He\'s bender, you new best desktop friend with an attitude.</p>\n<div style=\"padding: 24px 24px 24px 21px; display: block; \" class=\"this-is-demo-store\">This site is a demo site only. This product is not available for sale at our site. <br />But you can buy it at <a href=\"http://www.kqzyfj.com/click-3652263-10356311?url=http%3A%2F%2Fwww.thinkgeek.com%2Fgeektoys%2Fcubegoodies%2F60d4%2F%3Fref%3Dc\" target=\"_top\">ThinkGeek Cube Goodies</a><img src=\"//www.tqlkg.com/image-3652263-10356311\" border=\"0\" alt=\"\" width=\"1\" height=\"1\" />, this is where we took description from.</div>','','','','','en'),(37,37,'Smart Mass Thinking Putty','<h5>The Thinking Persons Putty</h5>\n<p><strong>The Ultimate Stress Reduction</strong> office toy is here. Of course you remember playing with putty as a kid. Welp, this aint your kids putty. Adult sized, and as feature-rich as your favorite Operating System, the Smart Mass putty from ThinkGeek makes living life fun all over again. Like to fidget while sitting in front of the monitor? Enjoy being the envy of all those who surround you? Trying to make an impression on that new coder down the hall? Smart Mass putty will help...</p>\n<p><em>But ThinkGeek, What Will My Smart Mass Really Do ??</em></p>\n<ul>\n<li>It Bounces! </li>\n<li>It Stretches, Contorts &amp; Squishes ! </li>\n<li>It lifts comics! (as any self-respecting putty would) </li>\n<li>It Shears &amp; Tears ! <a href=\"http://www.thinkgeek.com/geektoys/cubegoodies/5ac8/detail/\">(learn how!)</a> </li>\n<li>It Even Shatters !!! <a href=\"http://www.thinkgeek.com/geektoys/cubegoodies/5ac8/detail/#shatter\">(learn why!)</a> </li>\n<li>It Drips From Ceilings <a href=\"http://www.thinkgeek.com/geektoys/cubegoodies/5ac8/detail/#drip\">(learn how!)</a> </li>\n</ul>\n<p><em>But ThinkGeek, Can I Achieve World Domination With My Smart Mass?</em></p>\n<ul>\n<li>Yes. Of course. All ThinkGeek products may be used to help you achieve World Domination. </li>\n</ul>\n<p>Our Smart Mass putty is just too much fun. Find out for yourselves how magically enticing and addictive playing with putty really is. As you find more and more ways to get creative with your putty, you\'ll, well, find more ways to get creative with everything! It\'s simply that stimulating!</p>\n<p>Your choice of either:</p>\n<ul>\n<li><strong>Sunburst (new!)</strong> - A Hypercolor! Heat sensitive putty. Jumpstart your day with some sunshine! Vibrant orange shifts into an awakening yellow with the touch of your hands or warmth from your coffee mug. Starts out Orange. </li>\n<li><strong>Twilight (new!)</strong> - A Hypercolor! Heat sensitive putty. Just as an evening sky melts into the dark of night, this putty\'s deep purple color disappears with a touch to reveal a fluorescent blue complexion. </li>\n<li><strong>Martian Sea</strong> - A color shifter that swirls deep clay reds and orange with a yellow to green sheen depending on the light. </li>\n<li><strong>Dark Matter</strong> - A swirling mass of matte black. Your very own personal, warpable, black hole. Has magnetic properties: pull out a thin strand of dark matter and hold it near a magnet! </li>\n<li><strong>Solar Blue</strong> - A very soothing and energetic, vibrant blue. Intoxicating. Cosmically rapturous... </li>\n<li><strong>Oil Slick</strong> - A color shifter, Oil slick will look different in different lighting. From golds and yellow to pinks and emerald greens all swirling intelligently... </li>\n<li><strong>Atomic Bronze</strong> - Lustrous comes to mind. Atomic bronze sparkles and commands attention. Your very own precious metal. Looks similar to Martian Sea, but has a much more metallic sheen to it. </li>\n<li><strong>Atmosphere</strong> - Another color shifter. Atmosphere will morph into Cerulean highlights and features rich deep purples. A veritable alien, breathing, living atmosphere... </li>\n<li><strong>Alien Ooze (glows!)</strong> - Military grade phosphors power this extremely powerful glowing mass. Charges in light or through UV sources. Amazingly bright when glowing. Ghost like when not performing... </li>\n</ul>\n<p>Each tin arrives with an adult sized one fifth of a pound of Smart Mass putty. Wow. The putty is non-toxic and doesn\'t leave any gooey residue! Get tins for everybody in the office and at home lest you may find yours missing...</p>\n<p><strong>Note:</strong> - Your Smart Mass may seem like it has a mind of its own occasionally. That\'s because it does. And when not being used, your Smart Mass putty prefers to live in its comfortable tin where it can best plot World Domination Schemes.</p>\n<div style=\"padding: 24px 24px 24px 21px; display: block; \" class=\"this-is-demo-store\">This site is a demo site only. This product is not available for sale at our site. <br />But you can buy it at <a href=\"http://www.jdoqocy.com/click-3652263-10356311?url=http%3A%2F%2Fwww.thinkgeek.com%2Fgeektoys%2Fcubegoodies%2F5ac8%2F%3Fref%3Dc\" target=\"_top\">ThinkGeek Cube Goodies</a><img src=\"//www.awltovhc.com/image-3652263-10356311\" border=\"0\" alt=\"\" width=\"1\" height=\"1\" />, this is where we took description from.</div>','','','','','en'),(38,38,'Albert Einstein Action Figure','<h5>The Brains Over Brawn Action Figure</h5>\n<p>Dressed for intense classroom action, this Albert Einstein Action Figure stands with a piece of chalk in his hand, poised to explain relativity or do battle with the forces of entropy. Fits in nicely with any office, cube or dorm decor and features realistic disheveled hair! Very few people on this planet have ever had the ability to go as far as Einstein has in comprehending the fundamental principles of the Universe. So we here at ThinkGeek think of that as sort of a super power worthy of the title \'Superhero Action Figure\'. Sure he might not have been able to fly, breathe underwater or emit spider webs from his wrist - but he could melt your mind in a heartbeat with just a single attempt at explaining the Universe to you. Now that\'s power!</p>\n<p>\"The eternal mystery of the world is its comprehensibility.\" - <br /><em>Albert Einstein</em></p>\n<p>Your Albert Einstein action figure measures 5-1/4\" (13.3 cm) tall and is made out of hard vinyl. Illustrated blistercard included!</p>\n<div style=\"padding: 24px 24px 24px 21px; display: block; \" class=\"this-is-demo-store\">This site is a demo site only. This product is not available for sale at our site. <br />But you can buy it at <a href=\"http://www.dpbolvw.net/click-3652263-10356311?url=http%3A%2F%2Fwww.thinkgeek.com%2Fgeektoys%2Fcubegoodies%2F71a4%2F%3Fref%3Dc\" target=\"_top\">ThinkGeek Cube Goodies</a><img src=\"//www.lduhtrp.net/image-3652263-10356311\" border=\"0\" alt=\"\" width=\"1\" height=\"1\" />, this is where we took description from.</div>','','','','','en'),(39,39,'Yoda Plush Backpack','<h5>Keep Your Things Safe It Will</h5>\n<p>Ever since its release in 1980, <em>The Empire Strikes Back</em> has fueled the dreams of geeks across the world. Considered by many to be the best of the <em>Star Wars</em> saga, it was the first film where we really learned what it took to be a Jedi. Sure Obi Wan taught us a little in <em>A New Hope</em>, but it wasn\'t until we met Yoda that we truly realized how powerful the Force was and how hard it was to master. Yoda was the pinnacle of what a Jedi should be: mighty and humble, wise and peaceful. Even though he was tiny, we got glimpses of his immense power (really, I mean a whole X-Wing?!?)</p>\n<p>Once we saw Yoda, we all knew we wanted a Jedi master of our own - a Jedi master who would take us running in the woods, ride on our back, and teach us the ways of the Force. We tried strapping a cat to our back, but it wasn\'t the same. A few months ago, our geeky hearts almost leapt out of our bodies when we saw this officially licensed backpack. Yoda&hellip;on our back&hellip;teaching us&hellip;and carrying our stuff inside him. Perfect! And, to make it even better, the straps are adjustable and sized for adults. All you need now is a dirty, sleeveless t-shirt and some khaki\'s and you will be ready for your Jedi training to begin. <em>You will be. You will be.</em></p>\n<h6>Yoda Plush Backpack</h6>\n<ul>\n<li><strong>Yoda Height</strong>: 25\" (from foot to top of head) </li>\n<li><strong>Pocket Depth</strong>: 13.4\" </li>\n</ul>\n<div style=\"padding: 24px 24px 24px 21px; display: block; \" class=\"this-is-demo-store\">This site is a demo site only. This product is not available for sale at our site. <br />But you can buy it at <a href=\"http://www.jdoqocy.com/click-3652263-10356311?url=http%3A%2F%2Fwww.thinkgeek.com%2Fgeektoys%2Fcubegoodies%2F817c%2F%3Fref%3Dc\" target=\"_top\">ThinkGeek Cube Goodies</a><img src=\"//www.lduhtrp.net/image-3652263-10356311\" border=\"0\" alt=\"\" width=\"1\" height=\"1\" />, this is where we took description from.</div>','','','','','en');
CREATE TABLE `xlite_product_variant_attribute_value_checkbox` (
  `variant_id` int(10) unsigned NOT NULL,
  `attribute_value_id` int(10) unsigned NOT NULL,
  PRIMARY KEY (`variant_id`,`attribute_value_id`),
  KEY `IDX_6BA60BE13B69A9AF` (`variant_id`),
  KEY `IDX_6BA60BE165A22152` (`attribute_value_id`),
  CONSTRAINT `FK_6BA60BE165A22152` FOREIGN KEY (`attribute_value_id`) REFERENCES `xlite_attribute_values_checkbox` (`id`) ON DELETE CASCADE,
  CONSTRAINT `FK_6BA60BE13B69A9AF` FOREIGN KEY (`variant_id`) REFERENCES `xlite_product_variants` (`id`) ON DELETE CASCADE
) ENGINE=InnoDB DEFAULT CHARSET=utf8 COLLATE=utf8_unicode_ci;
CREATE TABLE `xlite_product_variant_attribute_value_select` (
  `variant_id` int(10) unsigned NOT NULL,
  `attribute_value_id` int(10) unsigned NOT NULL,
  PRIMARY KEY (`variant_id`,`attribute_value_id`),
  KEY `IDX_563E13BE3B69A9AF` (`variant_id`),
  KEY `IDX_563E13BE65A22152` (`attribute_value_id`),
  CONSTRAINT `FK_563E13BE65A22152` FOREIGN KEY (`attribute_value_id`) REFERENCES `xlite_attribute_values_select` (`id`) ON DELETE CASCADE,
  CONSTRAINT `FK_563E13BE3B69A9AF` FOREIGN KEY (`variant_id`) REFERENCES `xlite_product_variants` (`id`) ON DELETE CASCADE
) ENGINE=InnoDB DEFAULT CHARSET=utf8 COLLATE=utf8_unicode_ci;
CREATE TABLE `xlite_product_variant_images` (
  `id` int(10) unsigned NOT NULL AUTO_INCREMENT,
  `product_variant_id` int(10) unsigned DEFAULT NULL,
  `alt` varchar(255) COLLATE utf8_unicode_ci NOT NULL,
  `width` int(11) NOT NULL,
  `height` int(11) NOT NULL,
  `hash` char(32) COLLATE utf8_unicode_ci DEFAULT NULL,
  `needProcess` tinyint(1) NOT NULL,
  `path` varchar(512) COLLATE utf8_unicode_ci NOT NULL,
  `fileName` varchar(255) COLLATE utf8_unicode_ci NOT NULL,
  `mime` varchar(128) COLLATE utf8_unicode_ci NOT NULL,
  `storageType` varchar(1) COLLATE utf8_unicode_ci NOT NULL,
  `size` int(10) unsigned NOT NULL,
  `date` int(10) unsigned NOT NULL,
  PRIMARY KEY (`id`),
  UNIQUE KEY `UNIQ_6DCF637BA80EF684` (`product_variant_id`),
  CONSTRAINT `FK_6DCF637BA80EF684` FOREIGN KEY (`product_variant_id`) REFERENCES `xlite_product_variants` (`id`)
) ENGINE=InnoDB DEFAULT CHARSET=utf8 COLLATE=utf8_unicode_ci;
CREATE TABLE `xlite_product_variants` (
  `id` int(10) unsigned NOT NULL AUTO_INCREMENT,
  `product_id` int(10) unsigned DEFAULT NULL,
  `price` decimal(14,4) NOT NULL COMMENT '(DC2Type:money)',
  `defaultPrice` tinyint(1) NOT NULL,
  `amount` int(10) unsigned NOT NULL,
  `defaultAmount` tinyint(1) NOT NULL,
  `weight` decimal(14,4) NOT NULL,
  `defaultWeight` tinyint(1) NOT NULL,
  `sku` varchar(32) COLLATE utf8_unicode_ci DEFAULT NULL,
  `defaultValue` tinyint(1) NOT NULL,
  PRIMARY KEY (`id`),
  KEY `IDX_F347ACB44584665A` (`product_id`),
  CONSTRAINT `FK_F347ACB44584665A` FOREIGN KEY (`product_id`) REFERENCES `xlite_products` (`product_id`) ON DELETE CASCADE
) ENGINE=InnoDB DEFAULT CHARSET=utf8 COLLATE=utf8_unicode_ci;
CREATE TABLE `xlite_product_variants_attributes` (
  `product_id` int(10) unsigned NOT NULL,
  `attribute_id` int(10) unsigned NOT NULL,
  PRIMARY KEY (`product_id`,`attribute_id`),
  KEY `IDX_C5F1F4314584665A` (`product_id`),
  KEY `IDX_C5F1F431B6E62EFA` (`attribute_id`),
  CONSTRAINT `FK_C5F1F431B6E62EFA` FOREIGN KEY (`attribute_id`) REFERENCES `xlite_attributes` (`id`) ON DELETE CASCADE,
  CONSTRAINT `FK_C5F1F4314584665A` FOREIGN KEY (`product_id`) REFERENCES `xlite_products` (`product_id`) ON DELETE CASCADE
) ENGINE=InnoDB DEFAULT CHARSET=utf8 COLLATE=utf8_unicode_ci;
CREATE TABLE `xlite_products` (
  `product_id` int(10) unsigned NOT NULL AUTO_INCREMENT,
  `product_class_id` int(10) unsigned DEFAULT NULL,
  `tax_class_id` int(10) unsigned DEFAULT NULL,
  `freeShip` tinyint(1) NOT NULL,
  `freightFixedFee` decimal(14,4) NOT NULL,
  `participateSale` tinyint(1) NOT NULL,
  `discountType` varchar(32) COLLATE utf8_unicode_ci NOT NULL,
  `salePriceValue` decimal(14,4) NOT NULL,
  `ogMeta` longtext COLLATE utf8_unicode_ci NOT NULL,
  `useCustomOG` tinyint(1) NOT NULL,
  `price` decimal(14,4) NOT NULL COMMENT '(DC2Type:money)',
  `sku` varchar(32) COLLATE utf8_unicode_ci DEFAULT NULL,
  `enabled` tinyint(1) NOT NULL,
  `weight` decimal(14,4) NOT NULL,
  `useSeparateBox` tinyint(1) NOT NULL,
  `boxWidth` decimal(14,4) NOT NULL,
  `boxLength` decimal(14,4) NOT NULL,
  `boxHeight` decimal(14,4) NOT NULL,
  `itemsPerBox` int(11) NOT NULL,
  `free_shipping` tinyint(1) NOT NULL,
  `taxable` tinyint(1) NOT NULL,
  `javascript` longtext COLLATE utf8_unicode_ci NOT NULL,
  `arrivalDate` int(11) NOT NULL,
  `date` int(11) NOT NULL,
  `updateDate` int(10) unsigned NOT NULL,
  `needProcess` tinyint(1) NOT NULL,
  `attrSepTab` tinyint(1) NOT NULL,
  `metaDescType` varchar(1) COLLATE utf8_unicode_ci NOT NULL,
  PRIMARY KEY (`product_id`),
  KEY `IDX_2B79045921B06187` (`product_class_id`),
  KEY `IDX_2B790459A94AAAE` (`tax_class_id`),
  KEY `sku` (`sku`),
  KEY `price` (`price`),
  KEY `weight` (`weight`),
  KEY `free_shipping` (`free_shipping`),
  KEY `customerArea` (`enabled`,`arrivalDate`),
  CONSTRAINT `FK_2B790459A94AAAE` FOREIGN KEY (`tax_class_id`) REFERENCES `xlite_tax_classes` (`id`) ON DELETE SET NULL,
  CONSTRAINT `FK_2B79045921B06187` FOREIGN KEY (`product_class_id`) REFERENCES `xlite_product_classes` (`id`) ON DELETE SET NULL
) ENGINE=InnoDB DEFAULT CHARSET=utf8 COLLATE=utf8_unicode_ci;
INSERT INTO `xlite_products` VALUES (1,1,NULL,0,0.0000,0,'sale_price',0.0000,'',0,19.9900,'10001',1,0.3200,0,0.0000,0.0000,0.0000,1,0,1,'',1427802506,1440762501,1440762502,0,1,'A'),(2,1,NULL,0,0.0000,0,'sale_price',0.0000,'',0,18.9900,'10002',1,0.3200,0,0.0000,0.0000,0.0000,1,0,1,'',1439898506,1440762501,1440762502,0,1,'A'),(3,1,NULL,0,0.0000,0,'sale_price',0.0000,'',0,29.9900,'10007',1,0.3200,0,0.0000,0.0000,0.0000,1,0,1,'',1427802506,1440762501,1440762502,0,1,'A'),(4,NULL,NULL,0,0.0000,0,'sale_price',0.0000,'',0,7.9900,'10010',1,0.5000,0,0.0000,0.0000,0.0000,1,0,1,'',1443354506,1440762501,1440762503,0,1,'A'),(5,NULL,NULL,0,0.0000,0,'sale_price',0.0000,'',0,7.9900,'10029',1,1.0000,0,0.0000,0.0000,0.0000,1,0,1,'',1439898506,1440762501,1440762502,0,1,'A'),(6,NULL,NULL,0,0.0000,0,'sale_price',0.0000,'',0,19.9900,'10040',1,1.0000,0,0.0000,0.0000,0.0000,1,0,1,'',1443354506,1440762501,1440762504,0,1,'A'),(7,NULL,NULL,0,0.0000,0,'sale_price',0.0000,'',0,11.9900,'10043',1,1.0000,0,0.0000,0.0000,0.0000,1,0,1,'',1427802506,1440762501,1440762503,0,1,'A'),(8,NULL,NULL,0,0.0000,0,'sale_price',5.9900,'',0,5.9900,'10041',1,1.0000,0,0.0000,0.0000,0.0000,1,0,1,'',1443354506,1440762501,1440762506,0,1,'A'),(9,NULL,NULL,0,0.0000,0,'sale_price',0.0000,'',0,39.9900,'10094',1,1.0000,0,0.0000,0.0000,0.0000,1,0,1,'',1427802506,1440762501,1440762503,0,1,'A'),(10,NULL,NULL,0,0.0000,1,'sale_percent',10.0000,'',0,9.9900,'10047',1,2.0000,0,0.0000,0.0000,0.0000,1,0,1,'',1427802506,1440762501,1440762506,0,1,'A'),(11,1,NULL,0,0.0000,0,'sale_price',0.0000,'',0,18.9900,'10003',1,0.3200,0,0.0000,0.0000,0.0000,1,0,1,'',1427802506,1440762501,1440762502,0,1,'A'),(12,1,NULL,0,0.0000,0,'sale_price',0.0000,'',0,18.9900,'10006',1,0.3200,0,0.0000,0.0000,0.0000,1,0,1,'',1427802506,1440762501,1440762502,0,1,'A'),(13,1,NULL,0,0.0000,0,'sale_price',0.0000,'',0,19.9900,'10008',1,0.3200,0,0.0000,0.0000,0.0000,1,0,1,'',1427802506,1440762501,1440762502,0,1,'A'),(14,1,NULL,0,0.0000,1,'sale_percent',20.0000,'',0,15.9900,'10005',1,0.3200,0,0.0000,0.0000,0.0000,1,0,1,'',1439898506,1440762501,1440762506,0,1,'A'),(15,1,NULL,0,0.0000,0,'sale_price',0.0000,'',0,15.9900,'10004',1,0.3200,0,0.0000,0.0000,0.0000,1,0,1,'',1427802506,1440762501,1440762502,0,1,'A'),(16,1,NULL,0,0.0000,0,'sale_price',0.0000,'',0,17.9900,'10000',1,0.3200,0,0.0000,0.0000,0.0000,1,0,1,'',1427802506,1440762501,1440762502,0,1,'A'),(17,NULL,NULL,0,0.0000,0,'sale_price',0.0000,'',0,59.9900,'10095',1,1.0000,0,0.0000,0.0000,0.0000,1,0,1,'',1443354506,1440762501,1440762504,0,1,'A'),(18,NULL,NULL,0,0.0000,0,'sale_price',0.0000,'',0,29.9900,'10050',1,2.0000,0,0.0000,0.0000,0.0000,1,0,1,'',1443354506,1440762501,1440762504,0,1,'A'),(19,NULL,NULL,0,0.0000,0,'sale_price',0.0000,'',0,39.9900,'10054',1,2.0000,0,0.0000,0.0000,0.0000,1,0,1,'',1439898506,1440762501,1440762504,0,1,'A'),(20,NULL,NULL,0,0.0000,0,'sale_price',0.0000,'',0,24.9900,'10052',1,2.0000,0,0.0000,0.0000,0.0000,1,0,1,'',1427802506,1440762501,1440762504,0,1,'A'),(21,NULL,NULL,0,0.0000,1,'sale_price',39.0000,'',0,49.9900,'10036',1,2.0000,0,0.0000,0.0000,0.0000,1,0,1,'',1439898506,1440762501,1440762506,0,1,'A'),(22,NULL,NULL,0,0.0000,0,'sale_price',0.0000,'',0,19.9900,'10048',1,2.0000,0,0.0000,0.0000,0.0000,1,0,1,'',1427802506,1440762501,1440762504,0,1,'A'),(23,NULL,NULL,0,0.0000,0,'sale_price',0.0000,'',0,39.9900,'10051',1,2.0000,0,0.0000,0.0000,0.0000,1,0,1,'',1443354506,1440762501,1440762502,0,1,'A'),(24,NULL,NULL,0,0.0000,0,'sale_price',474.9900,'',0,474.9900,'10053',1,2.0000,0,0.0000,0.0000,0.0000,1,0,1,'',1427802506,1440762501,1440762506,0,1,'A'),(25,NULL,NULL,0,0.0000,0,'sale_price',0.0000,'',0,29.9900,'10049',1,2.0000,0,0.0000,0.0000,0.0000,1,0,1,'',1427802506,1440762501,1440762504,0,1,'A'),(26,NULL,NULL,0,0.0000,0,'sale_price',0.0000,'',0,19.9900,'10044',1,1.0000,0,0.0000,0.0000,0.0000,1,0,1,'',1427802506,1440762501,1440762505,0,1,'A'),(27,NULL,NULL,0,0.0000,0,'sale_price',0.0000,'',0,9.9900,'10045',1,1.0000,0,0.0000,0.0000,0.0000,1,0,1,'',1439898506,1440762501,1440762502,0,1,'A'),(28,NULL,NULL,0,0.0000,0,'sale_price',0.0000,'',0,19.9900,'10046',1,1.0000,0,0.0000,0.0000,0.0000,1,0,1,'',1427802506,1440762501,1440762502,0,1,'A'),(29,NULL,NULL,0,0.0000,0,'sale_price',0.0000,'',0,14.9900,'10037',1,1.0000,0,0.0000,0.0000,0.0000,1,0,1,'',1427802506,1440762501,1440762503,0,1,'A'),(30,NULL,NULL,0,0.0000,0,'sale_price',0.0000,'',0,19.9900,'10038',1,1.0000,0,0.0000,0.0000,0.0000,1,0,1,'',1427802506,1440762501,1440762505,0,1,'A'),(31,NULL,NULL,0,0.0000,0,'sale_price',0.0000,'',0,19.9900,'10039',1,1.0000,0,0.0000,0.0000,0.0000,1,0,1,'',1439898506,1440762501,1440762503,0,1,'A'),(32,NULL,NULL,0,0.0000,0,'sale_price',0.0000,'',0,19.9900,'10042',1,1.0000,0,0.0000,0.0000,0.0000,1,0,1,'',1439898506,1440762501,1440762505,0,1,'A'),(33,NULL,NULL,0,0.0000,0,'sale_price',0.0000,'',0,12.9900,'10033',1,1.0000,0,0.0000,0.0000,0.0000,1,0,1,'',1427802506,1440762501,1440762503,0,1,'A'),(34,NULL,NULL,0,0.0000,0,'sale_price',0.0000,'',0,7.9900,'10032',1,2.0000,0,0.0000,0.0000,0.0000,1,0,1,'',1427802506,1440762501,1440762505,0,1,'A'),(35,NULL,NULL,0,0.0000,1,'sale_price',19.9900,'',0,24.9900,'10015',1,2.0000,0,0.0000,0.0000,0.0000,1,0,1,'',1427802506,1440762501,1440762506,0,1,'A'),(36,NULL,NULL,0,0.0000,0,'sale_price',0.0000,'',0,24.9900,'10013',1,2.0000,0,0.0000,0.0000,0.0000,1,0,1,'',1427802506,1440762501,1440762502,0,1,'A'),(37,NULL,NULL,0,0.0000,0,'sale_price',0.0000,'',0,9.9900,'10030',1,1.0000,0,0.0000,0.0000,0.0000,1,0,1,'',1427802506,1440762501,1440762503,0,1,'A'),(38,NULL,NULL,0,0.0000,0,'sale_price',0.0000,'',0,8.9900,'10017',1,1.5000,0,0.0000,0.0000,0.0000,1,0,1,'',1427802506,1440762501,1440762503,0,1,'A'),(39,NULL,NULL,0,0.0000,0,'sale_price',0.0000,'',0,34.9900,'10022',1,1.5000,0,0.0000,0.0000,0.0000,1,0,1,'',1427802506,1440762501,1440762502,0,1,'A');
CREATE TABLE `xlite_profile_addresses` (
  `address_id` int(11) NOT NULL AUTO_INCREMENT,
  `profile_id` int(11) DEFAULT NULL,
  `state_id` int(11) DEFAULT NULL,
  `country_code` char(2) COLLATE utf8_unicode_ci DEFAULT NULL,
  `is_billing` tinyint(1) NOT NULL,
  `is_shipping` tinyint(1) NOT NULL,
  `isWork` tinyint(1) NOT NULL,
  `address_type` char(1) COLLATE utf8_unicode_ci NOT NULL,
  PRIMARY KEY (`address_id`),
  KEY `IDX_A6B45064CCFA12B8` (`profile_id`),
  KEY `IDX_A6B450645D83CC1` (`state_id`),
  KEY `IDX_A6B45064F026BB7C` (`country_code`),
  KEY `is_billing` (`is_billing`),
  KEY `is_shipping` (`is_shipping`),
  CONSTRAINT `FK_A6B45064F026BB7C` FOREIGN KEY (`country_code`) REFERENCES `xlite_countries` (`code`) ON DELETE SET NULL,
  CONSTRAINT `FK_A6B450645D83CC1` FOREIGN KEY (`state_id`) REFERENCES `xlite_states` (`state_id`) ON DELETE SET NULL,
  CONSTRAINT `FK_A6B45064CCFA12B8` FOREIGN KEY (`profile_id`) REFERENCES `xlite_profiles` (`profile_id`) ON DELETE CASCADE
) ENGINE=InnoDB DEFAULT CHARSET=utf8 COLLATE=utf8_unicode_ci;
INSERT INTO `xlite_profile_addresses` VALUES (1,1,595,'US',1,1,0,'R'),(2,2,595,'US',1,1,0,'R'),(3,3,595,'US',1,1,0,'R'),(4,4,595,'US',1,1,0,'R'),(5,5,595,'US',1,1,0,'R'),(6,6,595,'US',1,1,0,'R'),(7,7,595,'US',1,1,0,'R'),(8,8,595,'US',1,1,0,'R'),(9,9,595,'US',1,1,0,'R');
CREATE TABLE `xlite_profile_roles` (
  `role_id` int(10) unsigned NOT NULL,
  `profile_id` int(11) NOT NULL,
  PRIMARY KEY (`role_id`,`profile_id`),
  KEY `IDX_7E99B5FD60322AC` (`role_id`),
  KEY `IDX_7E99B5FCCFA12B8` (`profile_id`),
  CONSTRAINT `FK_7E99B5FCCFA12B8` FOREIGN KEY (`profile_id`) REFERENCES `xlite_profiles` (`profile_id`) ON DELETE CASCADE,
  CONSTRAINT `FK_7E99B5FD60322AC` FOREIGN KEY (`role_id`) REFERENCES `xlite_roles` (`id`) ON DELETE CASCADE
) ENGINE=InnoDB DEFAULT CHARSET=utf8 COLLATE=utf8_unicode_ci;
CREATE TABLE `xlite_profiles` (
  `profile_id` int(11) NOT NULL AUTO_INCREMENT,
  `order_id` int(11) DEFAULT NULL,
  `membership_id` int(10) unsigned DEFAULT NULL,
  `pending_membership_id` int(10) unsigned DEFAULT NULL,
  `default_card_id` int(10) unsigned NOT NULL,
  `pending_zero_auth` varchar(255) COLLATE utf8_unicode_ci NOT NULL,
  `pending_zero_auth_txn_id` varchar(255) COLLATE utf8_unicode_ci NOT NULL,
  `pending_zero_auth_status` char(1) COLLATE utf8_unicode_ci NOT NULL,
  `pending_zero_auth_interface` varchar(255) COLLATE utf8_unicode_ci NOT NULL,
  `socialLoginProvider` varchar(128) COLLATE utf8_unicode_ci DEFAULT NULL,
  `socialLoginId` varchar(128) COLLATE utf8_unicode_ci DEFAULT NULL,
  `login` varchar(128) COLLATE utf8_unicode_ci NOT NULL,
  `password` varchar(255) COLLATE utf8_unicode_ci NOT NULL,
  `password_hint` varchar(128) COLLATE utf8_unicode_ci NOT NULL,
  `password_hint_answer` varchar(128) COLLATE utf8_unicode_ci NOT NULL,
  `passwordResetKey` varchar(255) COLLATE utf8_unicode_ci NOT NULL,
  `passwordResetKeyDate` int(11) NOT NULL,
  `access_level` int(11) NOT NULL,
  `cms_profile_id` int(11) NOT NULL,
  `cms_name` varchar(32) COLLATE utf8_unicode_ci NOT NULL,
  `added` int(11) NOT NULL,
  `first_login` int(11) NOT NULL,
  `last_login` int(11) NOT NULL,
  `status` char(1) COLLATE utf8_unicode_ci NOT NULL,
  `statusComment` varchar(255) COLLATE utf8_unicode_ci NOT NULL,
  `referer` varchar(255) COLLATE utf8_unicode_ci NOT NULL,
  `language` varchar(2) COLLATE utf8_unicode_ci NOT NULL,
  `last_shipping_id` int(11) DEFAULT NULL,
  `last_payment_id` int(11) DEFAULT NULL,
  `anonymous` tinyint(1) NOT NULL,
  `forceChangePassword` tinyint(1) NOT NULL,
  `dateOfLoginAttempt` int(10) unsigned NOT NULL,
  `countOfLoginAttempts` int(11) NOT NULL,
  PRIMARY KEY (`profile_id`),
  UNIQUE KEY `UNIQ_13F3DB338D9F6D38` (`order_id`),
  KEY `IDX_13F3DB331FB354CD` (`membership_id`),
  KEY `IDX_13F3DB33CD228392` (`pending_membership_id`),
  KEY `cms_profile` (`cms_name`,`cms_profile_id`),
  KEY `login` (`login`),
  KEY `password` (`password`),
  KEY `access_level` (`access_level`),
  KEY `first_login` (`first_login`),
  KEY `last_login` (`last_login`),
  KEY `status` (`status`),
  CONSTRAINT `FK_13F3DB33CD228392` FOREIGN KEY (`pending_membership_id`) REFERENCES `xlite_memberships` (`membership_id`) ON DELETE SET NULL,
  CONSTRAINT `FK_13F3DB331FB354CD` FOREIGN KEY (`membership_id`) REFERENCES `xlite_memberships` (`membership_id`) ON DELETE SET NULL,
  CONSTRAINT `FK_13F3DB338D9F6D38` FOREIGN KEY (`order_id`) REFERENCES `xlite_orders` (`order_id`) ON DELETE CASCADE
) ENGINE=InnoDB DEFAULT CHARSET=utf8 COLLATE=utf8_unicode_ci;
INSERT INTO `xlite_profiles` VALUES (1,NULL,NULL,NULL,0,'','','','',NULL,NULL,'bit-bucket@example.com','084e0343a0486ff05530df6c705c8bb4','','','',0,0,0,'',1440762506,0,0,'E','','','en',NULL,NULL,1,0,0,0),(2,1,NULL,NULL,0,'','','','',NULL,NULL,'bit-bucket@example.com','084e0343a0486ff05530df6c705c8bb4','','','',0,0,0,'',1440762506,0,0,'E','','','en',NULL,NULL,1,0,0,0),(3,2,NULL,NULL,0,'','','','',NULL,NULL,'bit-bucket@example.com','084e0343a0486ff05530df6c705c8bb4','','','',0,0,0,'',1440762507,0,0,'E','','','en',NULL,NULL,1,0,0,0),(4,3,NULL,NULL,0,'','','','',NULL,NULL,'bit-bucket@example.com','084e0343a0486ff05530df6c705c8bb4','','','',0,0,0,'',1440762507,0,0,'E','','','en',NULL,NULL,1,0,0,0),(5,4,NULL,NULL,0,'','','','',NULL,NULL,'bit-bucket@example.com','084e0343a0486ff05530df6c705c8bb4','','','',0,0,0,'',1440762507,0,0,'E','','','en',NULL,NULL,1,0,0,0),(6,5,NULL,NULL,0,'','','','',NULL,NULL,'bit-bucket@example.com','084e0343a0486ff05530df6c705c8bb4','','','',0,0,0,'',1440762507,0,0,'E','','','en',NULL,NULL,1,0,0,0),(7,6,NULL,NULL,0,'','','','',NULL,NULL,'bit-bucket@example.com','084e0343a0486ff05530df6c705c8bb4','','','',0,0,0,'',1440762508,0,0,'E','','','en',NULL,NULL,1,0,0,0),(8,7,NULL,NULL,0,'','','','',NULL,NULL,'bit-bucket@example.com','084e0343a0486ff05530df6c705c8bb4','','','',0,0,0,'',1440762509,0,0,'E','','','en',NULL,NULL,1,0,0,0),(9,8,NULL,NULL,0,'','','','',NULL,NULL,'bit-bucket@example.com','084e0343a0486ff05530df6c705c8bb4','','','',0,0,0,'',1440762510,0,0,'E','','','en',NULL,NULL,1,0,0,0);
CREATE TABLE `xlite_quick_data` (
  `id` int(10) unsigned NOT NULL AUTO_INCREMENT,
  `product_id` int(10) unsigned DEFAULT NULL,
  `membership_id` int(10) unsigned DEFAULT NULL,
  `price` decimal(14,4) NOT NULL,
  PRIMARY KEY (`id`),
  KEY `IDX_C6F6D1AD4584665A` (`product_id`),
  KEY `IDX_C6F6D1AD1FB354CD` (`membership_id`),
  KEY `customerArea` (`membership_id`,`product_id`),
  CONSTRAINT `FK_C6F6D1AD1FB354CD` FOREIGN KEY (`membership_id`) REFERENCES `xlite_memberships` (`membership_id`) ON DELETE CASCADE,
  CONSTRAINT `FK_C6F6D1AD4584665A` FOREIGN KEY (`product_id`) REFERENCES `xlite_products` (`product_id`) ON DELETE CASCADE
) ENGINE=InnoDB DEFAULT CHARSET=utf8 COLLATE=utf8_unicode_ci;
INSERT INTO `xlite_quick_data` VALUES (1,16,1,17.9900),(2,16,NULL,17.9900),(3,5,1,7.9900),(4,5,NULL,7.9900),(5,28,1,19.9900),(6,28,NULL,19.9900),(7,39,1,34.9900),(8,39,NULL,34.9900),(9,13,1,19.9900),(10,13,NULL,19.9900),(11,23,1,39.9900),(12,23,NULL,39.9900),(13,1,1,19.9900),(14,1,NULL,19.9900),(15,2,1,18.9900),(16,2,NULL,18.9900),(17,3,1,29.9900),(18,3,NULL,29.9900),(19,11,1,18.9900),(20,11,NULL,18.9900),(21,12,1,18.9900),(22,12,NULL,18.9900),(23,14,1,15.9900),(24,14,NULL,12.7920),(25,15,1,15.9900),(26,15,NULL,15.9900),(27,27,1,9.9900),(28,27,NULL,9.9900),(29,36,1,24.9900),(30,36,NULL,24.9900),(31,4,1,7.9900),(32,4,NULL,7.9900),(33,29,1,14.9900),(34,29,NULL,14.9900),(35,37,1,9.9900),(36,37,NULL,9.9900),(37,7,1,11.9900),(38,7,NULL,11.9900),(39,33,1,12.9900),(40,33,NULL,12.9900),(41,8,1,5.9900),(42,8,NULL,5.9900),(43,38,1,8.9900),(44,38,NULL,48.9900),(45,35,1,24.9900),(46,35,NULL,19.9900),(47,31,1,19.9900),(48,31,NULL,19.9900),(49,9,1,39.9900),(50,9,NULL,39.9900),(51,10,1,9.9900),(52,10,NULL,8.9910),(53,17,1,59.9900),(54,17,NULL,59.9900),(55,18,1,29.9900),(56,18,NULL,29.9900),(57,19,1,39.9900),(58,19,NULL,39.9900),(59,20,1,24.9900),(60,20,NULL,24.9900),(61,22,1,19.9900),(62,22,NULL,19.9900),(63,24,1,474.9900),(64,24,NULL,474.9900),(65,25,1,29.9900),(66,25,NULL,29.9900),(67,6,1,19.9900),(68,6,NULL,19.9900),(69,21,1,49.9900),(70,21,NULL,39.0000),(71,30,1,19.9900),(72,30,NULL,19.9900),(73,32,1,19.9900),(74,32,NULL,19.9900),(75,34,1,7.9900),(76,34,NULL,7.9900),(77,26,1,19.9900),(78,26,NULL,19.9900);
CREATE TABLE `xlite_regions` (
  `code` varchar(10) COLLATE utf8_unicode_ci NOT NULL,
  `country_code` char(2) COLLATE utf8_unicode_ci DEFAULT NULL,
  `name` varchar(64) COLLATE utf8_unicode_ci NOT NULL,
  `weight` int(11) DEFAULT NULL,
  PRIMARY KEY (`code`),
  UNIQUE KEY `code` (`code`,`country_code`),
  KEY `IDX_B319C6B1F026BB7C` (`country_code`),
  KEY `name` (`name`),
  CONSTRAINT `FK_B319C6B1F026BB7C` FOREIGN KEY (`country_code`) REFERENCES `xlite_countries` (`code`) ON DELETE CASCADE
) ENGINE=InnoDB DEFAULT CHARSET=utf8 COLLATE=utf8_unicode_ci;
INSERT INTO `xlite_regions` VALUES ('GB-ENG','GB','England',100),('GB-NIR','GB','Northern Ireland',400),('GB-SCT','GB','Scotland',200),('GB-WLS','GB','Wales',300);
CREATE TABLE `xlite_reviews` (
  `id` int(10) unsigned NOT NULL AUTO_INCREMENT,
  `profile_id` int(11) DEFAULT NULL,
  `product_id` int(10) unsigned DEFAULT NULL,
  `review` longtext COLLATE utf8_unicode_ci NOT NULL,
  `rating` smallint(6) NOT NULL,
  `additionDate` int(11) NOT NULL,
  `reviewerName` varchar(255) COLLATE utf8_unicode_ci NOT NULL,
  `email` varchar(255) COLLATE utf8_unicode_ci NOT NULL,
  `status` smallint(6) NOT NULL,
  `ip` bigint(20) NOT NULL,
  `useForMeta` tinyint(1) NOT NULL,
  PRIMARY KEY (`id`),
  KEY `IDX_780E544DCCFA12B8` (`profile_id`),
  KEY `IDX_780E544D4584665A` (`product_id`),
  KEY `additionDate` (`additionDate`),
  KEY `status` (`status`),
  CONSTRAINT `FK_780E544D4584665A` FOREIGN KEY (`product_id`) REFERENCES `xlite_products` (`product_id`) ON DELETE CASCADE,
  CONSTRAINT `FK_780E544DCCFA12B8` FOREIGN KEY (`profile_id`) REFERENCES `xlite_profiles` (`profile_id`) ON DELETE SET NULL
) ENGINE=InnoDB DEFAULT CHARSET=utf8 COLLATE=utf8_unicode_ci;
CREATE TABLE `xlite_role_permissions` (
  `permission_id` int(10) unsigned NOT NULL,
  `role_id` int(10) unsigned NOT NULL,
  PRIMARY KEY (`permission_id`,`role_id`),
  KEY `IDX_94D50124FED90CCA` (`permission_id`),
  KEY `IDX_94D50124D60322AC` (`role_id`),
  CONSTRAINT `FK_94D50124D60322AC` FOREIGN KEY (`role_id`) REFERENCES `xlite_roles` (`id`) ON DELETE CASCADE,
  CONSTRAINT `FK_94D50124FED90CCA` FOREIGN KEY (`permission_id`) REFERENCES `xlite_permissions` (`id`) ON DELETE CASCADE
) ENGINE=InnoDB DEFAULT CHARSET=utf8 COLLATE=utf8_unicode_ci;
INSERT INTO `xlite_role_permissions` VALUES (1,1),(8,2),(9,3),(10,3),(11,4);
CREATE TABLE `xlite_role_translations` (
  `label_id` int(11) NOT NULL AUTO_INCREMENT,
  `id` int(10) unsigned DEFAULT NULL,
  `name` varchar(255) COLLATE utf8_unicode_ci NOT NULL,
  `code` char(2) COLLATE utf8_unicode_ci NOT NULL,
  PRIMARY KEY (`label_id`),
  KEY `IDX_27007A52BF396750` (`id`),
  CONSTRAINT `FK_27007A52BF396750` FOREIGN KEY (`id`) REFERENCES `xlite_roles` (`id`) ON DELETE CASCADE
) ENGINE=InnoDB DEFAULT CHARSET=utf8 COLLATE=utf8_unicode_ci;
INSERT INTO `xlite_role_translations` VALUES (1,1,'Administrator','en'),(2,1,'Administrator','ru'),(3,2,'Coupons management','en'),(4,2,'Управление купонами','ru'),(5,3,'Content management','en'),(6,3,'Управлением контентом','ru'),(7,4,'Volume discounts management','en'),(8,4,'Управление скидками','ru');
CREATE TABLE `xlite_roles` (
  `id` int(10) unsigned NOT NULL AUTO_INCREMENT,
  `enabled` tinyint(1) NOT NULL,
  PRIMARY KEY (`id`)
) ENGINE=InnoDB DEFAULT CHARSET=utf8 COLLATE=utf8_unicode_ci;
INSERT INTO `xlite_roles` VALUES (1,1),(2,1),(3,1),(4,1);
CREATE TABLE `xlite_sales_tax_rates` (
  `id` int(10) unsigned NOT NULL AUTO_INCREMENT,
  `tax_id` int(10) unsigned DEFAULT NULL,
  `zone_id` int(11) DEFAULT NULL,
  `tax_class_id` int(10) unsigned DEFAULT NULL,
  `membership_id` int(10) unsigned DEFAULT NULL,
  `value` decimal(14,4) NOT NULL,
  `type` char(1) COLLATE utf8_unicode_ci NOT NULL,
  `position` int(11) NOT NULL,
  `noTaxClass` tinyint(1) NOT NULL,
  `taxableBase` varchar(16) COLLATE utf8_unicode_ci NOT NULL,
  PRIMARY KEY (`id`),
  KEY `IDX_1ACD2E0EB2A824D8` (`tax_id`),
  KEY `IDX_1ACD2E0E9F2C3FAB` (`zone_id`),
  KEY `IDX_1ACD2E0EA94AAAE` (`tax_class_id`),
  KEY `IDX_1ACD2E0E1FB354CD` (`membership_id`),
  CONSTRAINT `FK_1ACD2E0E1FB354CD` FOREIGN KEY (`membership_id`) REFERENCES `xlite_memberships` (`membership_id`) ON DELETE CASCADE,
  CONSTRAINT `FK_1ACD2E0E9F2C3FAB` FOREIGN KEY (`zone_id`) REFERENCES `xlite_zones` (`zone_id`) ON DELETE CASCADE,
  CONSTRAINT `FK_1ACD2E0EA94AAAE` FOREIGN KEY (`tax_class_id`) REFERENCES `xlite_tax_classes` (`id`) ON DELETE CASCADE,
  CONSTRAINT `FK_1ACD2E0EB2A824D8` FOREIGN KEY (`tax_id`) REFERENCES `xlite_sales_taxes` (`id`) ON DELETE CASCADE
) ENGINE=InnoDB DEFAULT CHARSET=utf8 COLLATE=utf8_unicode_ci;
CREATE TABLE `xlite_sales_tax_translations` (
  `label_id` int(11) NOT NULL AUTO_INCREMENT,
  `id` int(10) unsigned DEFAULT NULL,
  `name` varchar(255) COLLATE utf8_unicode_ci NOT NULL,
  `code` char(2) COLLATE utf8_unicode_ci NOT NULL,
  PRIMARY KEY (`label_id`),
  KEY `IDX_F11466F5BF396750` (`id`),
  KEY `ci` (`code`,`id`),
  CONSTRAINT `FK_F11466F5BF396750` FOREIGN KEY (`id`) REFERENCES `xlite_sales_taxes` (`id`) ON DELETE CASCADE
) ENGINE=InnoDB DEFAULT CHARSET=utf8 COLLATE=utf8_unicode_ci;
CREATE TABLE `xlite_sales_taxes` (
  `id` int(10) unsigned NOT NULL AUTO_INCREMENT,
  `enabled` tinyint(1) NOT NULL,
  PRIMARY KEY (`id`)
) ENGINE=InnoDB DEFAULT CHARSET=utf8 COLLATE=utf8_unicode_ci;
CREATE TABLE `xlite_session_cells` (
  `cell_id` int(11) NOT NULL AUTO_INCREMENT,
  `id` int(11) DEFAULT NULL,
  `name` varchar(255) COLLATE utf8_unicode_ci NOT NULL,
  `value` longtext COLLATE utf8_unicode_ci NOT NULL,
  `type` varchar(16) COLLATE utf8_unicode_ci NOT NULL,
  PRIMARY KEY (`cell_id`),
  UNIQUE KEY `iname` (`id`,`name`),
  KEY `IDX_C8BF5944BF396750` (`id`),
  CONSTRAINT `FK_C8BF5944BF396750` FOREIGN KEY (`id`) REFERENCES `xlite_sessions` (`id`) ON DELETE CASCADE
) ENGINE=InnoDB DEFAULT CHARSET=utf8 COLLATE=utf8_unicode_ci;
CREATE TABLE `xlite_sessions` (
  `id` int(11) NOT NULL AUTO_INCREMENT,
  `sid` char(32) COLLATE utf8_unicode_ci NOT NULL,
  `expiry` int(10) unsigned NOT NULL,
  PRIMARY KEY (`id`),
  UNIQUE KEY `sid` (`sid`),
  KEY `expiry` (`expiry`)
) ENGINE=InnoDB DEFAULT CHARSET=utf8 COLLATE=utf8_unicode_ci;
CREATE TABLE `xlite_shipping_markups` (
  `markup_id` int(11) NOT NULL AUTO_INCREMENT,
  `method_id` int(11) DEFAULT NULL,
  `zone_id` int(11) DEFAULT NULL,
  `min_weight` decimal(14,2) NOT NULL,
  `max_weight` decimal(14,2) NOT NULL,
  `min_total` decimal(14,2) NOT NULL,
  `max_total` decimal(14,2) NOT NULL,
  `min_items` decimal(14,0) NOT NULL,
  `max_items` decimal(14,0) NOT NULL,
  `markup_flat` decimal(14,2) NOT NULL,
  `markup_percent` decimal(14,2) NOT NULL,
  `markup_per_item` decimal(14,2) NOT NULL,
  `markup_per_weight` decimal(14,2) NOT NULL,
  PRIMARY KEY (`markup_id`),
  KEY `IDX_2BE8DC419883967` (`method_id`),
  KEY `IDX_2BE8DC49F2C3FAB` (`zone_id`),
  KEY `rate` (`method_id`,`zone_id`,`min_weight`,`min_total`,`min_items`),
  KEY `max_weight` (`max_weight`),
  KEY `max_total` (`max_total`),
  KEY `max_items` (`max_items`),
  KEY `markup_flat` (`markup_flat`),
  KEY `markup_per_item` (`markup_per_item`),
  KEY `markup_percent` (`markup_percent`),
  KEY `markup_per_weight` (`markup_per_weight`),
  CONSTRAINT `FK_2BE8DC49F2C3FAB` FOREIGN KEY (`zone_id`) REFERENCES `xlite_zones` (`zone_id`) ON DELETE CASCADE,
  CONSTRAINT `FK_2BE8DC419883967` FOREIGN KEY (`method_id`) REFERENCES `xlite_shipping_methods` (`method_id`) ON DELETE CASCADE
) ENGINE=InnoDB DEFAULT CHARSET=utf8 COLLATE=utf8_unicode_ci;
INSERT INTO `xlite_shipping_markups` VALUES (1,114,1,0.00,999999.00,0.00,999999.00,0,999999,0.00,0.00,0.00,0.00),(2,115,1,0.00,999999.00,0.00,999999.00,0,999999,0.00,0.00,0.00,0.00),(3,162,2,0.00,999999.00,0.00,999999.00,0,999999,2.45,1.50,0.00,0.00),(4,162,3,0.00,999999.00,0.00,999999.00,0,999999,2.50,1.50,0.00,0.00),(5,162,1,0.00,999999.00,0.00,999999.00,0,999999,5.50,1.75,0.00,0.00),(6,163,2,0.00,999999.00,0.00,999999.00,0,999999,3.45,1.75,0.00,0.00),(7,163,3,0.00,999999.00,0.00,999999.00,0,999999,3.50,1.75,0.00,0.00),(8,163,1,0.00,999999.00,0.00,999999.00,0,999999,6.50,1.85,0.00,0.00);
CREATE TABLE `xlite_shipping_method_translations` (
  `label_id` int(11) NOT NULL AUTO_INCREMENT,
  `id` int(11) DEFAULT NULL,
  `name` varchar(255) COLLATE utf8_unicode_ci NOT NULL,
  `code` char(2) COLLATE utf8_unicode_ci NOT NULL,
  PRIMARY KEY (`label_id`),
  KEY `IDX_674AA5A0BF396750` (`id`),
  CONSTRAINT `FK_674AA5A0BF396750` FOREIGN KEY (`id`) REFERENCES `xlite_shipping_methods` (`method_id`) ON DELETE CASCADE
) ENGINE=InnoDB DEFAULT CHARSET=utf8 COLLATE=utf8_unicode_ci;
INSERT INTO `xlite_shipping_method_translations` VALUES (1,1,'FedEx Europe First International Priority','en'),(2,2,'FedEx 1Day<sup>&reg;</sup> Freight','en'),(3,3,'FedEx 2Day<sup>&reg;</sup>','en'),(4,4,'FedEx 2Day AM<sup>&reg;</sup>','en'),(5,5,'FedEx 2Day<sup>&reg;</sup> Freight','en'),(6,6,'FedEx 3Day<sup>&reg;</sup> Freight','en'),(7,7,'FedEx Express Saver<sup>&reg;</sup>','en'),(8,8,'FedEx First Freight<sup>&reg;</sup>','en'),(9,9,'FedEx Ground<sup>&reg;</sup>','en'),(10,10,'FedEx First Overnight<sup>&reg;</sup>','en'),(11,11,'FedEx Home Delivery<sup>&reg;</sup>','en'),(12,12,'FedEx International Distribution<sup>&reg;</sup> Freight','en'),(13,13,'FedEx International Economy<sup>&reg;</sup>','en'),(14,14,'FedEx International Economy Distribution<sup>&reg;</sup>','en'),(15,15,'FedEx International Economy<sup>&reg;</sup> Freight','en'),(16,16,'FedEx International First<sup>&reg;</sup>','en'),(17,17,'FedEx International Priority<sup>&reg;</sup>','en'),(18,18,'FedEx International Priority<sup>&reg;</sup> Distribution','en'),(19,19,'FedEx International Priority Freight<sup>&reg;</sup>','en'),(20,20,'FedEx Priority Overnight<sup>&reg;</sup>','en'),(21,21,'FedEx SmartPost<sup>&reg;</sup>/FedEx SmartPost<sup>&reg;</sup> International','en'),(22,22,'FedEx Standard Overnight<sup>&reg;</sup>','en'),(23,23,'U.S.P.S. First-Class Mail<sup>&#174;</sup> Parcel','en'),(24,24,'U.S.P.S. First-Class Mail<sup>&reg;</sup> Large Envelope','en'),(25,25,'U.S.P.S. First-Class Mail<sup>&reg;</sup> Large Postcards','en'),(26,26,'U.S.P.S. First-Class Mail<sup>&reg;</sup> Letter','en'),(27,27,'U.S.P.S. First-Class Mail<sup>&reg;</sup> Package','en'),(28,28,'U.S.P.S. First-Class Mail<sup>&reg;</sup> Postcards','en'),(29,29,'U.S.P.S. Priority Mail<sup>&reg;</sup>','en'),(30,30,'U.S.P.S. Priority Mail 2-Day<sup>&#8482;</sup>','en'),(31,31,'U.S.P.S. Express Mail<sup>&reg;</sup> Hold For Pickup','en'),(32,32,'U.S.P.S. Express Mail<sup>&reg;</sup>','en'),(33,33,'U.S.P.S. Priority Mail Express 1-Day<sup>&#8482;</sup>','en'),(34,34,'U.S.P.S. Parcel Post<sup>&reg;</sup>','en'),(35,35,'U.S.P.S. Standard Post<sup>&#174;</sup>','en'),(36,36,'U.S.P.S. Media Mail<sup>&#174;</sup>','en'),(37,37,'U.S.P.S. Library Mail','en'),(38,38,'U.S.P.S. Express Mail<sup>&reg;</sup> Flat Rate Envelope','en'),(39,39,'U.S.P.S. Priority Mail<sup>&reg;</sup> Flat Rate Envelope','en'),(40,40,'U.S.P.S. Priority Mail<sup>&reg;</sup> Medium Flat Rate Box','en'),(41,41,'U.S.P.S. Priority Mail<sup>&reg;</sup> Large Flat Rate Box','en'),(42,42,'U.S.P.S. Express Mail<sup>&reg;</sup> Sunday/Holiday Delivery','en'),(43,43,'U.S.P.S. Express Mail<sup>&reg;</sup> Sunday/Holiday Delivery Flat Rate Envelope','en'),(44,44,'U.S.P.S. Express Mail<sup>&reg;</sup> Flat Rate Envelope Hold For Pickup','en'),(45,45,'U.S.P.S. Priority Mail<sup>&reg;</sup> Small Flat Rate Box','en'),(46,46,'U.S.P.S. Priority Mail<sup>&reg;</sup> Padded Flat Rate Envelope','en'),(47,47,'U.S.P.S. Express Mail<sup>&reg;</sup> Legal Flat Rate Envelope','en'),(48,48,'U.S.P.S. Express Mail<sup>&reg;</sup> Legal Flat Rate Envelope Hold For Pickup','en'),(49,49,'U.S.P.S. Express Mail<sup>&reg;</sup> Sunday/Holiday Delivery Legal Flat Rate Envelope','en'),(50,50,'U.S.P.S. Priority Mail<sup>&reg;</sup> Gift Card Flat Rate Envelope','en'),(51,51,'U.S.P.S. Priority Mail<sup>&reg;</sup> Window Flat Rate Envelope','en'),(52,52,'U.S.P.S. Priority Mail<sup>&reg;</sup> Small Flat Rate Envelope','en'),(53,53,'U.S.P.S. Priority Mail<sup>&reg;</sup> Legal Flat Rate Envelope','en'),(54,54,'U.S.P.S. First-Class<sup>&#8482;</sup> Package Service','en'),(55,55,'U.S.P.S. Express Mail<sup>&reg;</sup> International','en'),(56,56,'U.S.P.S. Priority Mail<sup>&reg;</sup> International','en'),(57,57,'U.S.P.S. Global Express Guaranteed<sup>&reg;</sup> (GXG)','en'),(58,58,'U.S.P.S. Priority Mail<sup>&reg;</sup> International Medium Flat Rate Box','en'),(59,59,'U.S.P.S. Express Mail<sup>&reg;</sup> International Flat Rate Envelope','en'),(60,60,'U.S.P.S. Priority Mail<sup>&reg;</sup> International Large Flat Rate Box','en'),(61,61,'U.S.P.S. USPS GXG<sup>&trade;</sup> Envelopes','en'),(62,62,'U.S.P.S. First-Class Mail<sup>&reg;</sup> International Package','en'),(63,63,'U.S.P.S. Express Mail<sup>&reg;</sup> International Legal Flat Rate Envelope','en'),(64,64,'Regular Parcel','en'),(65,65,'Expedited Parcel','en'),(66,66,'Xpresspost','en'),(67,67,'Xpresspost Certified','en'),(68,68,'Priority','en'),(69,69,'Library Books','en'),(70,70,'Expedited Parcel USA','en'),(71,71,'Priority Worldwide Envelope USA','en'),(72,72,'Priority Worldwide pak USA','en'),(73,73,'Priority Worldwide Parcel USA','en'),(74,74,'Small Packet USA Air','en'),(75,75,'Tracked Packet – USA','en'),(76,76,'Tracked Packet – USA (LVM)','en'),(77,77,'Xpresspost USA','en'),(78,78,'Xpresspost International','en'),(79,79,'International Parcel Air','en'),(80,80,'International Parcel Surface','en'),(81,81,'Priority Worldwide Envelope International','en'),(82,82,'Priority Worldwide pak International','en'),(83,83,'Priority Worldwide parcel International','en'),(84,84,'Small Packet International Air','en'),(85,85,'Small Packet International Surface','en'),(86,86,'Tracked Packet – International','en'),(87,87,'UPS Next Day Air&reg;','en'),(88,88,'UPS 2nd Day Air&reg;','en'),(89,89,'UPS Ground','en'),(90,90,'UPS Worldwide Express','en'),(91,91,'UPS Worldwide Expedited','en'),(92,92,'UPS Standard','en'),(93,93,'UPS 3 Day Select&reg;','en'),(94,94,'UPS Next Day Air Saver&reg;','en'),(95,95,'UPS Next Day Air&reg; Early A.M.','en'),(96,96,'UPS Worldwide Express Plus','en'),(97,97,'UPS 2nd Day Air A.M.&reg;','en'),(98,98,'UPS Saver','en'),(99,99,'UPS Today StandardSM','en'),(100,100,'UPS Today Dedicated CourrierSM','en'),(101,101,'UPS Today Intercity','en'),(102,102,'UPS Today Express','en'),(103,103,'UPS Today Express Saver','en'),(104,104,'UPS WorldWide Express Freight','en'),(105,105,'UPS Express','en'),(106,106,'UPS Express Plus','en'),(107,107,'UPS ExpeditedSM','en'),(108,108,'UPS Worldwide ExpeditedSM','en'),(109,109,'UPS Worldwide ExpressSM','en'),(110,110,'UPS SaverSM','en'),(111,111,'UPS Express Early A.M. SM','en'),(112,112,'UPS Next Day Air&reg; Early A.M. SM','en'),(113,113,'UPS Worldwide Express PlusSM','en'),(114,114,'Free shipping','en'),(115,114,'Бесплатная доставка','ru'),(116,115,'Fixed shipping cost used','en'),(117,115,'Фиксированная стоимость доставки','ru'),(118,116,'Fixed fee','en'),(119,117,'No charge','en'),(120,118,'DHL Domestic Economy Select','en'),(121,119,'DHL Domestic Express 9 AM','en'),(122,120,'DHL Domestic Express 10:30 AM','en'),(123,121,'DHL Domestic Express 12 PM','en'),(124,122,'DHL Domestic Express (6 PM)','en'),(125,123,'DHL Worldwide Priority Express','en'),(126,124,'DHL Express 9 A.M.','en'),(127,125,'DHL Express 10:30 A.M.','en'),(128,126,'DHL Express 12 P.M.','en'),(129,127,'FedEx 2 Day','en'),(130,128,'FedEx 2 Day AM','en'),(131,129,'FedEx Express Saver','en'),(132,130,'FedEx First Overnight','en'),(133,131,'FedEx Priority Overnight','en'),(134,132,'FedEx Priority Overnight Saturday Delivery','en'),(135,133,'FedEx Standard Overnight','en'),(136,134,'FedEx Ground','en'),(137,135,'FedEx Home Delivery','en'),(138,136,'FedEx International Ground','en'),(139,137,'FedEx International Economy','en'),(140,138,'FedEx International First','en'),(141,139,'FedEx International Priority','en'),(142,140,'UPS Next Day Air','en'),(143,141,'UPS Next Day Air Early AM','en'),(144,142,'UPS Next Day Air Saturday Delivery','en'),(145,143,'UPS Next Day Air Saver','en'),(146,144,'UPS 2 Day Air AM','en'),(147,145,'UPS 2nd Day Air','en'),(148,146,'UPS 3 Day Select','en'),(149,147,'UPS Ground','en'),(150,148,'UPS Standard','en'),(151,149,'UPS Worldwide Express','en'),(152,150,'UPS Worldwide Saver','en'),(153,151,'UPS Worldwide Expedited','en'),(154,152,'U.S.P.S. First-Class Mail','en'),(155,153,'U.S.P.S. Priority Express','en'),(156,154,'U.S.P.S. Library','en'),(157,155,'U.S.P.S. Media Mail','en'),(158,156,'U.S.P.S. Priority Mail','en'),(159,157,'U.S.P.S. Standard Post','en'),(160,158,'U.S.P.S. First Class International','en'),(161,159,'U.S.P.S. Priority Mail International','en'),(162,160,'U.S.P.S. Priority Express Mail International','en'),(163,161,'U.S.P.S. Global Express Guaranteed','en'),(164,162,'Courier','en'),(165,162,'Доставка курьером','ru'),(166,163,'Local shipping','en'),(167,163,'Местная доставка','ru');
CREATE TABLE `xlite_shipping_methods` (
  `method_id` int(11) NOT NULL AUTO_INCREMENT,
  `tax_class_id` int(10) unsigned DEFAULT NULL,
  `free` tinyint(1) NOT NULL,
  `onDemand` tinyint(1) NOT NULL,
  `processor` varchar(255) COLLATE utf8_unicode_ci NOT NULL,
  `carrier` varchar(255) COLLATE utf8_unicode_ci NOT NULL,
  `code` varchar(255) COLLATE utf8_unicode_ci NOT NULL,
  `enabled` tinyint(1) NOT NULL,
  `position` int(11) NOT NULL,
  PRIMARY KEY (`method_id`),
  KEY `IDX_3BC5646FA94AAAE` (`tax_class_id`),
  KEY `processor` (`processor`),
  KEY `carrier` (`carrier`),
  KEY `enabled` (`enabled`),
  KEY `position` (`position`),
  CONSTRAINT `FK_3BC5646FA94AAAE` FOREIGN KEY (`tax_class_id`) REFERENCES `xlite_tax_classes` (`id`) ON DELETE SET NULL
) ENGINE=InnoDB DEFAULT CHARSET=utf8 COLLATE=utf8_unicode_ci;
INSERT INTO `xlite_shipping_methods` VALUES (1,NULL,0,0,'fedex','fedex','EUROPE_FIRST_INTERNATIONAL_PRIORITY',1,240),(2,NULL,0,0,'fedex','fedex','FEDEX_1_DAY_FREIGHT',1,250),(3,NULL,0,0,'fedex','fedex','FEDEX_2_DAY',1,260),(4,NULL,0,0,'fedex','fedex','FEDEX_2_DAY_AM',1,270),(5,NULL,0,0,'fedex','fedex','FEDEX_2_DAY_FREIGHT',1,280),(6,NULL,0,0,'fedex','fedex','FEDEX_3_DAY_FREIGHT',1,290),(7,NULL,0,0,'fedex','fedex','FEDEX_EXPRESS_SAVER',1,300),(8,NULL,0,0,'fedex','fedex','FEDEX_FIRST_FREIGHT',1,310),(9,NULL,0,0,'fedex','fedex','FEDEX_GROUND',1,320),(10,NULL,0,0,'fedex','fedex','FIRST_OVERNIGHT',1,330),(11,NULL,0,0,'fedex','fedex','GROUND_HOME_DELIVERY',1,340),(12,NULL,0,0,'fedex','fedex','INTERNATIONAL_DISTRIBUTION_FREIGHT',1,350),(13,NULL,0,0,'fedex','fedex','INTERNATIONAL_ECONOMY',1,360),(14,NULL,0,0,'fedex','fedex','INTERNATIONAL_ECONOMY_DISTRIBUTION',1,370),(15,NULL,0,0,'fedex','fedex','INTERNATIONAL_ECONOMY_FREIGHT',1,380),(16,NULL,0,0,'fedex','fedex','INTERNATIONAL_FIRST',1,390),(17,NULL,0,0,'fedex','fedex','INTERNATIONAL_PRIORITY',1,400),(18,NULL,0,0,'fedex','fedex','INTERNATIONAL_PRIORITY_DISTRIBUTION',1,410),(19,NULL,0,0,'fedex','fedex','INTERNATIONAL_PRIORITY_FREIGHT',1,420),(20,NULL,0,0,'fedex','fedex','PRIORITY_OVERNIGHT',1,430),(21,NULL,0,0,'fedex','fedex','SMART_POST',1,440),(22,NULL,0,0,'fedex','fedex','STANDARD_OVERNIGHT',1,450),(23,NULL,0,0,'usps','usps','D-0-849552316a16361a0fc58195948bebfb',1,730),(24,NULL,0,0,'usps','usps','D-0-a81b76fe49397e327ec5a6911751147a',1,740),(25,NULL,0,0,'usps','usps','D-15-3c4d0bc6c8d2b9f7b0b14215cb7c847e',1,750),(26,NULL,0,0,'usps','usps','D-0-d1dd1cef47fbbecdfa8d3a79a95d9ebf',1,760),(27,NULL,0,0,'usps','usps','D-0-c31962d3103cf45959b378a2e9cdc5a5',1,770),(28,NULL,0,0,'usps','usps','D-0-e67f136180b9f5fdd18db45563e4882c',1,780),(29,NULL,0,0,'usps','usps','D-1-afad3f463c5ece04d49c5d8eca19f6ac',1,790),(30,NULL,0,0,'usps','usps','D-1-0e5227e34cbc5be6ae49dafa4f4c30cb',1,795),(31,NULL,0,0,'usps','usps','D-2-61923434177910f39bbf942a341271b9',1,800),(32,NULL,0,0,'usps','usps','D-3-45b59a7063b971a09e17b755946c9b22',1,810),(33,NULL,0,0,'usps','usps','D-3-56d88a75443646cb125ef07157e4e05a',1,815),(34,NULL,0,0,'usps','usps','D-4-52663d525bdb025ea325e5c3a0cb03a3',1,820),(35,NULL,0,0,'usps','usps','D-4-b5a8be0138856b955fa99e7af066c94c',1,825),(36,NULL,0,0,'usps','usps','D-6-c7abda37422d0fcdef7b4c394b313d4e',1,830),(37,NULL,0,0,'usps','usps','D-7-c8129cdc3e98fa21d9cf9167e9cab597',1,840),(38,NULL,0,0,'usps','usps','D-13-8841b3ccfce67edefb03a94050f03b3b',1,850),(39,NULL,0,0,'usps','usps','D-16-ace19ca139e7dc141c15d4a2f97b6782',1,860),(40,NULL,0,0,'usps','usps','D-17-edd8fd63fd436cf0cf71653292d8057d',1,870),(41,NULL,0,0,'usps','usps','D-22-b9c431ec2f4d427cd0bc6bcabb4cc79d',1,880),(42,NULL,0,0,'usps','usps','D-23-e5777e7ab84e7923023391399711ac0b',1,890),(43,NULL,0,0,'usps','usps','D-25-e5ab7840d6aa12c939bd2a2c676aa9ca',1,900),(44,NULL,0,0,'usps','usps','D-27-61eadc6fa8c4109a82360451b1a85316',1,910),(45,NULL,0,0,'usps','usps','D-28-b56b4c43a2a69ad143f0a360abc53847',1,920),(46,NULL,0,0,'usps','usps','D-29-7241638572afb8e35f6ac37dad051875',1,930),(47,NULL,0,0,'usps','usps','D-30-ade7661b6881e2fdf38e8a3ecc4d600c',1,940),(48,NULL,0,0,'usps','usps','D-31-1e153a7f9b114152b084407d6e643737',1,950),(49,NULL,0,0,'usps','usps','D-32-83c3d98eb6f91f7d9b9f7c10c1b45096',1,960),(50,NULL,0,0,'usps','usps','D-38-38d44159a14a13ba7c90837df05b1a9f',1,970),(51,NULL,0,0,'usps','usps','D-40-98fe917f0a5c410e5859fbcc08a86383',1,980),(52,NULL,0,0,'usps','usps','D-42-be7a5f5e21865d87767fb5cca02ce3a1',1,990),(53,NULL,0,0,'usps','usps','D-44-f4a424030226c25bcdc19598076fb295',1,1000),(54,NULL,0,0,'usps','usps','D-61-3977645bc5fd39059da026d386e65bbe',1,1005),(55,NULL,0,0,'usps','usps','I-1-6e2c366e2448bc34408ecaedf3606f0d',1,1010),(56,NULL,0,0,'usps','usps','I-2-d855b63c6bd8d97c5d9c4840747d8719',1,1020),(57,NULL,0,0,'usps','usps','I-4-e2ac2a87229db380023d6af101839045',1,1030),(58,NULL,0,0,'usps','usps','I-9-5ebf182e778d3d0c5d2cd96a17bf6364',1,1040),(59,NULL,0,0,'usps','usps','I-10-f77a9f4bd761cd740d0d78f1047fa951',1,1050),(60,NULL,0,0,'usps','usps','I-11-beec5db921d5bb02ea35e3a934d8b768',1,1060),(61,NULL,0,0,'usps','usps','I-12-16af3c527b1e5d1f2595358b48d61449',1,1070),(62,NULL,0,0,'usps','usps','I-15-fdebfa8649d935909084454bdc99343d',1,1080),(63,NULL,0,0,'usps','usps','I-17-f85b7aed6afb59ddfd2e2edfa6354f69',1,1090),(64,NULL,0,0,'capost','capost','DOM.RP',1,10),(65,NULL,0,0,'capost','capost','DOM.EP',1,20),(66,NULL,0,0,'capost','capost','DOM.XP',1,30),(67,NULL,0,0,'capost','capost','DOM.XP.CERT',1,40),(68,NULL,0,0,'capost','capost','DOM.PC',1,50),(69,NULL,0,0,'capost','capost','DOM.LIB',1,60),(70,NULL,0,0,'capost','capost','USA.EP',1,70),(71,NULL,0,0,'capost','capost','USA.PW.ENV',1,80),(72,NULL,0,0,'capost','capost','USA.PW.PAK',1,90),(73,NULL,0,0,'capost','capost','USA.PW.PARCEL',1,100),(74,NULL,0,0,'capost','capost','USA.SP.AIR',1,110),(75,NULL,0,0,'capost','capost','USA.TP',1,120),(76,NULL,0,0,'capost','capost','USA.TP.LVM',1,130),(77,NULL,0,0,'capost','capost','USA.XP',1,140),(78,NULL,0,0,'capost','capost','INT.XP',1,150),(79,NULL,0,0,'capost','capost','INT.IP.AIR',1,160),(80,NULL,0,0,'capost','capost','INT.IP.SURF',1,170),(81,NULL,0,0,'capost','capost','INT.PW.ENV',1,180),(82,NULL,0,0,'capost','capost','INT.PW.PAK',1,190),(83,NULL,0,0,'capost','capost','INT.PW.PARCEL',1,200),(84,NULL,0,0,'capost','capost','INT.SP.AIR',1,210),(85,NULL,0,0,'capost','capost','INT.SP.SURF',1,220),(86,NULL,0,0,'capost','capost','INT.TP',1,230),(87,NULL,0,0,'ups','ups','NDA',1,470),(88,NULL,0,0,'ups','ups','2DA',1,480),(89,NULL,0,0,'ups','ups','GND',1,490),(90,NULL,0,0,'ups','ups','WEXP',1,500),(91,NULL,0,0,'ups','ups','WEXD',1,510),(92,NULL,0,0,'ups','ups','STD',1,520),(93,NULL,0,0,'ups','ups','3DS',1,530),(94,NULL,0,0,'ups','ups','NDAS',1,540),(95,NULL,0,0,'ups','ups','NDAE',1,550),(96,NULL,0,0,'ups','ups','WEXPP',1,560),(97,NULL,0,0,'ups','ups','2DAAM',1,570),(98,NULL,0,0,'ups','ups','SAV',1,580),(99,NULL,0,0,'ups','ups','TSTD',1,590),(100,NULL,0,0,'ups','ups','TDC',1,600),(101,NULL,0,0,'ups','ups','TI',1,610),(102,NULL,0,0,'ups','ups','TEXP',1,620),(103,NULL,0,0,'ups','ups','TEXPS',1,630),(104,NULL,0,0,'ups','ups','WEXPF',1,640),(105,NULL,0,0,'ups','ups','EXP',1,650),(106,NULL,0,0,'ups','ups','EXPP',1,660),(107,NULL,0,0,'ups','ups','EXDSM',1,670),(108,NULL,0,0,'ups','ups','WEXDSM',1,680),(109,NULL,0,0,'ups','ups','WEXPSM',1,690),(110,NULL,0,0,'ups','ups','SAVSM',1,700),(111,NULL,0,0,'ups','ups','EXPEAMSM',1,710),(112,NULL,0,0,'ups','ups','NDAEAMSM',1,720),(113,NULL,0,0,'ups','ups','WEXPPSM',1,730),(114,NULL,1,0,'offline','','FREESHIP',1,10000),(115,NULL,0,0,'offline','','FIXEDFEE',1,10010),(116,NULL,0,0,'auctionInc','auctionInc','FF_FIXEDFEE',1,0),(117,NULL,0,0,'auctionInc','auctionInc','NOCHG_NOCHG',1,0),(118,NULL,0,0,'auctionInc','auctionInc','DHL_DHLES',1,110),(119,NULL,0,0,'auctionInc','auctionInc','DHL_DHLEXA',1,120),(120,NULL,0,0,'auctionInc','auctionInc','DHL_DHLEXM',1,130),(121,NULL,0,0,'auctionInc','auctionInc','DHL_DHLEXP',1,140),(122,NULL,0,0,'auctionInc','auctionInc','DHL_DHLDE',1,150),(123,NULL,0,0,'auctionInc','auctionInc','DHL_DHLWPE',1,160),(124,NULL,0,0,'auctionInc','auctionInc','DHL_DHL9AM',1,170),(125,NULL,0,0,'auctionInc','auctionInc','DHL_DHL10AM',1,180),(126,NULL,0,0,'auctionInc','auctionInc','DHL_DHL12PM',1,190),(127,NULL,0,0,'auctionInc','auctionInc','FEDEX_FDX2D',1,200),(128,NULL,0,0,'auctionInc','auctionInc','FEDEX_FDX2DAM',1,210),(129,NULL,0,0,'auctionInc','auctionInc','FEDEX_FDXES',1,220),(130,NULL,0,0,'auctionInc','auctionInc','FEDEX_FDXFO',1,230),(131,NULL,0,0,'auctionInc','auctionInc','FEDEX_FDXPO',1,240),(132,NULL,0,0,'auctionInc','auctionInc','FEDEX_FDXPOS',1,250),(133,NULL,0,0,'auctionInc','auctionInc','FEDEX_FDXSO',1,260),(134,NULL,0,0,'auctionInc','auctionInc','FEDEX_FDXGND',1,270),(135,NULL,0,0,'auctionInc','auctionInc','FEDEX_FDXHD',1,280),(136,NULL,0,0,'auctionInc','auctionInc','FEDEX_FDXIGND',1,290),(137,NULL,0,0,'auctionInc','auctionInc','FEDEX_FDXIE',1,300),(138,NULL,0,0,'auctionInc','auctionInc','FEDEX_FDXIF',1,310),(139,NULL,0,0,'auctionInc','auctionInc','FEDEX_FDXIP',1,320),(140,NULL,0,0,'auctionInc','auctionInc','UPS_UPSNDA',1,330),(141,NULL,0,0,'auctionInc','auctionInc','UPS_UPSNDE',1,340),(142,NULL,0,0,'auctionInc','auctionInc','UPS_UPSNDAS',1,350),(143,NULL,0,0,'auctionInc','auctionInc','UPS_UPSNDS',1,360),(144,NULL,0,0,'auctionInc','auctionInc','UPS_UPS2DE',1,370),(145,NULL,0,0,'auctionInc','auctionInc','UPS_UPS2ND',1,380),(146,NULL,0,0,'auctionInc','auctionInc','UPS_UPS3DS',1,390),(147,NULL,0,0,'auctionInc','auctionInc','UPS_UPSGND',1,400),(148,NULL,0,0,'auctionInc','auctionInc','UPS_UPSCAN',1,410),(149,NULL,0,0,'auctionInc','auctionInc','UPS_UPSWEX',1,420),(150,NULL,0,0,'auctionInc','auctionInc','UPS_UPSWSV',1,430),(151,NULL,0,0,'auctionInc','auctionInc','UPS_UPSWEP',1,440),(152,NULL,0,0,'auctionInc','auctionInc','USPS_USPFC',1,450),(153,NULL,0,1,'auctionInc','auctionInc','USPS_USPEXP',1,460),(154,NULL,0,0,'auctionInc','auctionInc','USPS_USPLIB',1,470),(155,NULL,0,1,'auctionInc','auctionInc','USPS_USPMM',1,480),(156,NULL,0,1,'auctionInc','auctionInc','USPS_USPPM',1,490),(157,NULL,0,0,'auctionInc','auctionInc','USPS_USPPP',1,500),(158,NULL,0,0,'auctionInc','auctionInc','USPS_USPFCI',1,510),(159,NULL,0,0,'auctionInc','auctionInc','USPS_USPPMI',1,520),(160,NULL,0,0,'auctionInc','auctionInc','USPS_USPEMI',1,530),(161,NULL,0,0,'auctionInc','auctionInc','USPS_USPGXG',1,540),(162,NULL,0,0,'offline','','',1,10010),(163,NULL,0,0,'offline','','',1,10020);
CREATE TABLE `xlite_states` (
  `state_id` int(11) NOT NULL AUTO_INCREMENT,
  `country_code` char(2) COLLATE utf8_unicode_ci DEFAULT NULL,
  `region_code` varchar(10) COLLATE utf8_unicode_ci DEFAULT NULL,
  `state` varchar(64) COLLATE utf8_unicode_ci NOT NULL,
  `code` varchar(64) COLLATE utf8_unicode_ci NOT NULL,
  PRIMARY KEY (`state_id`),
  UNIQUE KEY `code` (`code`,`country_code`),
  KEY `IDX_4E766996F026BB7C` (`country_code`),
  KEY `IDX_4E766996AEB327AF` (`region_code`),
  KEY `state` (`state`),
  CONSTRAINT `FK_4E766996AEB327AF` FOREIGN KEY (`region_code`) REFERENCES `xlite_regions` (`code`) ON DELETE CASCADE,
  CONSTRAINT `FK_4E766996F026BB7C` FOREIGN KEY (`country_code`) REFERENCES `xlite_countries` (`code`) ON DELETE CASCADE
) ENGINE=InnoDB DEFAULT CHARSET=utf8 COLLATE=utf8_unicode_ci;
INSERT INTO `xlite_states` VALUES (1,'AR',NULL,'Buenos Aires','B'),(2,'AR',NULL,'Catamarca','K'),(3,'AR',NULL,'Chaco','H'),(4,'AR',NULL,'Chubut','U'),(5,'AR',NULL,'Ciudad de Buenos Aires','C'),(6,'AR',NULL,'Córdoba','X'),(7,'AR',NULL,'Corrientes','W'),(8,'AR',NULL,'Entre Ríos','E'),(9,'AR',NULL,'Formosa','P'),(10,'AR',NULL,'Jujuy','Y'),(11,'AR',NULL,'La Pampa','L'),(12,'AR',NULL,'La Rioja','F'),(13,'AR',NULL,'Mendoza','M'),(14,'AR',NULL,'Misiones','N'),(15,'AR',NULL,'Neuquén','Q'),(16,'AR',NULL,'Río Negro','R'),(17,'AR',NULL,'Salta','A'),(18,'AR',NULL,'San Juan','J'),(19,'AR',NULL,'San Luis','D'),(20,'AR',NULL,'Santa Cruz','Z'),(21,'AR',NULL,'Santa Fe','S'),(22,'AR',NULL,'Santiago del Estero','G'),(23,'AR',NULL,'Tierra del Fuego','V'),(24,'AR',NULL,'Tucumán','T'),(25,'BR',NULL,'Distrito Federal','DF'),(26,'BR',NULL,'Acre','AC'),(27,'BR',NULL,'Alagoas','AL'),(28,'BR',NULL,'Amapá','AP'),(29,'BR',NULL,'Amazonas','AM'),(30,'BR',NULL,'Bahia','BA'),(31,'BR',NULL,'Ceará','CE'),(32,'BR',NULL,'Espírito Santo','ES'),(33,'BR',NULL,'Goiás','GO'),(34,'BR',NULL,'Maranhão','MA'),(35,'BR',NULL,'Mato Grosso','MT'),(36,'BR',NULL,'Mato Grosso do Sul','MS'),(37,'BR',NULL,'Minas Gerais','MG'),(38,'BR',NULL,'Pará','PA'),(39,'BR',NULL,'Paraíba','PB'),(40,'BR',NULL,'Paraná','PR'),(41,'BR',NULL,'Pernambuco','PE'),(42,'BR',NULL,'Piauí','PI'),(43,'BR',NULL,'Rio de Janeiro','RJ'),(44,'BR',NULL,'Rio Grande do Norte','RN'),(45,'BR',NULL,'Rio Grande do Sul','RS'),(46,'BR',NULL,'Rondônia','RO'),(47,'BR',NULL,'Roraima','RR'),(48,'BR',NULL,'Santa Catarina','SC'),(49,'BR',NULL,'São Paulo','SP'),(50,'BR',NULL,'Sergipe','SE'),(51,'BR',NULL,'Tocantins','TO'),(52,'CA',NULL,'Alberta','AB'),(53,'CA',NULL,'British Columbia','BC'),(54,'CA',NULL,'Manitoba','MB'),(55,'CA',NULL,'New Brunswick','NB'),(56,'CA',NULL,'Newfoundland and Labrador','NF'),(57,'CA',NULL,'Nova Scotia','NS'),(58,'CA',NULL,'Northwest Territories\'','NT'),(59,'CA',NULL,'Nunavut','NU'),(60,'CA',NULL,'Ontario','ON'),(61,'CA',NULL,'Prince Edward Island','PE'),(62,'CA',NULL,'Quebec','QC'),(63,'CA',NULL,'Saskatchewan','SK'),(64,'CA',NULL,'Yukon','YT'),(65,'CN',NULL,'Anhui','34'),(66,'CN',NULL,'Beijing','11'),(67,'CN',NULL,'Chongqing','50'),(68,'CN',NULL,'Fujian','35'),(69,'CN',NULL,'Gansu','62'),(70,'CN',NULL,'Guangdong','44'),(71,'CN',NULL,'Guangxi','45'),(72,'CN',NULL,'Guizhou','52'),(73,'CN',NULL,'Hainan','46'),(74,'CN',NULL,'Hebei','13'),(75,'CN',NULL,'Heilongjiang','23'),(76,'CN',NULL,'Henan','41'),(77,'CN',NULL,'Hong Kong','91'),(78,'CN',NULL,'Hubei','42'),(79,'CN',NULL,'Hunan','43'),(80,'CN',NULL,'Jiangsu','32'),(81,'CN',NULL,'Jiangxi','36'),(82,'CN',NULL,'Jilin','22'),(83,'CN',NULL,'Liaoning','21'),(84,'CN',NULL,'Macao','92'),(85,'CN',NULL,'Nei Mongol','15'),(86,'CN',NULL,'Ningxia','64'),(87,'CN',NULL,'Qinghai','63'),(88,'CN',NULL,'Shaanxi','61'),(89,'CN',NULL,'Shandong','37'),(90,'CN',NULL,'Shanghai','31'),(91,'CN',NULL,'Shanxi','14'),(92,'CN',NULL,'Sichuan','51'),(93,'CN',NULL,'Taiwan','71'),(94,'CN',NULL,'Tianjin','12'),(95,'CN',NULL,'Xinjiang','65'),(96,'CN',NULL,'Xizang','54'),(97,'CN',NULL,'Yunnan','53'),(98,'CN',NULL,'Zhejiang','33'),(99,'IN',NULL,'Andaman and Nicobar Islands','AN'),(100,'IN',NULL,'Andhra Pradesh','AP'),(101,'IN',NULL,'Arunachal Pradesh','AR'),(102,'IN',NULL,'Assam','AS'),(103,'IN',NULL,'Bihar','BR'),(104,'IN',NULL,'Chandigarh','CH'),(105,'IN',NULL,'Chhattisgar','CT'),(106,'IN',NULL,'Dadra and Nagar Haveli','DN'),(107,'IN',NULL,'Daman and Diu','DD'),(108,'IN',NULL,'Delhi','DL'),(109,'IN',NULL,'Goa','GA'),(110,'IN',NULL,'Gujarat','GJ'),(111,'IN',NULL,'Haryana','HR'),(112,'IN',NULL,'Himachal Pradesh','HP'),(113,'IN',NULL,'Jammu and Kashmir','JK'),(114,'IN',NULL,'Jharkhand','JH'),(115,'IN',NULL,'Karnataka','KA'),(116,'IN',NULL,'Kerala','KL'),(117,'IN',NULL,'Lakshadweep','LD'),(118,'IN',NULL,'Madhya Pradesh','MP'),(119,'IN',NULL,'Maharashtra','MH'),(120,'IN',NULL,'Manipur','MN'),(121,'IN',NULL,'Meghalaya','ML'),(122,'IN',NULL,'Mizoram','MZ'),(123,'IN',NULL,'Nagaland','NL'),(124,'IN',NULL,'Odish','OR'),(125,'IN',NULL,'Puducherry','PY'),(126,'IN',NULL,'Punjab','PB'),(127,'IN',NULL,'Rajasthan','RJ'),(128,'IN',NULL,'Sikkim','SK'),(129,'IN',NULL,'Tamil Nadu','TN'),(130,'IN',NULL,'Telangan','TG'),(131,'IN',NULL,'Tripura','TR'),(132,'IN',NULL,'Uttarakhan','UT'),(133,'IN',NULL,'Uttar Pradesh','UP'),(134,'IN',NULL,'West Bengal','WB'),(135,'ID',NULL,'Aceh','AC'),(136,'ID',NULL,'Bali','BA'),(137,'ID',NULL,'Bangka–Belitung Islands','BB'),(138,'ID',NULL,'Banten','BT'),(139,'ID',NULL,'Bengkulu','BE'),(140,'ID',NULL,'Central Java','JT'),(141,'ID',NULL,'Central Kalimantan','KT'),(142,'ID',NULL,'Central Sulawesi','ST'),(143,'ID',NULL,'East Java','JI'),(144,'ID',NULL,'East Kalimantan','KI'),(145,'ID',NULL,'East Nusa Tenggara','NT'),(146,'ID',NULL,'Gorontalo','GO'),(147,'ID',NULL,'Jakarta','JK'),(148,'ID',NULL,'Jambi','JA'),(149,'ID',NULL,'Lampung','LA'),(150,'ID',NULL,'Maluku','MA'),(151,'ID',NULL,'North Kalimantan','KU'),(152,'ID',NULL,'North Maluku','MU'),(153,'ID',NULL,'North Sulawesi','SA'),(154,'ID',NULL,'North Sumatra','SU'),(155,'ID',NULL,'Papua','PA'),(156,'ID',NULL,'Riau','RI'),(157,'ID',NULL,'Riau Islands','KR'),(158,'ID',NULL,'South Kalimantan','KS'),(159,'ID',NULL,'South Sulawesi','SN'),(160,'ID',NULL,'South Sumatra','SS'),(161,'ID',NULL,'Southeast Sulawesi','SG'),(162,'ID',NULL,'West Java','JB'),(163,'ID',NULL,'West Kalimantan','KB'),(164,'ID',NULL,'West Nusa Tenggara','NB'),(165,'ID',NULL,'West Papua','PB'),(166,'ID',NULL,'West Sulawesi','SR'),(167,'ID',NULL,'West Sumatra','SB'),(168,'ID',NULL,'Yogyakarta','YO'),(169,'JP',NULL,'Aichi','23'),(170,'JP',NULL,'Akita','05'),(171,'JP',NULL,'Aomori','02'),(172,'JP',NULL,'Chiba','12'),(173,'JP',NULL,'Ehime','38'),(174,'JP',NULL,'Fukui','18'),(175,'JP',NULL,'Fukuoka','40'),(176,'JP',NULL,'Fukushima','07'),(177,'JP',NULL,'Gifu','21'),(178,'JP',NULL,'Gumma','10'),(179,'JP',NULL,'Hiroshima','34'),(180,'JP',NULL,'Hokkaido','01'),(181,'JP',NULL,'Hyogo','28'),(182,'JP',NULL,'Ibaraki','08'),(183,'JP',NULL,'Ishikawa','17'),(184,'JP',NULL,'Iwate','03'),(185,'JP',NULL,'Kagawa','37'),(186,'JP',NULL,'Kagoshima','46'),(187,'JP',NULL,'Kanagawa','14'),(188,'JP',NULL,'Kochi','39'),(189,'JP',NULL,'Kumamoto','43'),(190,'JP',NULL,'Kyoto','26'),(191,'JP',NULL,'Mie','24'),(192,'JP',NULL,'Miyagi','04'),(193,'JP',NULL,'Miyazaki','45'),(194,'JP',NULL,'Nagano','20'),(195,'JP',NULL,'Nagasaki','42'),(196,'JP',NULL,'Nara','29'),(197,'JP',NULL,'Niigata','15'),(198,'JP',NULL,'Oita','44'),(199,'JP',NULL,'Okayama','33'),(200,'JP',NULL,'Okinawa','47'),(201,'JP',NULL,'Osaka','27'),(202,'JP',NULL,'Saga','41'),(203,'JP',NULL,'Saitama','11'),(204,'JP',NULL,'Shiga','25'),(205,'JP',NULL,'Shimane','32'),(206,'JP',NULL,'Shizuoka','22'),(207,'JP',NULL,'Tochigi','09'),(208,'JP',NULL,'Tokushima','36'),(209,'JP',NULL,'Tokyo','13'),(210,'JP',NULL,'Tottori','31'),(211,'JP',NULL,'Toyama','16'),(212,'JP',NULL,'Wakayama','30'),(213,'JP',NULL,'Yamagata','06'),(214,'JP',NULL,'Yamaguchi','35'),(215,'JP',NULL,'Yamanashi','19'),(216,'MX',NULL,'Aguascalientes','AGU'),(217,'MX',NULL,'Baja California','BCN'),(218,'MX',NULL,'Baja California Sur','BCS'),(219,'MX',NULL,'Campeche','CAM'),(220,'MX',NULL,'Coahuila','COA'),(221,'MX',NULL,'Colima','COL'),(222,'MX',NULL,'Chiapas','CHP'),(223,'MX',NULL,'Chihuahua','CHH'),(224,'MX',NULL,'Distrito Federal','DIF'),(225,'MX',NULL,'Durango','DUR'),(226,'MX',NULL,'Guanajuato','GUA'),(227,'MX',NULL,'Guerrero','GRO'),(228,'MX',NULL,'Hidalgo','HID'),(229,'MX',NULL,'Jalisco','JAL'),(230,'MX',NULL,'México','MEX'),(231,'MX',NULL,'Michoacán','MIC'),(232,'MX',NULL,'Morelos','MOR'),(233,'MX',NULL,'Nayarit','NAY'),(234,'MX',NULL,'Nuevo León','NLE'),(235,'MX',NULL,'Oaxaca','OAX'),(236,'MX',NULL,'Puebla','PUE'),(237,'MX',NULL,'Querétaro','QUE'),(238,'MX',NULL,'Quintana Roo','ROO'),(239,'MX',NULL,'San Luis Potosí','SLP'),(240,'MX',NULL,'Sinaloa','SIN'),(241,'MX',NULL,'Sonora','SON'),(242,'MX',NULL,'Tabasco','TAB'),(243,'MX',NULL,'Tamaulipas','TAM'),(244,'MX',NULL,'Tlaxcala','TLA'),(245,'MX',NULL,'Veracruz','VER'),(246,'MX',NULL,'Yucatán','YUC'),(247,'MX',NULL,'Zacatecas','ZAC'),(248,'TH',NULL,'Amnat Charoen','37'),(249,'TH',NULL,'Ang Thong','15'),(250,'TH',NULL,'Bueng Kan','38'),(251,'TH',NULL,'Buri Ram','31'),(252,'TH',NULL,'Chachoengsao','24'),(253,'TH',NULL,'Chai Nat','18'),(254,'TH',NULL,'Chaiyaphum','36'),(255,'TH',NULL,'Chanthaburi','22'),(256,'TH',NULL,'Chiang Mai','50'),(257,'TH',NULL,'Chiang Rai','57'),(258,'TH',NULL,'Chon Buri','20'),(259,'TH',NULL,'Chumphon','86'),(260,'TH',NULL,'Kalasin','46'),(261,'TH',NULL,'Kamphaeng Phet','62'),(262,'TH',NULL,'Kanchanaburi','71'),(263,'TH',NULL,'Khon Kaen','40'),(264,'TH',NULL,'Krabi','81'),(265,'TH',NULL,'Krung Thep Maha Nakhon (Bangkok)','10'),(266,'TH',NULL,'Lampang','52'),(267,'TH',NULL,'Lamphun','51'),(268,'TH',NULL,'Loei','42'),(269,'TH',NULL,'Lop Buri','16'),(270,'TH',NULL,'Mae Hong Son','58'),(271,'TH',NULL,'Maha Sarakham','44'),(272,'TH',NULL,'Mukdahan','49'),(273,'TH',NULL,'Nakhon Nayok','26'),(274,'TH',NULL,'Nakhon Pathom','73'),(275,'TH',NULL,'Nakhon Phanom','48'),(276,'TH',NULL,'Nakhon Ratchasima','30'),(277,'TH',NULL,'Nakhon Sawan','60'),(278,'TH',NULL,'Nakhon Si Thammarat','80'),(279,'TH',NULL,'Nan','55'),(280,'TH',NULL,'Narathiwat','96'),(281,'TH',NULL,'Nong Bua Lam Phu','39'),(282,'TH',NULL,'Nong Khai','43'),(283,'TH',NULL,'Nonthaburi','12'),(284,'TH',NULL,'Pathum Thani','13'),(285,'TH',NULL,'Pattani','94'),(286,'TH',NULL,'Phangnga','82'),(287,'TH',NULL,'Phatthalung','93'),(288,'TH',NULL,'Phatthaya','S'),(289,'TH',NULL,'Phayao','56'),(290,'TH',NULL,'Phetchabun','67'),(291,'TH',NULL,'Phetchaburi','76'),(292,'TH',NULL,'Phichit','66'),(293,'TH',NULL,'Phitsanulok','65'),(294,'TH',NULL,'Phrae','54'),(295,'TH',NULL,'Phra Nakhon Si Ayutthaya','14'),(296,'TH',NULL,'Phuket','83'),(297,'TH',NULL,'Prachin Buri','25'),(298,'TH',NULL,'Prachuap Khiri Khan','77'),(299,'TH',NULL,'Ranong','85'),(300,'TH',NULL,'Ratchaburi','70'),(301,'TH',NULL,'Rayong','21'),(302,'TH',NULL,'Roi Et','45'),(303,'TH',NULL,'Sa Kaeo','27'),(304,'TH',NULL,'Sakon Nakhon','47'),(305,'TH',NULL,'Samut Prakan','11'),(306,'TH',NULL,'Samut Sakhon','74'),(307,'TH',NULL,'Samut Songkhram','75'),(308,'TH',NULL,'Saraburi','19'),(309,'TH',NULL,'Satun','91'),(310,'TH',NULL,'Sing Buri','17'),(311,'TH',NULL,'Si Sa Ket','33'),(312,'TH',NULL,'Songkhla','90'),(313,'TH',NULL,'Sukhothai','64'),(314,'TH',NULL,'Suphan Buri','72'),(315,'TH',NULL,'Surat Thani','84'),(316,'TH',NULL,'Surin','32'),(317,'TH',NULL,'Tak','63'),(318,'TH',NULL,'Trang','92'),(319,'TH',NULL,'Trat','23'),(320,'TH',NULL,'Ubon Ratchathani','34'),(321,'TH',NULL,'Udon Thani','41'),(322,'TH',NULL,'Uthai Thani','61'),(323,'TH',NULL,'Uttaradit','53'),(324,'TH',NULL,'Yala','95'),(325,'TH',NULL,'Yasothon','35'),(326,'GB','GB-SCT','Aberdeen City','ABE'),(327,'GB','GB-SCT','Aberdeenshire','ABD'),(328,'GB','GB-SCT','Angus','ANS'),(329,'GB','GB-NIR','Antrim','ANT'),(330,'GB','GB-NIR','Ards','ARD'),(331,'GB','GB-SCT','Argyll and Bute','AGB'),(332,'GB','GB-NIR','Armagh','ARM'),(333,'GB','GB-NIR','Ballymena','BLA'),(334,'GB','GB-NIR','Ballymoney','BLY'),(335,'GB','GB-NIR','Banbridge','BNB'),(336,'GB','GB-ENG','Barking and Dagenham','BDG'),(337,'GB','GB-ENG','Barnet','BNE'),(338,'GB','GB-ENG','Barnsley','BNS'),(339,'GB','GB-ENG','Bath and North East Somerset','BAS'),(340,'GB','GB-ENG','Bedford','BDF'),(341,'GB','GB-NIR','Belfast','BFS'),(342,'GB','GB-ENG','Bexley','BEX'),(343,'GB','GB-ENG','Birmingham','BIR'),(344,'GB','GB-ENG','Blackburn with Darwen','BBD'),(345,'GB','GB-ENG','Blackpool','BPL'),(346,'GB','GB-WLS','Blaenau Gwent','BGW'),(347,'GB','GB-ENG','Bolton','BOL'),(348,'GB','GB-ENG','Bournemouth','BMH'),(349,'GB','GB-ENG','Bracknell Forest','BRC'),(350,'GB','GB-ENG','Bradford','BRD'),(351,'GB','GB-ENG','Brent','BEN'),(352,'GB','GB-WLS','Bridgend','BGE'),(353,'GB','GB-ENG','Brighton and Hove','BNH'),(354,'GB','GB-ENG','Bristol, City of','BST'),(355,'GB','GB-ENG','Bromley','BRY'),(356,'GB','GB-ENG','Buckinghamshire','BKM'),(357,'GB','GB-ENG','Bury','BUR'),(358,'GB','GB-WLS','Caerphilly','CAY'),(359,'GB','GB-ENG','Calderdale','CLD'),(360,'GB','GB-ENG','Cambridgeshire','CAM'),(361,'GB','GB-ENG','Camden','CMD'),(362,'GB','GB-WLS','Cardiff','CRF'),(363,'GB','GB-WLS','Carmarthenshire','CMN'),(364,'GB','GB-NIR','Carrickfergus','CKF'),(365,'GB','GB-NIR','Castlereagh','CSR'),(366,'GB','GB-ENG','Central Bedfordshire','CBF'),(367,'GB','GB-WLS','Ceredigion','CGN'),(368,'GB','GB-ENG','Cheshire East','CHE'),(369,'GB','GB-ENG','Cheshire West and Chester','CHW'),(370,'GB','GB-SCT','Clackmannanshire','CLK'),(371,'GB','GB-NIR','Coleraine','CLR'),(372,'GB','GB-WLS','Conwy','CWY'),(373,'GB','GB-NIR','Cookstown','CKT'),(374,'GB','GB-ENG','Cornwall','CON'),(375,'GB','GB-ENG','Coventry','COV'),(376,'GB','GB-NIR','Craigavon','CGV'),(377,'GB','GB-ENG','Croydon','CRY'),(378,'GB','GB-ENG','Cumbria','CMA'),(379,'GB','GB-ENG','Darlington','DAL'),(380,'GB','GB-WLS','Denbighshire','DEN'),(381,'GB','GB-ENG','Derby','DER'),(382,'GB','GB-ENG','Derbyshire','DBY'),(383,'GB','GB-NIR','Derry','DRY'),(384,'GB','GB-ENG','Devon','DEV'),(385,'GB','GB-ENG','Doncaster','DNC'),(386,'GB','GB-ENG','Dorset','DOR'),(387,'GB','GB-NIR','Down','DOW'),(388,'GB','GB-ENG','Dudley','DUD'),(389,'GB','GB-SCT','Dumfries and Galloway','DGY'),(390,'GB','GB-SCT','Dundee City','DND'),(391,'GB','GB-NIR','Dungannon and South Tyrone','DGN'),(392,'GB','GB-ENG','Durham, County','DUR'),(393,'GB','GB-ENG','Ealing','EAL'),(394,'GB','GB-SCT','East Ayrshire','EAY'),(395,'GB','GB-SCT','East Dunbartonshire','EDU'),(396,'GB','GB-SCT','East Lothian','ELN'),(397,'GB','GB-SCT','East Renfrewshire','ERW'),(398,'GB','GB-ENG','East Riding of Yorkshire','ERY'),(399,'GB','GB-ENG','East Sussex','ESX'),(400,'GB','GB-SCT','Edinburgh, City of','EDH'),(401,'GB','GB-SCT','Eilean Siar','ELS'),(402,'GB','GB-ENG','Enfield','ENF'),(403,'GB','GB-ENG','Essex','ESS'),(404,'GB','GB-SCT','Falkirk','FAL'),(405,'GB','GB-NIR','Fermanagh','FER'),(406,'GB','GB-SCT','Fife','FIF'),(407,'GB','GB-WLS','Flintshire','FLN'),(408,'GB','GB-ENG','Gateshead','GAT'),(409,'GB','GB-SCT','Glasgow City','GLG'),(410,'GB','GB-ENG','Gloucestershire','GLS'),(411,'GB','GB-ENG','Greenwich','GRE'),(412,'GB','GB-WLS','Gwynedd','GWN'),(413,'GB','GB-ENG','Hackney','HCK'),(414,'GB','GB-ENG','Halton','HAL'),(415,'GB','GB-ENG','Hammersmith and Fulham','HMF'),(416,'GB','GB-ENG','Hampshire','HAM'),(417,'GB','GB-ENG','Haringey','HRY'),(418,'GB','GB-ENG','Harrow','HRW'),(419,'GB','GB-ENG','Hartlepool','HPL'),(420,'GB','GB-ENG','Havering','HAV'),(421,'GB','GB-ENG','Herefordshire','HEF'),(422,'GB','GB-ENG','Hertfordshire','HRT'),(423,'GB','GB-SCT','Highland','HLD'),(424,'GB','GB-ENG','Hillingdon','HIL'),(425,'GB','GB-ENG','Hounslow','HNS'),(426,'GB','GB-SCT','Inverclyde','IVC'),(427,'GB','GB-WLS','Isle of Anglesey','AGY'),(428,'GB','GB-ENG','Isle of Wight','IOW'),(429,'GB','GB-ENG','Isles of Scilly','IOS'),(430,'GB','GB-ENG','Islington','ISL'),(431,'GB','GB-ENG','Kensington and Chelsea','KEC'),(432,'GB','GB-ENG','Kent','KEN'),(433,'GB','GB-ENG','Kingston upon Hull','KHL'),(434,'GB','GB-ENG','Kingston upon Thames','KTT'),(435,'GB','GB-ENG','Kirklees','KIR'),(436,'GB','GB-ENG','Knowsley','KWL'),(437,'GB','GB-ENG','Lambeth','LBH'),(438,'GB','GB-ENG','Lancashire','LAN'),(439,'GB','GB-NIR','Larne','LRN'),(440,'GB','GB-ENG','Leeds','LDS'),(441,'GB','GB-ENG','Leicester','LCE'),(442,'GB','GB-ENG','Leicestershire','LEC'),(443,'GB','GB-ENG','Lewisham','LEW'),(444,'GB','GB-NIR','Limavady','LMV'),(445,'GB','GB-ENG','Lincolnshire','LIN'),(446,'GB','GB-NIR','Lisburn','LSB'),(447,'GB','GB-ENG','Liverpool','LIV'),(448,'GB','GB-ENG','London, City of','LND'),(449,'GB','GB-ENG','Luton','LUT'),(450,'GB','GB-NIR','Magherafelt','MFT'),(451,'GB','GB-ENG','Manchester','MAN'),(452,'GB','GB-ENG','Medway','MDW'),(453,'GB','GB-WLS','Merthyr Tydfil','MTY'),(454,'GB','GB-ENG','Merton','MRT'),(455,'GB','GB-ENG','Middlesbrough','MDB'),(456,'GB','GB-SCT','Midlothian','MLN'),(457,'GB','GB-ENG','Milton Keynes','MIK'),(458,'GB','GB-WLS','Monmouthshire','MON'),(459,'GB','GB-SCT','Moray','MRY'),(460,'GB','GB-NIR','Moyle','MYL'),(461,'GB','GB-WLS','Neath Port Talbot','NTL'),(462,'GB','GB-ENG','Newcastle upon Tyne','NET'),(463,'GB','GB-ENG','Newham','NWM'),(464,'GB','GB-WLS','Newport','NWP'),(465,'GB','GB-NIR','Newry and Mourne District','NYM'),(466,'GB','GB-NIR','Newtownabbey','NTA'),(467,'GB','GB-ENG','Norfolk','NFK'),(468,'GB','GB-SCT','North Ayrshire','NAY'),(469,'GB','GB-NIR','North Down','NDN'),(470,'GB','GB-ENG','North East Lincolnshire','NEL'),(471,'GB','GB-SCT','North Lanarkshire','NLK'),(472,'GB','GB-ENG','North Lincolnshire','NLN'),(473,'GB','GB-ENG','North Somerset','NSM'),(474,'GB','GB-ENG','North Tyneside','NTY'),(475,'GB','GB-ENG','North Yorkshire','NYK'),(476,'GB','GB-ENG','Northamptonshire','NTH'),(477,'GB','GB-ENG','Northumberland','NBL'),(478,'GB','GB-ENG','Nottingham','NGM'),(479,'GB','GB-ENG','Nottinghamshire','NTT'),(480,'GB','GB-ENG','Oldham','OLD'),(481,'GB','GB-NIR','Omagh','OMH'),(482,'GB','GB-SCT','Orkney Islands','ORK'),(483,'GB','GB-ENG','Oxfordshire','OXF'),(484,'GB','GB-WLS','Pembrokeshire','PEM'),(485,'GB','GB-SCT','Perth and Kinross','PKN'),(486,'GB','GB-ENG','Peterborough','PTE'),(487,'GB','GB-ENG','Plymouth','PLY'),(488,'GB','GB-ENG','Poole','POL'),(489,'GB','GB-ENG','Portsmouth','POR'),(490,'GB','GB-WLS','Powys','POW'),(491,'GB','GB-ENG','Reading','RDG'),(492,'GB','GB-ENG','Redbridge','RDB'),(493,'GB','GB-ENG','Redcar and Cleveland','RCC'),(494,'GB','GB-SCT','Renfrewshire','RFW'),(495,'GB','GB-WLS','Rhondda, Cynon, Taff','RCT'),(496,'GB','GB-ENG','Richmond upon Thames','RIC'),(497,'GB','GB-ENG','Rochdale','RCH'),(498,'GB','GB-ENG','Rotherham','ROT'),(499,'GB','GB-ENG','Rutland','RUT'),(500,'GB','GB-ENG','St. Helens','SHN'),(501,'GB','GB-ENG','Salford','SLF'),(502,'GB','GB-ENG','Sandwell','SAW'),(503,'GB','GB-SCT','Scottish Borders, The','SCB'),(504,'GB','GB-ENG','Sefton','SFT'),(505,'GB','GB-ENG','Sheffield','SHF'),(506,'GB','GB-SCT','Shetland Islands','ZET'),(507,'GB','GB-ENG','Shropshire','SHR'),(508,'GB','GB-ENG','Slough','SLG'),(509,'GB','GB-ENG','Solihull','SOL'),(510,'GB','GB-ENG','Somerset','SOM'),(511,'GB','GB-SCT','South Ayrshire','SAY'),(512,'GB','GB-ENG','South Gloucestershire','SGC'),(513,'GB','GB-SCT','South Lanarkshire','SLK'),(514,'GB','GB-ENG','South Tyneside','STY'),(515,'GB','GB-ENG','Southampton','STH'),(516,'GB','GB-ENG','Southend-on-Sea','SOS'),(517,'GB','GB-ENG','Southwark','SWK'),(518,'GB','GB-ENG','Staffordshire','STS'),(519,'GB','GB-SCT','Stirling','STG'),(520,'GB','GB-ENG','Stockport','SKP'),(521,'GB','GB-ENG','Stockton-on-Tees','STT'),(522,'GB','GB-ENG','Stoke-on-Trent','STE'),(523,'GB','GB-NIR','Strabane','STB'),(524,'GB','GB-ENG','Suffolk','SFK'),(525,'GB','GB-ENG','Sunderland','SND'),(526,'GB','GB-ENG','Surrey','SRY'),(527,'GB','GB-ENG','Sutton','STN'),(528,'GB','GB-WLS','Swansea','SWA'),(529,'GB','GB-ENG','Swindon','SWD'),(530,'GB','GB-ENG','Tameside','TAM'),(531,'GB','GB-ENG','Telford and Wrekin','TFW'),(532,'GB','GB-ENG','Thurrock','THR'),(533,'GB','GB-ENG','Torbay','TOB'),(534,'GB','GB-WLS','Torfaen','TOF'),(535,'GB','GB-ENG','Tower Hamlets','TWH'),(536,'GB','GB-ENG','Trafford','TRF'),(537,'GB','GB-WLS','Vale of Glamorgan, The','VGL'),(538,'GB','GB-ENG','Wakefield','WKF'),(539,'GB','GB-ENG','Walsall','WLL'),(540,'GB','GB-ENG','Waltham Forest','WFT'),(541,'GB','GB-ENG','Wandsworth','WND'),(542,'GB','GB-ENG','Warrington','WRT'),(543,'GB','GB-ENG','Warwickshire','WAR'),(544,'GB','GB-ENG','West Berkshire','WBK'),(545,'GB','GB-SCT','West Dunbartonshire','WDU'),(546,'GB','GB-SCT','West Lothian','WLN'),(547,'GB','GB-ENG','West Sussex','WSX'),(548,'GB','GB-ENG','Westminster','WSM'),(549,'GB','GB-ENG','Wigan','WGN'),(550,'GB','GB-ENG','Wiltshire','WIL'),(551,'GB','GB-ENG','Windsor and Maidenhead','WNM'),(552,'GB','GB-ENG','Wirral','WRL'),(553,'GB','GB-ENG','Wokingham','WOK'),(554,'GB','GB-ENG','Wolverhampton','WLV'),(555,'GB','GB-ENG','Worcestershire','WOR'),(556,'GB','GB-WLS','Wrexham','WRX'),(557,'GB','GB-ENG','York','YOR'),(558,'US',NULL,'Alabama','AL'),(559,'US',NULL,'Alaska','AK'),(560,'US',NULL,'Arizona','AZ'),(561,'US',NULL,'Arkansas','AR'),(562,'US',NULL,'California','CA'),(563,'US',NULL,'Colorado','CO'),(564,'US',NULL,'Connecticut','CT'),(565,'US',NULL,'Delaware','DE'),(566,'US',NULL,'District of Columbia','DC'),(567,'US',NULL,'Florida','FL'),(568,'US',NULL,'Georgia','GA'),(569,'US',NULL,'Guam','GU'),(570,'US',NULL,'Hawaii','HI'),(571,'US',NULL,'Idaho','ID'),(572,'US',NULL,'Illinois','IL'),(573,'US',NULL,'Indiana','IN'),(574,'US',NULL,'Iowa','IA'),(575,'US',NULL,'Kansas','KS'),(576,'US',NULL,'Kentucky','KY'),(577,'US',NULL,'Louisiana','LA'),(578,'US',NULL,'Maine','ME'),(579,'US',NULL,'Maryland','MD'),(580,'US',NULL,'Massachusetts','MA'),(581,'US',NULL,'Michigan','MI'),(582,'US',NULL,'Minnesota','MN'),(583,'US',NULL,'Mississippi','MS'),(584,'US',NULL,'Missouri','MO'),(585,'US',NULL,'Montana','MT'),(586,'US',NULL,'Nebraska','NE'),(587,'US',NULL,'Nevada','NV'),(588,'US',NULL,'New Hampshire','NH'),(589,'US',NULL,'New Jersey','NJ'),(590,'US',NULL,'New Mexico','NM'),(591,'US',NULL,'New York','NY'),(592,'US',NULL,'North Carolina','NC'),(593,'US',NULL,'North Dakota','ND'),(594,'US',NULL,'Ohio','OH'),(595,'US',NULL,'Oklahoma','OK'),(596,'US',NULL,'Oregon','OR'),(597,'US',NULL,'Pennsylvania','PA'),(598,'US',NULL,'Puerto Rico','PR'),(599,'US',NULL,'Rhode Island','RI'),(600,'US',NULL,'South Carolina','SC'),(601,'US',NULL,'South Dakota','SD'),(602,'US',NULL,'Tennessee','TN'),(603,'US',NULL,'Texas','TX'),(604,'US',NULL,'Utah','UT'),(605,'US',NULL,'Vermont','VT'),(606,'US',NULL,'Virgin Islands','VI'),(607,'US',NULL,'Virginia','VA'),(608,'US',NULL,'Washington','WA'),(609,'US',NULL,'West Virginia','WV'),(610,'US',NULL,'Wisconsin','WI'),(611,'US',NULL,'Wyoming','WY');
CREATE TABLE `xlite_tasks` (
  `id` int(10) unsigned NOT NULL AUTO_INCREMENT,
  `owner` varchar(128) COLLATE utf8_unicode_ci NOT NULL,
  `triggerTime` int(11) NOT NULL,
  `data` longtext COLLATE utf8_unicode_ci NOT NULL COMMENT '(DC2Type:array)',
  PRIMARY KEY (`id`)
) ENGINE=InnoDB DEFAULT CHARSET=utf8 COLLATE=utf8_unicode_ci;
INSERT INTO `xlite_tasks` VALUES (1,'XLite\\Core\\Task\\EventListener',0,'a:0:{}');
CREATE TABLE `xlite_tax_class_translations` (
  `label_id` int(11) NOT NULL AUTO_INCREMENT,
  `id` int(10) unsigned DEFAULT NULL,
  `name` varchar(255) COLLATE utf8_unicode_ci NOT NULL,
  `code` char(2) COLLATE utf8_unicode_ci NOT NULL,
  PRIMARY KEY (`label_id`),
  KEY `IDX_95C1403BF396750` (`id`),
  KEY `ci` (`code`,`id`),
  CONSTRAINT `FK_95C1403BF396750` FOREIGN KEY (`id`) REFERENCES `xlite_tax_classes` (`id`) ON DELETE CASCADE
) ENGINE=InnoDB DEFAULT CHARSET=utf8 COLLATE=utf8_unicode_ci;
CREATE TABLE `xlite_tax_classes` (
  `id` int(10) unsigned NOT NULL AUTO_INCREMENT,
  `position` int(11) NOT NULL,
  PRIMARY KEY (`id`)
) ENGINE=InnoDB DEFAULT CHARSET=utf8 COLLATE=utf8_unicode_ci;
CREATE TABLE `xlite_template_patches` (
  `patch_id` int(11) NOT NULL AUTO_INCREMENT,
  `zone` varchar(16) COLLATE utf8_unicode_ci NOT NULL,
  `lang` varchar(2) COLLATE utf8_unicode_ci NOT NULL,
  `tpl` varchar(255) COLLATE utf8_unicode_ci NOT NULL,
  `patch_type` varchar(8) COLLATE utf8_unicode_ci NOT NULL,
  `xpath_query` varchar(255) COLLATE utf8_unicode_ci NOT NULL,
  `xpath_insert_type` varchar(16) COLLATE utf8_unicode_ci NOT NULL,
  `xpath_block` longtext COLLATE utf8_unicode_ci NOT NULL,
  `regexp_pattern` varchar(255) COLLATE utf8_unicode_ci NOT NULL,
  `regexp_replace` longtext COLLATE utf8_unicode_ci NOT NULL,
  `custom_callback` varchar(128) COLLATE utf8_unicode_ci NOT NULL,
  `version` varchar(32) COLLATE utf8_unicode_ci DEFAULT NULL,
  PRIMARY KEY (`patch_id`),
  KEY `zlt` (`zone`,`lang`,`tpl`)
) ENGINE=InnoDB DEFAULT CHARSET=utf8 COLLATE=utf8_unicode_ci;
CREATE TABLE `xlite_temporary_files` (
  `id` int(10) unsigned NOT NULL AUTO_INCREMENT,
  `width` int(11) NOT NULL,
  `height` int(11) NOT NULL,
  `hash` char(32) COLLATE utf8_unicode_ci DEFAULT NULL,
  `needProcess` tinyint(1) NOT NULL,
  `path` varchar(512) COLLATE utf8_unicode_ci NOT NULL,
  `fileName` varchar(255) COLLATE utf8_unicode_ci NOT NULL,
  `mime` varchar(128) COLLATE utf8_unicode_ci NOT NULL,
  `storageType` varchar(1) COLLATE utf8_unicode_ci NOT NULL,
  `size` int(10) unsigned NOT NULL,
  `date` int(10) unsigned NOT NULL,
  PRIMARY KEY (`id`)
) ENGINE=InnoDB DEFAULT CHARSET=utf8 COLLATE=utf8_unicode_ci;
CREATE TABLE `xlite_theme_tweaker_template` (
  `id` int(11) NOT NULL AUTO_INCREMENT,
  `template` varchar(255) COLLATE utf8_unicode_ci NOT NULL,
  `date` int(11) NOT NULL,
  PRIMARY KEY (`id`)
) ENGINE=InnoDB DEFAULT CHARSET=utf8 COLLATE=utf8_unicode_ci;
CREATE TABLE `xlite_tmp_vars` (
  `id` int(11) NOT NULL AUTO_INCREMENT,
  `name` varchar(128) COLLATE utf8_unicode_ci NOT NULL,
  `value` longtext COLLATE utf8_unicode_ci NOT NULL,
  PRIMARY KEY (`id`),
  UNIQUE KEY `name` (`name`)
) ENGINE=InnoDB DEFAULT CHARSET=utf8 COLLATE=utf8_unicode_ci;
INSERT INTO `xlite_tmp_vars` VALUES (1,'cloud_search_reg_scheduled','1'),(2,'cache_build_timestamp','1440762575'),(3,'get_addonsTTL','i:1440762578;'),(4,'get_coresData','a:0:{}'),(5,'get_coresTTL','i:1440762579;');
CREATE TABLE `xlite_upselling_products` (
  `id` int(11) NOT NULL AUTO_INCREMENT,
  `product_id` int(10) unsigned DEFAULT NULL,
  `parent_product_id` int(10) unsigned DEFAULT NULL,
  `orderBy` int(11) NOT NULL,
  PRIMARY KEY (`id`),
  KEY `IDX_1DF3D3E14584665A` (`product_id`),
  KEY `IDX_1DF3D3E12C7E20A` (`parent_product_id`),
  CONSTRAINT `FK_1DF3D3E12C7E20A` FOREIGN KEY (`parent_product_id`) REFERENCES `xlite_products` (`product_id`) ON DELETE CASCADE,
  CONSTRAINT `FK_1DF3D3E14584665A` FOREIGN KEY (`product_id`) REFERENCES `xlite_products` (`product_id`) ON DELETE CASCADE
) ENGINE=InnoDB DEFAULT CHARSET=utf8 COLLATE=utf8_unicode_ci;
CREATE TABLE `xlite_view_lists` (
  `list_id` int(11) NOT NULL AUTO_INCREMENT,
  `class` varchar(255) CHARACTER SET latin1 NOT NULL,
  `list` varchar(255) CHARACTER SET latin1 NOT NULL,
  `zone` varchar(16) CHARACTER SET latin1 NOT NULL,
  `child` varchar(512) CHARACTER SET latin1 NOT NULL,
  `weight` int(11) NOT NULL,
  `tpl` varchar(512) CHARACTER SET latin1 NOT NULL,
  `version` varchar(32) COLLATE utf8_unicode_ci DEFAULT NULL,
  PRIMARY KEY (`list_id`),
  KEY `tl` (`tpl`,`list`),
  KEY `lzv` (`list`,`zone`,`version`)
) ENGINE=InnoDB DEFAULT CHARSET=utf8 COLLATE=utf8_unicode_ci;
INSERT INTO `xlite_view_lists` VALUES (1,'','center','customer','XLite\\Module\\Amazon\\PayWithAmazon\\View\\AmazonCheckout',16777215,'',NULL),(2,'','center','customer','XLite\\Module\\CDev\\ContactUs\\View\\ContactUs',16777215,'',NULL),(3,'','cart.panel.box','customer','XLite\\Module\\CDev\\Coupons\\View\\CartCoupons',200,'',NULL),(4,'','checkout.review.selected','customer','XLite\\Module\\CDev\\Coupons\\View\\CartCoupons',15,'',NULL),(5,'','admin.center','admin','XLite\\Module\\CDev\\FeaturedProducts\\View\\FProducts',16777215,'',NULL),(6,'','buttons.share','customer','XLite\\Module\\CDev\\GoSocial\\View\\Button\\FacebookLike',100,'',NULL),(7,'','buttons.share','customer','XLite\\Module\\CDev\\GoSocial\\View\\Button\\GooglePlus',300,'',NULL),(8,'','buttons.share','customer','XLite\\Module\\CDev\\GoSocial\\View\\Button\\Pinterest',400,'',NULL),(9,'','buttons.share','customer','XLite\\Module\\CDev\\GoSocial\\View\\Button\\Tweet',200,'',NULL),(10,'','product.details.page.tab.comments','customer','XLite\\Module\\CDev\\GoSocial\\View\\FacebookComments',16777215,'',NULL),(11,'','product.modify.list','admin','XLite\\Module\\CDev\\GoSocial\\View\\ProductModify',1015,'',NULL),(12,'','head','customer','XLite\\Module\\CDev\\GoogleAnalytics\\View\\Header\\Traditional',16777215,'',NULL),(13,'','head','customer','XLite\\Module\\CDev\\GoogleAnalytics\\View\\Header\\Universal',16777215,'',NULL),(14,'','tabs.content','admin','XLite\\Module\\CDev\\GoogleAnalytics\\View\\TabberLink',16777215,'',NULL),(15,'','center','customer','XLite\\Module\\CDev\\SimpleCMS\\View\\CustomerPage',16777215,'',NULL),(16,'','admin.center','admin','XLite\\Module\\CDev\\SimpleCMS\\View\\Menus',16777215,'',NULL),(17,'','admin.center','admin','XLite\\Module\\CDev\\SimpleCMS\\View\\Page',16777215,'',NULL),(18,'','admin.center','admin','XLite\\Module\\CDev\\SimpleCMS\\View\\Pages',16777215,'',NULL),(19,'','checkout.review.selected','customer','XLite\\Module\\CDev\\VolumeDiscounts\\View\\CheckoutPromo',14,'',NULL),(20,'','checkout.review.inactive','customer','XLite\\Module\\CDev\\VolumeDiscounts\\View\\CheckoutPromo',14,'',NULL),(21,'','cart.panel.totals','customer','XLite\\Module\\CDev\\VolumeDiscounts\\View\\CartPromo',100,'',NULL),(22,'','admin.center','admin','XLite\\Module\\CDev\\XPaymentsConnector\\View\\AdminAddNewCard',16777215,'',NULL),(23,'','admin.center','admin','XLite\\Module\\CDev\\XPaymentsConnector\\View\\PopupAddInfo',16777215,'',NULL),(24,'','admin.center','admin','XLite\\Module\\CDev\\XPaymentsConnector\\View\\PopupSavedCards',16777215,'',NULL),(25,'','center','customer','XLite\\Module\\CDev\\XPaymentsConnector\\View\\XpcPopup',16777215,'',NULL),(26,'','checkout.shipping.selected.sub.payment','customer','XLite\\Module\\XC\\CanadaPost\\View\\Checkout\\PostOfficesList',210,'',NULL),(27,'','invoice.bottom','customer','XLite\\Module\\XC\\CanadaPost\\View\\Invoice\\DeliveryToPost',15,'',NULL),(28,'','invoice.bottom','customer','XLite\\Module\\XC\\CanadaPost\\View\\Invoice\\Tracking',25,'',NULL),(29,'','admin.center','admin','XLite\\Module\\XC\\CanadaPost\\View\\ProductsReturn',16777215,'',NULL),(30,'','admin.center','admin','XLite\\Module\\XC\\CanadaPost\\View\\ProductsReturns',16777215,'',NULL),(31,'','center','customer','XLite\\Module\\XC\\CanadaPost\\View\\ReturnProducts',16777215,'',NULL),(32,'','center','customer','XLite\\Module\\XC\\CanadaPost\\View\\TrackingDetails',16777215,'',NULL),(33,'','admin.center','admin','XLite\\Module\\XC\\CanadaPost\\View\\TrackingDetails',16777215,'',NULL),(34,'','admin.center','admin','XLite\\Module\\XC\\CustomProductTabs\\View\\ProductTab',16777215,'',NULL),(35,'','admin.center','admin','XLite\\Module\\XC\\CustomProductTabs\\View\\ProductTabs',16777215,'',NULL),(36,'','admin.center','admin','XLite\\Module\\XC\\News\\View\\NewsMessage',16777215,'',NULL),(37,'','admin.center','admin','XLite\\Module\\XC\\News\\View\\NewsMessages',16777215,'',NULL),(38,'','center','customer','XLite\\Module\\XC\\News\\View\\Page\\Customer\\NewsMessage',16777215,'',NULL),(39,'','center','customer','XLite\\Module\\XC\\News\\View\\Page\\Customer\\NewsMessages',16777215,'',NULL),(40,'','product.details.page.info','customer','XLite\\Module\\XC\\NextPreviousProduct\\View\\Product\\Details\\Customer\\NextPreviousProduct',5,'',NULL),(41,'','sidebar.filter','customer','XLite\\Module\\XC\\ProductFilter\\View\\Filter\\InStockOnly',100,'',NULL),(42,'','sidebar.filter','customer','XLite\\Module\\XC\\ProductFilter\\View\\Filter\\PriceRange',200,'',NULL),(43,'','sidebar.filter','customer','XLite\\Module\\XC\\ProductFilter\\View\\Filter\\Attributes',300,'',NULL),(44,'','admin.product.variants','admin','XLite\\Module\\XC\\ProductVariants\\View\\Product\\Attributes',10,'',NULL),(45,'','admin.product.variants','admin','XLite\\Module\\XC\\ProductVariants\\View\\Product\\NoAttributes',10,'',NULL),(46,'','admin.product.variants','admin','XLite\\Module\\XC\\ProductVariants\\View\\Product\\Variants',30,'',NULL),(47,'','admin.product.variants','admin','XLite\\Module\\XC\\ProductVariants\\View\\Product\\VariantsAreBased',20,'',NULL),(48,'','admin.center','admin','XLite\\Module\\XC\\ProductVariants\\View\\ProductVariantTitle',10,'',NULL),(49,'','product.details.page.tab.reviews','customer','XLite\\Module\\XC\\Reviews\\View\\Product\\ReviewsTab',16777215,'',NULL),(50,'','admin.center','admin','XLite\\Module\\XC\\Reviews\\View\\Review',16777215,'',NULL),(51,'','admin.center','admin','XLite\\Module\\XC\\Reviews\\View\\Reviews',16777215,'',NULL),(52,'','center','customer','XLite\\Module\\XC\\Sitemap\\View\\Page\\Customer\\Map',16777215,'',NULL),(53,'','admin.center','admin','XLite\\Module\\XC\\ThemeTweaker\\View\\ThemeTweakerTemplate',16777215,'',NULL),(54,'','admin.center','admin','XLite\\Module\\XC\\Upselling\\View\\UProducts',16777215,'',NULL),(55,'','center','customer','XLite\\View\\CheckoutCanceled',16777215,'',NULL),(56,'','center','customer','XLite\\View\\CheckoutFailed',16777215,'',NULL),(57,'','center','customer','XLite\\View\\AccessDenied',16777215,'',NULL),(58,'','admin.main.page.header','admin','XLite\\View\\ActivateTopBox',60,'',NULL),(59,'','main','admin','XLite\\View\\AdminPanel',100,'',NULL),(60,'','admin.center','admin','XLite\\View\\Attribute',16777215,'',NULL),(61,'','admin.center','admin','XLite\\View\\AttributeGroup',16777215,'',NULL),(62,'','admin.center','admin','XLite\\View\\AttributeGroups',16777215,'',NULL),(63,'','admin.center','admin','XLite\\View\\AttributeOption',16777215,'',NULL),(64,'','admin.center','admin','XLite\\View\\AttributeOptions',16777215,'',NULL),(65,'','admin.center','admin','XLite\\View\\Attributes',16777215,'',NULL),(66,'','center','customer','XLite\\View\\BackFromPayment',16777215,'',NULL),(67,'','dashboard-sidebar','admin','XLite\\View\\RSS\\RSSLazyLoad',400,'',NULL),(68,'','dashboard-sidebar','admin','XLite\\View\\BenchmarkSummary',300,'',NULL),(69,'','install-modules.pager.buttons','admin','XLite\\View\\Button\\Addon\\ActivateLicenseKey',200,'',NULL),(70,'','install-modules.pager.buttons','admin','XLite\\View\\Button\\Addon\\EnterLicenseKey',200,'',NULL),(71,'','cart.panel.totals','customer','XLite\\Module\\CDev\\Paypal\\View\\Button\\Cart\\ExpressCheckout',100,'',NULL),(72,'','cart.panel.totals','customer','XLite\\Module\\CDev\\Paypal\\View\\Button\\Cart\\PaypalCredit',200,'',NULL),(73,'','minicart.horizontal.buttons','customer','XLite\\Module\\CDev\\Paypal\\View\\Button\\Minicart\\ExpressCheckout',100,'',NULL),(74,'','minicart.horizontal.buttons','customer','XLite\\Module\\CDev\\Paypal\\View\\Button\\Minicart\\PaypalCredit',200,'',NULL),(75,'','modules.pager.buttons','admin','XLite\\View\\Button\\AllAddons',100,'',NULL),(76,'','cart.buttons.checkout','customer','XLite\\View\\Button\\Checkout',10,'',NULL),(77,'','page.tabs.after','admin','XLite\\View\\Button\\PrintInvoice',100,'',NULL),(78,'','cart.panel.totals','customer','XLite\\Module\\CDev\\Paypal\\View\\Button\\Cart\\ButtonsSeparator',90,'',NULL),(79,'','minicart.horizontal.buttons','customer','XLite\\Module\\CDev\\Paypal\\View\\Button\\Minicart\\ButtonsSeparator',90,'',NULL),(80,'','center','customer','XLite\\View\\Category',16777215,'',NULL),(81,'','admin.center','admin','XLite\\View\\CategoryFormattedPath',0,'',NULL),(82,'','center','customer','XLite\\View\\ChangeAttributeValues',16777215,'',NULL),(83,'','checkout.review.selected','customer','XLite\\View\\Checkout\\CartItems',10,'',NULL),(84,'','checkout.review.selected.placeOrder','customer','XLite\\View\\Checkout\\Payment',100,'',NULL),(85,'','checkout.shipping.selected.sub.payment','customer','XLite\\View\\Checkout\\PaymentMethodsList',300,'',NULL),(86,'','checkout.main','customer','XLite\\View\\Checkout\\Steps',200,'',NULL),(87,'','center','customer','XLite\\View\\CheckoutSuccess',16777215,'',NULL),(88,'','admin.center','admin','XLite\\View\\ClonedProducts',16777215,'',NULL),(89,'','cli.center','console','XLite\\View\\Console\\Db',16777215,'',NULL),(90,'','cli.center','console','XLite\\View\\Console\\Error',16777215,'',NULL),(91,'','cli.center','console','XLite\\View\\Console\\Main',16777215,'',NULL),(92,'','body','customer','XLite\\View\\Content',100,'',NULL),(93,'','body','admin','XLite\\View\\Content',16777215,'',NULL),(94,'','admin.main.page.header','admin','XLite\\View\\CoreVersion',20,'',NULL),(95,'','body','customer','XLite\\Module\\CDev\\GoSocial\\View\\ExternalSDK\\Facebook',999998,'',NULL),(96,'','admin.main.page.header.right','admin','XLite\\View\\HeaderSearch',100,'',NULL),(97,'','order.children','customer','XLite\\View\\Invoice',30,'',NULL),(98,'','invoice.item.name','customer','XLite\\View\\InvoiceAttributeValues',50,'',NULL),(99,'','invoice.item.name','admin','XLite\\View\\InvoiceAttributeValues',20,'',NULL),(100,'','invoice.item.name','mail','XLite\\View\\InvoiceAttributeValues',50,'',NULL),(101,'','order.items.item.name','admin','XLite\\View\\InvoiceAttributeValues',20,'',NULL),(102,'','layout.header.bar.links.newby','customer','XLite\\View\\LanguageSelector\\Customer',999999,'',NULL),(103,'','layout.header.bar.links.logged','customer','XLite\\View\\LanguageSelector\\Customer',999999,'',NULL),(104,'','header.language.menu','customer','XLite\\View\\LanguageSelector\\Customer',100,'',NULL),(105,'','layout.main.breadcrumb','customer','XLite\\View\\Location',100,'',NULL),(106,'','admin.center','admin','XLite\\View\\Login',16777215,'',NULL),(107,'','admin.center','admin','XLite\\View\\Memberships',16777215,'',NULL),(108,'','admin.main.page.content.left','admin','XLite\\View\\Menu\\Admin\\LeftMenu',100,'',NULL),(109,'','admin.main.page.header.right','admin','XLite\\View\\Menu\\Admin\\TopLinks',200,'',NULL),(110,'','layout.main.footer','customer','XLite\\View\\Menu\\Customer\\Footer',100,'',NULL),(111,'','layout.main','customer','XLite\\View\\Menu\\Customer\\Top',250,'',NULL),(112,'','header.menu','customer','XLite\\View\\Menu\\Customer\\Top',50,'',NULL),(113,'','minicart.horizontal.item','customer','XLite\\View\\MinicartAttributeValues',30,'',NULL),(114,'','minicart.vertical.item','customer','XLite\\View\\MinicartAttributeValues',30,'',NULL),(115,'','layout.header.mobile','customer','XLite\\View\\MobileHeader',100,'',NULL),(116,'','admin.center','admin','XLite\\View\\TaxBannerAlert',10,'',NULL),(117,'','itemsList.module.manage.columns.module-main-section.actions','admin','XLite\\View\\ModulesManager\\Action\\Main',10,'',NULL),(118,'','itemsList.module.manage.columns.module-main-section.actions','admin','XLite\\View\\ModulesManager\\Action\\Pack',30,'',NULL),(119,'','itemsList.module.manage.columns.module-main-section.actions','admin','XLite\\View\\ModulesManager\\Action\\Settings',15,'',NULL),(120,'','itemsList.module.manage.columns.module-main-section.actions','admin','XLite\\View\\ModulesManager\\Action\\Uninstall',100,'',NULL),(121,'','admin.center','admin','XLite\\View\\Notification',16777215,'',NULL),(122,'','order.actions','admin','XLite\\View\\Order\\Actions',200,'',NULL),(123,'','order.details.payment_actions','admin','XLite\\View\\Order\\Details\\Admin\\PaymentActionsUnit',16777215,'',NULL),(124,'','order.details','admin','XLite\\View\\Order\\Details\\Admin\\Transactions',16777215,'',NULL),(125,'','admin.center','admin','XLite\\View\\Order\\Search\\Recent',16777215,'',NULL),(126,'','admin.center','admin','XLite\\View\\Order\\Search\\Search',16777215,'',NULL),(127,'','order.operations','admin','XLite\\View\\OrderHistory',50,'',NULL),(128,'','admin.center','admin','XLite\\View\\Page\\Admin\\Export',16777215,'',NULL),(129,'','admin.center','admin','XLite\\View\\Page\\Admin\\Import',16777215,'',NULL),(130,'','admin.center','admin','XLite\\View\\Page\\Admin\\RemoveData',16777215,'',NULL),(131,'','admin.center','admin','XLite\\View\\Page\\PaymentTransaction',16777215,'',NULL),(132,'','admin.center','admin','XLite\\View\\Page\\PaymentTransactions',16777215,'',NULL),(133,'','center','customer','XLite\\View\\PageNotFound',16777215,'',NULL),(134,'','admin.center','admin','XLite\\View\\PageNotFound',16777215,'',NULL),(135,'','center','customer','XLite\\View\\Payment\\Iframe',16777215,'',NULL),(136,'','sidebar.footer','customer','XLite\\View\\PoweredBy',16777215,'',NULL),(137,'','product.details.page.image','customer','XLite\\View\\Product\\Details\\Customer\\Gallery',20,'',NULL),(138,'','product.details.page.image.photo','customer','XLite\\View\\Product\\Details\\Customer\\Image',10,'',NULL),(139,'','product.details.quicklook.image','customer','XLite\\View\\Product\\Details\\Customer\\Image',10,'',NULL),(140,'','center','customer','XLite\\View\\Product\\Details\\Customer\\Page\\Main',16777215,'',NULL),(141,'','center','customer','XLite\\View\\Product\\Details\\Customer\\Page\\QuickLook',16777215,'',NULL),(142,'','product.details.page.image','customer','XLite\\View\\Product\\Details\\Customer\\PhotoBox',0,'',NULL),(143,'','admin.center','admin','XLite\\View\\ProductClass',16777215,'',NULL),(144,'','admin.center','admin','XLite\\View\\ProductClasses',16777215,'',NULL),(145,'','admin.center','admin','XLite\\Module\\CDev\\FeaturedProducts\\View\\ProductSelections',16777215,'',NULL),(146,'','admin.center','admin','XLite\\Module\\XC\\Upselling\\View\\ProductSelections',16777215,'',NULL),(147,'','admin.center','admin','XLite\\View\\ProductSelections',16777215,'',NULL),(148,'','admin.center','admin','XLite\\View\\Profiles',16777215,'',NULL),(149,'','admin.center','admin','XLite\\View\\Promotions',16777215,'',NULL),(150,'','admin.center','admin','XLite\\View\\RecoverPasswordAdmin',16777215,'',NULL),(151,'','body','customer','XLite\\View\\JSContainer',999999,'',NULL),(152,'','body','admin','XLite\\View\\JSContainer',10,'',NULL),(153,'','coupons.itemsList.footer','admin','XLite\\Module\\CDev\\Coupons\\View\\Panel\\Coupons',16777215,'',NULL),(154,'','admin.center','admin','XLite\\Module\\CDev\\Coupons\\View\\Coupon',16777215,'',NULL),(155,'','admin.center','admin','XLite\\Module\\CDev\\Moneybookers\\View\\MoneybookersSettings',16777215,'',NULL),(156,'','dashboard-center','admin','XLite\\Module\\CDev\\Paypal\\View\\AdminWelcome',20,'',NULL),(157,'','admin.center','admin','XLite\\Module\\CDev\\UserPermissions\\View\\Role',16777215,'',NULL),(158,'','admin.center','admin','XLite\\Module\\CDev\\UserPermissions\\View\\Roles',16777215,'',NULL),(159,'','center','customer','XLite\\Module\\CDev\\XPaymentsConnector\\View\\AddNewCard',16777215,'',NULL),(160,'','center','customer','XLite\\Module\\CDev\\XPaymentsConnector\\View\\SavedCards',16777215,'',NULL),(161,'','center','customer','XLite\\Module\\XC\\Reviews\\View\\Customer\\ProductReviews',16777215,'',NULL),(162,'','admin.center','admin','XLite\\View\\ActivateFreeLicense',16777215,'',NULL),(163,'','dashboard-center','admin','XLite\\View\\AdminWelcome',50,'',NULL),(164,'','center','customer','XLite\\View\\Cart',16777215,'',NULL),(165,'','center','customer','XLite\\View\\Checkout',16777215,'',NULL),(166,'','admin.center','admin','XLite\\View\\Dashboard',16777215,'',NULL),(167,'','admin.center','admin','XLite\\View\\HttpsSettings',16777215,'',NULL),(168,'','center','customer','XLite\\View\\InvoicePage',16777215,'',NULL),(169,'','admin.center','admin','XLite\\View\\ModulesManager\\AddonKey',16777215,'',NULL),(170,'','admin.center','admin','XLite\\View\\ModulesManager\\Install',16777215,'',NULL),(171,'','admin.center','admin','XLite\\View\\ModulesManager\\InstallationType',16777215,'',NULL),(172,'','admin.center','admin','XLite\\View\\ModulesManager\\LicenseKey',16777215,'',NULL),(173,'','admin.center','admin','XLite\\View\\ModulesManager\\Manage',16777215,'',NULL),(174,'','admin.center','admin','XLite\\View\\ModulesManager\\ModuleLicense',16777215,'',NULL),(175,'','admin.center','admin','XLite\\View\\ModulesManager\\ModuleWarnings',16777215,'',NULL),(176,'','admin.center','admin','XLite\\View\\ModulesManager\\TrialNotice',0,'',NULL),(177,'','admin.center','admin','XLite\\View\\ModulesManager\\UploadAddons',16777215,'',NULL),(178,'','center','customer','XLite\\View\\Order',16777215,'',NULL),(179,'','orders.search.base','customer','XLite\\View\\OrderList\\Search',30,'',NULL),(180,'','admin.center','admin','XLite\\View\\Payment\\Method',16777215,'',NULL),(181,'','admin.center','admin','XLite\\View\\RecentLogin',16777215,'',NULL),(182,'','admin.center','admin','XLite\\View\\SafeMode',16777215,'',NULL),(183,'','center.bottom','customer','XLite\\View\\Search',100,'',NULL),(184,'','center','customer','XLite\\View\\SelectAddress',16777215,'',NULL),(185,'','admin.center','admin','XLite\\Module\\CDev\\Sale\\View\\SaleSelectedDialog',16777215,'',NULL),(186,'','center','customer','XLite\\View\\Authorization',16777215,'',NULL),(187,'','admin.center','admin','XLite\\View\\BrowseServer',16777215,'',NULL),(188,'','admin.center','admin','XLite\\View\\CacheManagement',16777215,'',NULL),(189,'','admin.center','admin','XLite\\View\\FileSelectorDialog',16777215,'',NULL),(190,'','admin.center','admin','XLite\\View\\LanguagesModify\\LanguageImport',16777215,'',NULL),(191,'','admin.center','admin','XLite\\View\\Payment\\AddMethod',16777215,'',NULL),(192,'','center','customer','XLite\\View\\Profile',16777215,'',NULL),(193,'','center','customer','XLite\\View\\RecoverPassword',16777215,'',NULL),(194,'','center.bottom','customer','XLite\\View\\Subcategories',100,'',NULL),(195,'','center','customer','XLite\\View\\Terms',16777215,'',NULL),(196,'','admin.center','admin','XLite\\View\\Upgrade\\EmptyCells',100,'',NULL),(197,'','admin.center','admin','XLite\\View\\Upgrade\\InstallUpdates',16777215,'',NULL),(198,'','admin.center','admin','XLite\\View\\Upgrade\\Step\\Completed\\Backup',200,'',NULL),(199,'','admin.center','admin','XLite\\View\\Upgrade\\Step\\Completed\\EntriesList',300,'',NULL),(200,'','admin.center','admin','XLite\\View\\Upgrade\\Step\\Completed\\Log',400,'',NULL),(201,'','admin.center','admin','XLite\\View\\Upgrade\\Step\\Completed\\StatusMessages',0,'',NULL),(202,'','admin.center','admin','XLite\\View\\Upgrade\\Step\\Prepare\\Buttons',300,'',NULL),(203,'','admin.center','admin','XLite\\View\\Upgrade\\Step\\Prepare\\EntriesList',100,'',NULL),(204,'','admin.center','admin','XLite\\View\\Upgrade\\Step\\Prepare\\PremiumLicenseModules',1,'',NULL),(205,'','admin.center','admin','XLite\\View\\Upgrade\\Step\\Prepare\\StatusMessages',0,'',NULL),(206,'','admin.center','admin','XLite\\View\\Upgrade\\Step\\ReadyToInstall\\Buttons',100,'',NULL),(207,'','admin.center','admin','XLite\\View\\Upgrade\\Step\\ReadyToInstall\\StatusMessages',0,'',NULL),(208,'','product.reviews.tab','customer','XLite\\Module\\XC\\Reviews\\View\\Customer\\ReviewsTab',300,'',NULL),(209,'','dashboard-center','admin','XLite\\View\\ItemsList\\Model\\Order\\Admin\\RecentBlock',100,'',NULL),(210,'','pager.admin.model.table.right','admin','XLite\\View\\ItemsList\\Model\\Order\\Admin\\SearchTotal',100,'',NULL),(211,'','order.actions','admin','XLite\\View\\ItemsList\\Model\\OrderTrackingNumber',9999,'',NULL),(212,'','center.bottom','customer','XLite\\Module\\CDev\\Bestsellers\\View\\Bestsellers',400,'',NULL),(213,'','sidebar.single','customer','XLite\\Module\\CDev\\Bestsellers\\View\\Bestsellers',150,'',NULL),(214,'','sidebar.first','customer','XLite\\Module\\CDev\\Bestsellers\\View\\Bestsellers',120,'',NULL),(215,'','center.bottom','customer','XLite\\Module\\CDev\\ProductAdvisor\\View\\BoughtBought',700,'',NULL),(216,'','center.bottom','customer','XLite\\Module\\CDev\\ProductAdvisor\\View\\ViewedBought',800,'',NULL),(217,'','center.bottom','customer','XLite\\Module\\CDev\\ProductAdvisor\\View\\ComingSoon',600,'',NULL),(218,'','sidebar.single','customer','XLite\\Module\\CDev\\ProductAdvisor\\View\\ComingSoon',170,'',NULL),(219,'','sidebar.second','customer','XLite\\Module\\CDev\\ProductAdvisor\\View\\ComingSoon',120,'',NULL),(220,'','center','customer','XLite\\Module\\CDev\\ProductAdvisor\\View\\ComingSoonPage',16777215,'',NULL),(221,'','center.bottom','customer','XLite\\Module\\CDev\\ProductAdvisor\\View\\NewArrivals',500,'',NULL),(222,'','sidebar.single','customer','XLite\\Module\\CDev\\ProductAdvisor\\View\\NewArrivals',160,'',NULL),(223,'','sidebar.second','customer','XLite\\Module\\CDev\\ProductAdvisor\\View\\NewArrivals',110,'',NULL),(224,'','center','customer','XLite\\Module\\CDev\\ProductAdvisor\\View\\NewArrivalsPage',16777215,'',NULL),(225,'','center.bottom','customer','XLite\\Module\\CDev\\ProductAdvisor\\View\\RecentlyViewed',700,'',NULL),(226,'','sidebar.single','customer','XLite\\Module\\CDev\\ProductAdvisor\\View\\RecentlyViewed',180,'',NULL),(227,'','sidebar.second','customer','XLite\\Module\\CDev\\ProductAdvisor\\View\\RecentlyViewed',130,'',NULL),(228,'','center.bottom','customer','XLite\\Module\\CDev\\Sale\\View\\SaleBlock',600,'',NULL),(229,'','sidebar.single','customer','XLite\\Module\\CDev\\Sale\\View\\SaleBlock',170,'',NULL),(230,'','sidebar.first','customer','XLite\\Module\\CDev\\Sale\\View\\SaleBlock',130,'',NULL),(231,'','center','customer','XLite\\Module\\CDev\\Sale\\View\\SalePage',16777215,'',NULL),(232,'','center.bottom','customer','XLite\\Module\\XC\\Upselling\\View\\ItemsList\\UpsellingProducts',700,'',NULL),(233,'','center.bottom','customer','XLite\\Module\\CDev\\FeaturedProducts\\View\\Customer\\FeaturedProducts',300,'',NULL),(234,'','center.bottom','customer','XLite\\Module\\XC\\ProductFilter\\View\\ItemsList\\Product\\Customer\\Category\\CategoryFilter',200,'',NULL),(235,'','center.bottom','customer','XLite\\View\\ItemsList\\Product\\Customer\\Category\\Main',200,'',NULL),(236,'','sidebar.single','customer','XLite\\Module\\XC\\News\\View\\TopNewsSideBar',16777215,'',NULL),(237,'','sidebar.first','customer','XLite\\Module\\XC\\News\\View\\TopNewsSideBar',16777215,'',NULL),(238,'','sidebar.single','customer','XLite\\Module\\XC\\ProductFilter\\View\\Filter',110,'',NULL),(239,'','sidebar.first','customer','XLite\\Module\\XC\\ProductFilter\\View\\Filter',110,'',NULL),(240,'','layout.header.right','customer','XLite\\View\\Minicart',100,'',NULL),(241,'','sidebar.single','customer','XLite\\View\\TopCategories',100,'',NULL),(242,'','sidebar.first','customer','XLite\\View\\TopCategories',100,'',NULL),(243,'','cart.item.info','customer','XLite\\View\\SelectedAttributeValues',20,'',NULL),(244,'','center','customer','XLite\\View\\ShippingEstimate',16777215,'',NULL),(245,'','cart.panel.box','customer','XLite\\View\\ShippingEstimateBox',10,'',NULL),(246,'','orders.panel','customer','XLite\\View\\Sort\\Order',20,'',NULL),(247,'','admin.main.page.header','admin','XLite\\View\\StorefrontStatus',40,'',NULL),(248,'','admin.center','admin','XLite\\View\\Tabber',1000,'',NULL),(249,'','admin.center','admin','XLite\\Module\\CDev\\Paypal\\View\\Tabs\\Settings',16777215,'',NULL),(250,'','center','customer','XLite\\View\\Tabs\\Account',16777215,'',NULL),(251,'','admin.center','admin','XLite\\View\\Tabs\\AdminProfile',16777215,'',NULL),(252,'','admin.center','admin','XLite\\View\\Tabs\\BackupRestore',16777215,'',NULL),(253,'','admin.center','admin','XLite\\View\\Tabs\\CartCheckout',16777215,'',NULL),(254,'','admin.center','admin','XLite\\View\\Tabs\\Category',16777215,'',NULL),(255,'','admin.center','admin','XLite\\View\\Tabs\\Countries',16777215,'',NULL),(256,'','admin.center','admin','XLite\\View\\Tabs\\CssJs',16777215,'',NULL),(257,'','admin.center','admin','XLite\\View\\Tabs\\FrontPage',16777215,'',NULL),(258,'','admin.center','admin','XLite\\View\\Tabs\\Localization',16777215,'',NULL),(259,'','admin.center','admin','XLite\\View\\Tabs\\Notifications',16777215,'',NULL),(260,'','admin.center','admin','XLite\\View\\Tabs\\PaymentSettings',16777215,'',NULL),(261,'','admin.center','admin','XLite\\View\\Tabs\\ShippingSettings',16777215,'',NULL),(262,'','admin.center','admin','XLite\\View\\Tabs\\Statistics',16777215,'',NULL),(263,'','admin.center','admin','XLite\\View\\Tabs\\Taxes',20,'',NULL),(264,'','admin.center','admin','XLite\\View\\Tabs\\Translations',16777215,'',NULL),(265,'','admin.main.page.content.sub_section','admin','XLite\\View\\TaxBanner',16777215,'',NULL),(266,'','admin.center','admin','XLite\\View\\TaxBannerCenter',16777215,'',NULL),(267,'','layout.main.breadcrumb','customer','XLite\\View\\TopContinueShopping',200,'',NULL),(268,'','layout.main','customer','XLite\\View\\TopMessage',100,'',NULL),(269,'','admin.main.page.header_wrapper','admin','XLite\\View\\UpgradeTopBox',1000,'',NULL),(270,'','center','customer','XLite\\View\\Welcome',16777215,'',NULL),(271,'','payment.methods.body','admin','',150,'modules/CDev/Moneybookers/register.tpl',NULL),(272,'','coupons.itemsList.header','admin','',100,'modules/CDev/Coupons/coupons/list/add.tpl',NULL),(273,'','itemsList.coupons.cell.code','admin','',16777215,'modules/CDev/Coupons/coupons/list/code.tpl',NULL),(274,'','invoice.base.totals.modifier.name','admin','',16777215,'modules/CDev/Coupons/coupons_minilist.tpl',NULL),(275,'','itemsList.category.cell.featured_products','admin','',100,'modules/CDev/FeaturedProducts/items_list/category/parts/info.featured_products.tpl',NULL),(276,'','itemsList.product.admin.featured.columns','admin','',40,'modules/CDev/FeaturedProducts/items_list/product/featured/parts/columns/category.tpl',NULL),(277,'','itemsList.product.admin.featured.columns','admin','',30,'modules/CDev/FeaturedProducts/items_list/product/featured/parts/columns/name.tpl',NULL),(278,'','itemsList.product.admin.featured.columns','admin','',10,'modules/CDev/FeaturedProducts/items_list/product/featured/parts/columns/checkbox.tpl',NULL),(279,'','itemsList.product.admin.featured.columns','admin','',20,'modules/CDev/FeaturedProducts/items_list/product/featured/parts/columns/sku.tpl',NULL),(280,'','itemsList.product.admin.featured.header','admin','',40,'modules/CDev/FeaturedProducts/items_list/product/featured/parts/header/category.tpl',NULL),(281,'','itemsList.product.admin.featured.header','admin','',30,'modules/CDev/FeaturedProducts/items_list/product/featured/parts/header/name.tpl',NULL),(282,'','itemsList.product.admin.featured.header','admin','',10,'modules/CDev/FeaturedProducts/items_list/product/featured/parts/header/checkbox.tpl',NULL),(283,'','itemsList.product.admin.featured.header','admin','',20,'modules/CDev/FeaturedProducts/items_list/product/featured/parts/header/sku.tpl',NULL),(284,'','sale_discount_types','admin','',30,'modules/CDev/Sale/sale_discount_types/parts/hidden_price.tpl',NULL),(285,'','sale_discount_types','admin','',10,'modules/CDev/Sale/sale_discount_types/parts/price.tpl',NULL),(286,'','sale_discount_types','admin','',40,'modules/CDev/Sale/sale_discount_types/parts/hidden_percent.tpl',NULL),(287,'','sale_discount_types','admin','',20,'modules/CDev/Sale/sale_discount_types/parts/percent.tpl',NULL),(288,'','product.modify.list','admin','',560,'modules/CDev/Sale/product/parts/sale_price_block.tpl',NULL),(289,'','itemsList.products.search.cell.name','admin','',10,'modules/CDev/Sale/product/sale_label.tpl',NULL),(290,'','itemsList.product_selector.cell.name','admin','',10,'modules/CDev/Sale/product/sale_label.tpl',NULL),(291,'','product.modify.list','admin','',832,'modules/CDev/ProductAdvisor/product/parts/new_arrival.tpl',NULL),(292,'','product.modify.list','admin','',832,'modules/CDev/ProductAdvisor/product/parts/coming_soon.tpl',NULL),(293,'','paypal.welcome.content','admin','',20,'modules/CDev/Paypal/welcome/parts/block.footer.tpl',NULL),(294,'','paypal.welcome','admin','',20,'modules/CDev/Paypal/welcome/parts/block.tpl',NULL),(295,'','paypal.welcome.content','admin','',10,'modules/CDev/Paypal/welcome/parts/block.content.tpl',NULL),(296,'','payment.methods.list.row.after.ExpressCheckout','admin','',100,'modules/CDev/Paypal/items_list/payment/methods/parts/action.right.after.expressCheckout.tpl',NULL),(297,'','payment.methods.list.row.after.PayflowLink','admin','',100,'modules/CDev/Paypal/items_list/payment/methods/parts/action.right.after.tpl',NULL),(298,'','payment.methods.list.row.after.PaypalAdvanced','admin','',100,'modules/CDev/Paypal/items_list/payment/methods/parts/action.right.after.tpl',NULL),(299,'','payment.methods.list.row.after.PaypalWPS','admin','',100,'modules/CDev/Paypal/items_list/payment/methods/parts/action.right.after.tpl',NULL),(300,'','order.payment','admin','',110,'modules/CDev/Paypal/order/payment.id.tpl',NULL),(301,'','payment_status.after.ExpressCheckout','admin','',100,'modules/CDev/Paypal/settings/ExpressCheckout/payment_status.tpl',NULL),(302,'','admin.account.saved_cards.before','admin','',100,'modules/CDev/XPaymentsConnector/account/saved_cards.header.tpl',NULL),(303,'','admin.account.saved_cards.after','admin','',100,'modules/CDev/XPaymentsConnector/account/saved_cards.bottom.tpl',NULL),(304,'','admin.account.saved_cards.table','admin','',100,'modules/CDev/XPaymentsConnector/account/saved_cards.table.tpl',NULL),(305,'','customer.account.add_new_card.form','admin','',100,'modules/CDev/XPaymentsConnector/account/add_new_card.form.tpl',NULL),(306,'','customer.account.add_new_card.address','admin','',100,'modules/CDev/XPaymentsConnector/account/add_new_card.address.tpl',NULL),(307,'','order','admin','',1000,'modules/CDev/XPaymentsConnector/order/fraud_status/kount.tpl',NULL),(308,'','order.actions.paymentActionsRow','admin','',19000,'modules/CDev/XPaymentsConnector/order/order/payment_actions/recharge.tpl',NULL),(309,'','order.operations','admin','',290,'modules/CDev/XPaymentsConnector/order/transactions/body.tpl',NULL),(310,'','order.operations','admin','',105,'modules/Amazon/PayWithAmazon/order_controls.tpl',NULL),(311,'','tabs.items','admin','',5,'modules/Amazon/PayWithAmazon/payment_tab_link.tpl',NULL),(312,'','capost_return.form.actions.right','admin','',100,'modules/XC/CanadaPost/products_return/parts/form.action.right.note.tpl',NULL),(313,'','capost_return.form','admin','',100,'modules/XC/CanadaPost/products_return/parts/form.actions.tpl',NULL),(314,'','capost_return.form','admin','',200,'modules/XC/CanadaPost/products_return/parts/form.products.tpl',NULL),(315,'','capost_return.form.actions.left','admin','',100,'modules/XC/CanadaPost/products_return/parts/form.action.left.status.tpl',NULL),(316,'','capost_return','admin','',200,'modules/XC/CanadaPost/products_return/parts/form.tpl',NULL),(317,'','capost_return','admin','',100,'modules/XC/CanadaPost/products_return/parts/created.tpl',NULL),(318,'','capost_return.form','admin','',400,'modules/XC/CanadaPost/products_return/parts/form.notes.tpl',NULL),(319,'','capost_return.form','admin','',300,'modules/XC/CanadaPost/products_return/parts/form.files.tpl',NULL),(320,'','searchPanel.xc.canadapost.productsreturn.admin.main.actions','admin','',16777215,'modules/XC/CanadaPost/search_panel/return/clear_search.tpl',NULL),(321,'','order.shipping','admin','',250,'modules/XC/CanadaPost/order/page/parts/shipping.d2po.tpl',NULL),(322,'','review.modify.fields','admin','',300,'modules/XC/Reviews/review/parts/reviewer.tpl',NULL),(323,'','review.modify.fields','admin','',200,'modules/XC/Reviews/review/parts/rating.tpl',NULL),(324,'','review.modify.fields','admin','',500,'modules/XC/Reviews/review/parts/review.tpl',NULL),(325,'','review.modify.buttons.pending','admin','',600,'modules/XC/Reviews/review/parts/buttons.pending.tpl',NULL),(326,'','review.modify.fields','admin','',100,'modules/XC/Reviews/review/parts/product.tpl',NULL),(327,'','review.modify.buttons.approved','admin','',600,'modules/XC/Reviews/review/parts/buttons.approved.tpl',NULL),(328,'','itemsList.xc.reviews.review.header','admin','',16777215,'modules/XC/Reviews/reviews/buttons/addReview.tpl',NULL),(329,'','itemsList.xc.reviews.productreview.header','admin','',16777215,'modules/XC/Reviews/reviews/buttons/addReview.tpl',NULL),(330,'','payment_status.after.SagePay_form_protocol','admin','',100,'modules/XC/SagePay/payment_status.tpl',NULL),(331,'','layout_settings.settings','admin','',35,'modules/XC/ThemeTweaker/layout_settings/settings.webmaster_mode_switcher.tpl',NULL),(332,'','images_settings','admin','',100,'modules/XC/ThemeTweaker/images_settings/parts/custom_images.tpl',NULL),(333,'','import.begin.buttons','admin','',100,'import/parts/begin.buttons.import.tpl',NULL),(334,'','import.completed.buttons','admin','',100,'import/parts/completed.buttons.new_import.tpl',NULL),(335,'','import.begin.options','admin','',300,'import/parts/option.charset.tpl',NULL),(336,'','import.begin.options','admin','',50,'import/parts/option.ignore_images_verification.tpl',NULL),(337,'','import.failed.content','admin','',100,'import/parts/failed.errors.tpl',NULL),(338,'','import.completed.content','admin','',100,'import/parts/completed.messages.tpl',NULL),(339,'','import.begin.options','admin','',200,'import/parts/option.delete_temporary_files.tpl',NULL),(340,'','import.begin.options','admin','',400,'import/parts/option.delimiter.tpl',NULL),(341,'','import.begin.content','admin','',200,'import/parts/begin.options.tpl',NULL),(342,'','import.begin.content','admin','',100,'import/parts/begin.files.tpl',NULL),(343,'','import.failed.buttons','admin','',200,'import/parts/failed.buttons.proceed.tpl',NULL),(344,'','import.failed.buttons','admin','',100,'import/parts/failed.buttons.reupload.tpl',NULL),(345,'','searchPanel.order.admin.main.actions','admin','',16777215,'search_panel/order/clear_search.tpl',NULL),(346,'','pager.itemsTotal','admin','',20,'pager/parts/items_total.tpl',NULL),(347,'','pager.admin.model.table.left','admin','',100,'pager/model/table/parts/page.tpl',NULL),(348,'','pager.admin.model.table.left','admin','',400,'pager/model/table/parts/items_per_page.tpl',NULL),(349,'','pager.admin.model.table.left','admin','',300,'pager/model/table/parts/more.tpl',NULL),(350,'','admin.main.page.content.center','admin','',10,'center.tpl',NULL),(351,'','address.order.main','admin','',300,'address/order/parts/shipping.tpl',NULL),(352,'','address.order.main','admin','',100,'address/order/parts/info.tpl',NULL),(353,'','address.order.main','admin','',200,'address/order/parts/billing.tpl',NULL),(354,'','address.order.main','admin','',400,'address/order/parts/buttons.tpl',NULL),(355,'','layout_settings','admin','',20,'layout_settings/parts/layout_settings.change_template.tpl',NULL),(356,'','layout_settings','admin','',10,'layout_settings/parts/layout_settings.settings.tpl',NULL),(357,'','layout_settings.settings','admin','',20,'layout_settings/settings/parts/settings.current_template.tpl',NULL),(358,'','layout_settings.settings','admin','',40,'layout_settings/settings/parts/settings.settings_form.tpl',NULL),(359,'','layout_settings.settings','admin','',30,'layout_settings/settings/parts/settings.layout_type.tpl',NULL),(360,'','payment.method.add.offline','admin','',16777215,'payment/add_method/parts/add_offline_method.tpl',NULL),(361,'','admin.main.page.header','admin','',20,'top_links/version_notes/parts/base.tpl',NULL),(362,'','product.inventory.parts','admin','',20,'product/inventory/inv_track_amount.tpl',NULL),(363,'','product.inventory.parts','admin','',10,'product/inventory/inv_track_selector.tpl',NULL),(364,'','product.inventory.parts','admin','',30,'product/inventory/low_limit_selector.tpl',NULL),(365,'','product.inventory.parts','admin','',40,'product/inventory/low_limit_amount.tpl',NULL),(366,'','product.inventory.parts','admin','',100,'product/inventory/buttons.tpl',NULL),(367,'','product.search.conditions.by-keywords','admin','',10,'product/search/parts/by_conditions_parts/by_title.tpl',NULL),(368,'','product.search.conditions.by-keywords','admin','',20,'product/search/parts/by_conditions_parts/by_sku.tpl',NULL),(369,'','product.search.conditions.by-keywords','admin','',30,'product/search/parts/by_conditions_parts/by_description.tpl',NULL),(370,'','images_settings','admin','',10,'images_settings/parts/default_settings.tpl',NULL),(371,'','zones.zone.details','admin','',500,'zones/details/parts/field.address.tpl',NULL),(372,'','zones.zone.details','admin','',200,'zones/details/parts/field.state.tpl',NULL),(373,'','zones.zone.details','admin','',300,'zones/details/parts/field.city.tpl',NULL),(374,'','zones.zone','admin','',200,'zones/details/parts/details.tpl',NULL),(375,'','zones.zone.details','admin','',100,'zones/details/parts/field.country.tpl',NULL),(376,'','zones.zone.details','admin','',400,'zones/details/parts/field.zipcode.tpl',NULL),(377,'','zones.zone','admin','',300,'zones/details/parts/actions.tpl',NULL),(378,'','zones.zone','admin','',100,'zones/details/parts/field.name.tpl',NULL),(379,'','languages.add-language','admin','',300,'languages/languages/parts/import_language.tpl',NULL),(380,'','languages.labels','admin','',300,'languages/labels/parts/list.labels.tpl',NULL),(381,'','languages.labels','admin','',100,'languages/labels/parts/list.languages.tpl',NULL),(382,'','dashboard-center.welcome.content','admin','',20,'main/parts/block.footer.tpl',NULL),(383,'','dashboard-center.welcome','admin','',10,'main/parts/title.tpl',NULL),(384,'','dashboard-center.welcome.content','admin','',10,'main/parts/block.items.tpl',NULL),(385,'','dashboard-center.welcome','admin','',20,'main/parts/block.tpl',NULL),(386,'','dashboard-center.welcome.non-root.content','admin','',20,'main/parts_non_root/block.footer.tpl',NULL),(387,'','dashboard-center.welcome.non-root','admin','',10,'main/parts_non_root/title.tpl',NULL),(388,'','dashboard-center.welcome.non-root.content','admin','',10,'main/parts_non_root/block.items.tpl',NULL),(389,'','dashboard-center.welcome.non-root','admin','',20,'main/parts_non_root/block.tpl',NULL),(390,'','export.begin.content','admin','',100,'export/parts/begin.sections.tpl',NULL),(391,'','export.completed.content','admin','',50,'export/parts/begin.deleteAll.tpl',NULL),(392,'','export.begin.options','admin','',300,'export/parts/option.charset.tpl',NULL),(393,'','export.failed.content','admin','',100,'export/parts/failed.errors.tpl',NULL),(394,'','export.failed.buttons','admin','',100,'export/parts/failed.buttons.export.tpl',NULL),(395,'','export.completed.content','admin','',200,'export/parts/completed.downloadLarge.tpl',NULL),(396,'','export.begin.options','admin','',400,'export/parts/option.delimiter.tpl',NULL),(397,'','export.begin.buttons','admin','',100,'export/parts/begin.buttons.export.tpl',NULL),(398,'','export.completed.buttons','admin','',100,'export/parts/completed.buttons.export.tpl',NULL),(399,'','export.begin.content','admin','',200,'export/parts/begin.options.tpl',NULL),(400,'','export.begin.options','admin','',100,'export/parts/option.files.tpl',NULL),(401,'','export.completed.content','admin','',100,'export/parts/completed.download.tpl',NULL),(402,'','export.begin.options','admin','',200,'export/parts/option.attrs.tpl',NULL),(403,'','payment.methods.list.header','admin','',500,'items_list/payment/methods/parts/header.alt_icon.tpl',NULL),(404,'','payment.methods.list.row','admin','',300,'items_list/payment/methods/parts/action.right.tpl',NULL),(405,'','payment.methods.list.line','admin','',100,'items_list/payment/methods/parts/line.header.tpl',NULL),(406,'','payment.methods.list.header','admin','',100,'items_list/payment/methods/parts/header.icon.tpl',NULL),(407,'','payment.methods.list.header','admin','',300,'items_list/payment/methods/parts/header.switcher.tpl',NULL),(408,'','payment.methods.list.header','admin','',200,'items_list/payment/methods/parts/header.title.tpl',NULL),(409,'','payment.methods.list.header','admin','',400,'items_list/payment/methods/parts/header.description.tpl',NULL),(410,'','payment.methods.list.line','admin','',200,'items_list/payment/methods/parts/line.row.tpl',NULL),(411,'','itemsList.product.modify.brief.admin.columns','admin','',60,'items_list/product/modify/brief/parts/columns/price.tpl',NULL),(412,'','itemsList.product.modify.brief.admin.columns','admin','',30,'items_list/product/modify/brief/parts/columns/name.tpl',NULL),(413,'','itemsList.product.modify.brief.admin.columns','admin','',70,'items_list/product/modify/brief/parts/columns/inventory.tpl',NULL),(414,'','itemsList.product.modify.brief.admin.columns','admin','',20,'items_list/product/modify/brief/parts/columns/sku.tpl',NULL),(415,'','itemsList.product.modify.brief.admin.header','admin','',60,'items_list/product/modify/brief/parts/header/price.tpl',NULL),(416,'','itemsList.product.modify.brief.admin.header','admin','',30,'items_list/product/modify/brief/parts/header/name.tpl',NULL),(417,'','itemsList.product.modify.brief.admin.header','admin','',70,'items_list/product/modify/brief/parts/header/inventory.tpl',NULL),(418,'','itemsList.product.modify.brief.admin.header','admin','',20,'items_list/product/modify/brief/parts/header/sku.tpl',NULL),(419,'','itemsList.product.modify.common.admin.columns','admin','',60,'items_list/product/modify/common/parts/columns/price.tpl',NULL),(420,'','itemsList.product.modify.common.admin.columns','admin','',30,'items_list/product/modify/common/parts/columns/name.tpl',NULL),(421,'','itemsList.product.modify.common.admin.columns','admin','',10,'items_list/product/modify/common/parts/columns/checkbox.tpl',NULL),(422,'','itemsList.product.modify.common.admin.columns','admin','',70,'items_list/product/modify/common/parts/columns/inventory.tpl',NULL),(423,'','itemsList.product.modify.common.admin.columns','admin','',20,'items_list/product/modify/common/parts/columns/sku.tpl',NULL),(424,'','itemsList.product.modify.common.admin.header','admin','',60,'items_list/product/modify/common/parts/header/price.tpl',NULL),(425,'','itemsList.product.modify.common.admin.header','admin','',30,'items_list/product/modify/common/parts/header/name.tpl',NULL),(426,'','itemsList.product.modify.common.admin.header','admin','',10,'items_list/product/modify/common/parts/header/checkbox.tpl',NULL),(427,'','itemsList.product.modify.common.admin.header','admin','',70,'items_list/product/modify/common/parts/header/inventory.tpl',NULL),(428,'','itemsList.product.modify.common.admin.header','admin','',20,'items_list/product/modify/common/parts/header/sku.tpl',NULL),(429,'','itemsList.product.table.admin.search.columns','admin','',60,'items_list/product/table/parts/columns/price.tpl',NULL),(430,'','itemsList.product.table.admin.search.columns','admin','',50,'items_list/product/table/parts/columns/position.tpl',NULL),(431,'','itemsList.product.table.admin.search.columns','admin','',30,'items_list/product/table/parts/columns/name.tpl',NULL),(432,'','itemsList.product.table.admin.search.columns','admin','',10,'items_list/product/table/parts/columns/checkbox.tpl',NULL),(433,'','itemsList.product.table.admin.search.columns','admin','',70,'items_list/product/table/parts/columns/inventory.tpl',NULL),(434,'','itemsList.product.table.admin.search.columns','admin','',20,'items_list/product/table/parts/columns/sku.tpl',NULL),(435,'','itemsList.product.table.admin.search.header','admin','',60,'items_list/product/table/parts/header/price.tpl',NULL),(436,'','itemsList.product.table.admin.search.header','admin','',50,'items_list/product/table/parts/header/position.tpl',NULL),(437,'','itemsList.product.table.admin.search.header','admin','',30,'items_list/product/table/parts/header/name.tpl',NULL),(438,'','itemsList.product.table.admin.search.header','admin','',10,'items_list/product/table/parts/header/checkbox.tpl',NULL),(439,'','itemsList.product.table.admin.search.header','admin','',70,'items_list/product/table/parts/header/inventory.tpl',NULL),(440,'','itemsList.product.table.admin.search.header','admin','',20,'items_list/product/table/parts/header/sku.tpl',NULL),(441,'','itemsList.shipping-methods.cell.rates','admin','',100,'items_list/model/table/shipping/methods/cell.rates.tpl',NULL),(442,'','itemsList.category.cell.subcategories','admin','',100,'items_list/model/table/category/parts/info.subcategories.tpl',NULL),(443,'','itemsList.category.cell.info','admin','',100,'items_list/model/table/category/parts/info.products.tpl',NULL),(444,'','itemsList.country.cell.states','admin','',100,'items_list/model/table/countries/parts/cell.states.tpl',NULL),(445,'','itemsList.orderitem.cell.price','admin','',100,'items_list/model/table/order_item/restore.tpl',NULL),(446,'','itemsList.orderitem.dumpCell.price','admin','',100,'items_list/model/table/order_item/restore.tpl',NULL),(447,'','itemsList.orders.search.cell.status','admin','',16777215,'items_list/model/table/order/cell.actions.tpl',NULL),(448,'','itemsList.orders.search.cell.status','admin','',16777215,'items_list/model/table/order/cell.payment_actions.tpl',NULL),(449,'','itemsList.module.manage.columns','admin','',70,'items_list/module/manage/parts/columns/description.tpl',NULL),(450,'','itemsList.module.install.columns','admin','',70,'items_list/module/manage/parts/columns/description.tpl',NULL),(451,'','itemsList.module.manage.columns.icon','admin','',200,'items_list/module/manage/parts/columns/icon/image.tpl',NULL),(452,'','itemsList.module.install.columns.icon','admin','',200,'items_list/module/manage/parts/columns/icon/image.tpl',NULL),(453,'','itemsList.module.manage.columns','admin','',50,'items_list/module/manage/parts/columns/main.tpl',NULL),(454,'','itemsList.module.install.columns','admin','',50,'items_list/module/manage/parts/columns/main.tpl',NULL),(455,'','itemsList.module.manage.columns.module-main-section','admin','',200,'items_list/module/manage/parts/columns/xcn_notice.tpl',NULL),(456,'','itemsList.module.manage.columns.module-description-section','admin','',20,'items_list/module/manage/parts/columns/module-description-section/author.tpl',NULL),(457,'','itemsList.module.manage.columns.module-description-section','admin','',10,'items_list/module/manage/parts/columns/module-description-section/description.tpl',NULL),(458,'','itemsList.module.install.columns.module-description-section','admin','',10,'items_list/module/manage/parts/columns/module-description-section/description.tpl',NULL),(459,'','itemsList.module.install.columns.module-description-section','admin','',15,'items_list/module/manage/parts/columns/module-description-section/translation_notice.tpl',NULL),(460,'','itemsList.module.manage.columns.module-main-section','admin','',40,'items_list/module/manage/parts/columns/module-main-section/upgrade_notes.tpl',NULL),(461,'','itemsList.module.manage.columns.module-main-section','admin','',30,'items_list/module/manage/parts/columns/module-main-section/cannot_enable.tpl',NULL),(462,'','itemsList.module.install.columns.module-main-section','admin','',400,'items_list/module/manage/parts/columns/module-main-section/cannot_enable.tpl',NULL),(463,'','itemsList.module.manage.columns.module-main-section','admin','',30,'items_list/module/manage/parts/columns/module-main-section/cannot_disable.tpl',NULL),(464,'','itemsList.module.manage.columns.module-main-section','admin','',10,'items_list/module/manage/parts/columns/module-main-section/name.tpl',NULL),(465,'','itemsList.module.install.columns.module-main-section','admin','',10,'items_list/module/manage/parts/columns/module-main-section/name.tpl',NULL),(466,'','itemsList.module.manage.columns.module-main-section','admin','',40,'items_list/module/manage/parts/columns/module-main-section/update_notes.tpl',NULL),(467,'','itemsList.module.manage.columns.module-main-section.cannot_enable.core_upgrade_needed','admin','',100,'items_list/module/manage/parts/columns/module-main-section/cannot_enable/core_upgrade_needed/note_1_enable.tpl',NULL),(468,'','itemsList.module.manage.columns.module-main-section.cannot_enable.core_upgrade_needed','admin','',200,'items_list/module/manage/parts/columns/module-main-section/cannot_enable/core_upgrade_needed/note_2.tpl',NULL),(469,'','itemsList.module.install.columns.module-main-section.cannot_enable.core_upgrade_needed','admin','',200,'items_list/module/manage/parts/columns/module-main-section/cannot_enable/core_upgrade_needed/note_2.tpl',NULL),(470,'','itemsList.module.install.columns.module-main-section.cannot_enable.core_upgrade_needed','admin','',100,'items_list/module/manage/parts/columns/module-main-section/cannot_enable/core_upgrade_needed/note_1_install.tpl',NULL),(471,'','itemsList.module.manage.columns.module-main-section.cannot_enable','admin','',300,'items_list/module/manage/parts/columns/module-main-section/cannot_enable/module_upgrade_needed.tpl',NULL),(472,'','itemsList.module.install.columns.module-main-section.cannot_enable','admin','',300,'items_list/module/manage/parts/columns/module-main-section/cannot_enable/module_upgrade_needed.tpl',NULL),(473,'','itemsList.module.manage.columns.module-main-section.cannot_enable.module_upgrade_needed','admin','',100,'items_list/module/manage/parts/columns/module-main-section/cannot_enable/module_upgrade_needed/note.tpl',NULL),(474,'','itemsList.module.install.columns.module-main-section.cannot_enable.module_upgrade_needed','admin','',100,'items_list/module/manage/parts/columns/module-main-section/cannot_enable/module_upgrade_needed/note.tpl',NULL),(475,'','itemsList.module.manage.columns.module-main-section.cannot_enable','admin','',100,'items_list/module/manage/parts/columns/module-main-section/cannot_enable/dependencies.tpl',NULL),(476,'','itemsList.module.install.columns.module-main-section.cannot_enable','admin','',100,'items_list/module/manage/parts/columns/module-main-section/cannot_enable/dependencies.tpl',NULL),(477,'','itemsList.module.manage.columns.module-main-section.cannot_enable.dependencies','admin','',200,'items_list/module/manage/parts/columns/module-main-section/cannot_enable/dependencies/list.tpl',NULL),(478,'','itemsList.module.install.columns.module-main-section.cannot_enable.dependencies','admin','',200,'items_list/module/manage/parts/columns/module-main-section/cannot_enable/dependencies/list.tpl',NULL),(479,'','itemsList.module.manage.columns.module-main-section.cannot_enable.dependencies','admin','',100,'items_list/module/manage/parts/columns/module-main-section/cannot_enable/dependencies/note.tpl',NULL),(480,'','itemsList.module.install.columns.module-main-section.cannot_enable.dependencies','admin','',100,'items_list/module/manage/parts/columns/module-main-section/cannot_enable/dependencies/note.tpl',NULL),(481,'','itemsList.module.manage.columns.module-main-section.cannot_enable.dependencies','admin','',400,'items_list/module/manage/parts/columns/module-main-section/cannot_enable/dependencies/list_mutual.tpl',NULL),(482,'','itemsList.module.install.columns.module-main-section.cannot_enable.dependencies','admin','',400,'items_list/module/manage/parts/columns/module-main-section/cannot_enable/dependencies/list_mutual.tpl',NULL),(483,'','itemsList.module.manage.columns.module-main-section.cannot_enable.dependencies.details','admin','',100,'items_list/module/manage/parts/columns/module-main-section/cannot_enable/dependencies/details/link.tpl',NULL),(484,'','itemsList.module.install.columns.module-main-section.cannot_enable.dependencies.details','admin','',100,'items_list/module/manage/parts/columns/module-main-section/cannot_enable/dependencies/details/link.tpl',NULL),(485,'','itemsList.module.manage.columns.module-main-section.cannot_enable.dependencies','admin','',300,'items_list/module/manage/parts/columns/module-main-section/cannot_enable/dependencies/note_mutual.tpl',NULL),(486,'','itemsList.module.install.columns.module-main-section.cannot_enable.dependencies','admin','',300,'items_list/module/manage/parts/columns/module-main-section/cannot_enable/dependencies/note_mutual.tpl',NULL),(487,'','itemsList.module.manage.columns.module-main-section.cannot_enable','admin','',200,'items_list/module/manage/parts/columns/module-main-section/cannot_enable/core_upgrade_needed.tpl',NULL),(488,'','itemsList.module.install.columns.module-main-section.cannot_enable','admin','',200,'items_list/module/manage/parts/columns/module-main-section/cannot_enable/core_upgrade_needed.tpl',NULL),(489,'','itemsList.module.manage.columns.module-main-section','admin','',30,'items_list/module/manage/parts/columns/module-main-section/actions.tpl',NULL),(490,'','itemsList.module.install.columns.module-main-section','admin','',30,'items_list/module/manage/parts/columns/module-main-section/actions.tpl',NULL),(491,'','itemsList.module.manage.columns.module-main-section','admin','',20,'items_list/module/manage/parts/columns/module-main-section/version.tpl',NULL),(492,'','itemsList.module.manage.columns.module-main-section','admin','',1000,'items_list/module/manage/parts/columns/module-main-section/js_code.tpl',NULL),(493,'','itemsList.module.manage.columns','admin','',30,'items_list/module/manage/parts/columns/icon.tpl',NULL),(494,'','itemsList.module.install.columns','admin','',30,'items_list/module/manage/parts/columns/icon.tpl',NULL),(495,'','modules-manage.top-controls','admin','',100,'items_list/module/manage/parts/sections/header.tpl',NULL),(496,'','itemsList.module.manage.sections','admin','',400,'items_list/module/manage/parts/sections/list.tpl',NULL),(497,'','itemsList.module.manage.sections','admin','',100,'items_list/module/manage/parts/sections/javascript.tpl',NULL),(498,'','itemsList.module.install.columns.module-main-section','admin','',500,'items_list/module/install/parts/columns/upgrade_notes.tpl',NULL),(499,'','itemsList.module.install.columns.module-main-section','admin','',20,'items_list/module/install/parts/columns/info.tpl',NULL),(500,'','itemsList.module.install.columns.module-description-section','admin','',20,'items_list/module/install/parts/columns/info/author.tpl',NULL),(501,'','itemsList.module.install.columns.module-main-section','admin','',200,'items_list/module/install/parts/columns/info/xcn_notice.tpl',NULL),(502,'','itemsList.module.install.columns.module-main-section','admin','',200,'items_list/module/install/parts/columns/info/not_avail_notice.tpl',NULL),(503,'','itemsList.module.install.columns.module-main-section','admin','',100,'items_list/module/install/parts/columns/info/price.tpl',NULL),(504,'','itemsList.module.install.columns.module-main-section','admin','',200,'items_list/module/install/parts/columns/info/install.tpl',NULL),(505,'','itemsList.module.install.columns.module-description-section.info-element','admin','',10,'items_list/module/install/parts/columns/info/vote.tpl',NULL),(506,'','itemsList.module.install.columns.module-description-section','admin','',0,'items_list/module/install/parts/columns/info/tags.tpl',NULL),(507,'','itemsList.module.install.columns.module-main-section','admin','',200,'items_list/module/install/parts/columns/info/purchase.tpl',NULL),(508,'','itemsList.module.install.columns.module-main-section','admin','',100,'items_list/module/install/parts/columns/info/already_installed.tpl',NULL),(509,'','itemsList.module.install.columns.module-description-section.info-element','admin','',20,'items_list/module/install/parts/columns/info/download.tpl',NULL),(510,'','itemsList.module.install.columns.module-description-section','admin','',30,'items_list/module/install/parts/columns/info/url.tpl',NULL),(511,'','itemsList.module.manage.columns.module-description-section','admin','',30,'items_list/module/install/parts/columns/info/url.tpl',NULL),(512,'','marketplace.top-controls','admin','',350,'items_list/module/install/parts/sections/header.tpl',NULL),(513,'','marketplace.addons-filters','admin','',200,'items_list/module/install/parts/sections/addons_search_box.tpl',NULL),(514,'','marketplace.landing.controls','admin','',100,'items_list/module/install/parts/sections/addons_search_box.tpl',NULL),(515,'','marketplace.landing.controls','admin','',200,'items_list/module/install/parts/sections/tags_list.tpl',NULL),(516,'','marketplace.top-controls','admin','',400,'items_list/module/install/items_list/list.tpl',NULL),(517,'','install-modules.pager.buttons','admin','',100,'items_list/module/install/items_list/view_all.tpl',NULL),(518,'','marketplace.top-controls','admin','',100,'items_list/module/install/items_list/banner.tpl',NULL),(519,'','marketplace.top-controls','admin','',300,'items_list/module/install/items_list/clear.tpl',NULL),(520,'','install-addon.buttons','admin','',16777215,'modules_manager/license/select_type_button.tpl',NULL),(521,'','install-addon.buttons','admin','',16777215,'modules_manager/license/install_button.tpl',NULL),(522,'','installation_types.buttons','admin','',16777215,'modules_manager/installation_type/buttons.tpl',NULL),(523,'','file_select_dialog.file_selections','admin','',400,'file_selector/parts/local_server_input.tpl',NULL),(524,'','file_select_dialog.file_selections','admin','',300,'file_selector/parts/local_server_label.tpl',NULL),(525,'','file_select_dialog.actions','admin','',100,'file_selector/parts/file_select_actions.tpl',NULL),(526,'','file_select_dialog.file_selections','admin','',600,'file_selector/parts/url_input.tpl',NULL),(527,'','file_select_dialog.file_selections','admin','',500,'file_selector/parts/url_label.tpl',NULL),(528,'','file_select_dialog.file_selections','admin','',100,'file_selector/parts/local_computer_label.tpl',NULL),(529,'','file_select_dialog.file_selections','admin','',200,'file_selector/parts/local_computer_input.tpl',NULL),(530,'','file_select_dialog.file_selections','admin','',700,'file_selector/parts/url_copy_to_local.tpl',NULL),(531,'','dashboard','admin','',100,'dashboard/parts/body_markup.tpl',NULL),(532,'','dashboard-center','admin','',200,'dashboard/parts/center/panel.tpl',NULL),(533,'','dashboard-sidebar','admin','',100,'dashboard/parts/sidebar/order_stats.tpl',NULL),(534,'','head','admin','',90,'header/parts/css.tpl',NULL),(535,'','head','admin','',70,'header/parts/nofollow.tpl',NULL),(536,'','head','admin','',40,'header/parts/ie.tpl',NULL),(537,'','head','admin','',10,'header/parts/title.tpl',NULL),(538,'','head','admin','',100,'header/parts/js_static.tpl',NULL),(539,'','head.css','admin','',100,'header/parts/parts.css/css.tpl',NULL),(540,'','head.css','admin','',200,'header/parts/parts.css/css_aggregation.tpl',NULL),(541,'','head','admin','',80,'header/parts/favicon.tpl',NULL),(542,'','head','admin','',40,'header/parts/noindex.tpl',NULL),(543,'','head','admin','',20,'header/parts/content-type.tpl',NULL),(544,'','page.remove_data','admin','',100,'page/remove_data/parts/remove.tpl',NULL),(545,'','admin.main.page.footer.left','admin','',100,'footer/right/marketplace_terms.tpl',NULL),(546,'','admin.main.page.footer.right','admin','',100,'footer/right/site.tpl',NULL),(547,'','admin.main.page.footer.right','admin','',300,'footer/right/social_link.tpl',NULL),(548,'','jscontainer.js','admin','',100,'jscontainer/parts/js.tpl',NULL),(549,'','jscontainer.js','admin','',200,'jscontainer/parts/js_aggregation.tpl',NULL),(550,'','invoice.base','admin','',60,'order/invoice/parts/note.tpl',NULL),(551,'','invoice.items.head','admin','',20,'order/invoice/parts/items/items.head.price.tpl',NULL),(552,'','invoice.item','admin','',20,'order/invoice/parts/items/item.price.tpl',NULL),(553,'','invoice.item','admin','',20,'order/invoice/parts/items/item.qty.tpl',NULL),(554,'','invoice.items.head','admin','',40,'order/invoice/parts/items/items.head.total.tpl',NULL),(555,'','invoice.items.head','admin','',10,'order/invoice/parts/items/items.head.name.tpl',NULL),(556,'','invoice.item','admin','',30,'order/invoice/parts/items/item.total.tpl',NULL),(557,'','invoice.item','admin','',10,'order/invoice/parts/items/item.name.tpl',NULL),(558,'','invoice.item.name','admin','',10,'order/invoice/parts/items/item.sku.tpl',NULL),(559,'','invoice.items.head','admin','',30,'order/invoice/parts/items/items.head.qty.tpl',NULL),(560,'','invoice.base','admin','',30,'order/invoice/parts/items/items.tpl',NULL),(561,'','invoice.base.totals','admin','',100,'order/invoice/parts/totals.subtotal.tpl',NULL),(562,'','invoice.bottom.address.shipping','admin','',20,'order/invoice/parts/bottom.methods.shipping.tpl',NULL),(563,'','invoice.bottom.address.billing','admin','',20,'order/invoice/parts/bottom.methods.payment.tpl',NULL),(564,'','invoice.base','admin','',20,'order/invoice/parts/title.tpl',NULL),(565,'','invoice.base','admin','',70,'order/invoice/parts/footer.tpl',NULL),(566,'','invoice.base','admin','',50,'order/invoice/parts/bottom.tpl',NULL),(567,'','invoice.base','admin','',10,'order/invoice/parts/head.tpl',NULL),(568,'','invoice.base','admin','',55,'order/invoice/parts/instruction.tpl',NULL),(569,'','invoice.base.totals','admin','',200,'order/invoice/parts/totals.modifiers.tpl',NULL),(570,'','invoice.head','admin','',20,'order/invoice/parts/head.logo.tpl',NULL),(571,'','invoice.bottom.address.shipping','admin','',20,'order/invoice/parts/bottom.address.shipping.tpl',NULL),(572,'','invoice.head','admin','',10,'order/invoice/parts/head.address.tpl',NULL),(573,'','invoice.base.totals','admin','',300,'order/invoice/parts/totals.total.tpl',NULL),(574,'','invoice.base','admin','',40,'order/invoice/parts/totals.tpl',NULL),(575,'','invoice.bottom.address.billing','admin','',10,'order/invoice/parts/bottom.address.billing.tpl',NULL),(576,'','order.history.base.events.details','admin','',10,'order/history/parts/event_date.tpl',NULL),(577,'','order.history.base.events','admin','',10,'order/history/parts/event_block_header.tpl',NULL),(578,'','order.history.base.events.details','admin','',30,'order/history/parts/event_description.tpl',NULL),(579,'','order.history.base.events','admin','',20,'order/history/parts/event.tpl',NULL),(580,'','order.history.base.events.details.info','admin','',20,'order/history/parts/event_details_comment.tpl',NULL),(581,'','order.history.base.events.details','admin','',9999,'order/history/parts/event_clear.tpl',NULL),(582,'','order.history.base','admin','',10,'order/history/parts/block.tpl',NULL),(583,'','order.history.base.events.details.info','admin','',30,'order/history/parts/event_details_data.tpl',NULL),(584,'','order.history.base.events.details.info','admin','',10,'order/history/parts/event_details.tpl',NULL),(585,'','order.history.base.events.details','admin','',20,'order/history/parts/event_details_action.tpl',NULL),(586,'','order.actions','admin','',1000,'order/page/parts/action.statuses.tpl',NULL),(587,'','order.items.wrapper','admin','',100,'order/page/parts/items_bottom_box.tpl',NULL),(588,'','order.payment','admin','',200,'order/page/parts/payment.address.tpl',NULL),(589,'','order.items.head','admin','',20,'order/page/parts/items/items.head.price.tpl',NULL),(590,'','order.item','admin','',20,'order/page/parts/items/item.price.tpl',NULL),(591,'','order.item','admin','',20,'order/page/parts/items/item.qty.tpl',NULL),(592,'','order.items.head','admin','',40,'order/page/parts/items/items.head.total.tpl',NULL),(593,'','order.items.head','admin','',10,'order/page/parts/items/items.head.name.tpl',NULL),(594,'','order.item','admin','',30,'order/page/parts/items/item.total.tpl',NULL),(595,'','order.item','admin','',10,'order/page/parts/items/item.name.tpl',NULL),(596,'','order.item.name','admin','',10,'order/page/parts/items/item.sku.tpl',NULL),(597,'','order.items.head','admin','',30,'order/page/parts/items/items.head.qty.tpl',NULL),(598,'','order.items.wrapper','admin','',10,'order/page/parts/items/items.tpl',NULL),(599,'','order.actions.paymentActionsRow','admin','',200,'order/page/parts/action.payment_actions.tpl',NULL),(600,'','order.title.box','admin','',100,'order/page/parts/title.box.note.tpl',NULL),(601,'','order','admin','',1000,'order/page/parts/antifraud_ad.tpl',NULL),(602,'','order.base.totals','admin','',100,'order/page/parts/totals.subtotal.tpl',NULL),(603,'','order.customerNotes','admin','',100,'order/page/parts/customerNotes.notes.tpl',NULL),(604,'','order.operations','admin','',100,'order/page/parts/line1.tpl',NULL),(605,'','order.title.row','admin','',100,'order/page/parts/title.tpl',NULL),(606,'','order.actions.statuses','admin','',100,'order/page/parts/action.shipping_status.tpl',NULL),(607,'','order.actions.statuses','admin','',200,'order/page/parts/action.payment_status.tpl',NULL),(608,'','order.actions.statuses','admin','',1000,'order/page/parts/action.row.tpl',NULL),(609,'','order.shipping','admin','',100,'order/page/parts/shipping.method.tpl',NULL),(610,'','order','admin','',200,'order/page/parts/placed.tpl',NULL),(611,'','order.note','admin','',100,'order/page/parts/note.note.tpl',NULL),(612,'','order.operations','admin','',300,'order/page/parts/line3.tpl',NULL),(613,'','order.title.row','admin','',200,'order/page/parts/title.box.tpl',NULL),(614,'','order.title.box','admin','',200,'order/page/parts/title.box.history.tpl',NULL),(615,'','order.base.totals','admin','',200,'order/page/parts/totals.modifiers.tpl',NULL),(616,'','order.items.bottom','admin','',200,'order/page/parts/customerNotes.tpl',NULL),(617,'','order.shipping','admin','',200,'order/page/parts/shipping.address.tpl',NULL),(618,'','order','admin','',400,'order/page/parts/operations.tpl',NULL),(619,'','order.payment','admin','',100,'order/page/parts/payment.method.tpl',NULL),(620,'','order.actions.paymentActionsRow','admin','',100,'order/page/parts/action.transactions.tpl',NULL),(621,'','order.base.totals','admin','',300,'order/page/parts/totals.total.tpl',NULL),(622,'','order.items.bottom','admin','',100,'order/page/parts/totals.tpl',NULL),(623,'','order','admin','',100,'order/page/parts/title.row.tpl',NULL),(624,'','itemsList.profile.search.footer','admin','',20,'profile/add_user.tpl',NULL),(625,'','itemsList.profile.search.footer','admin','',10,'profile/delete_user.tpl',NULL),(626,'','admin.main.page.header','admin','',30,'main_center/page_container_parts/header_parts/menu_control.tpl',NULL),(627,'','admin.main.page.header','admin','',10,'main_center/page_container_parts/header_parts/logo.tpl',NULL),(628,'','crud.settings.footer','admin','',100,'settings/email.tpl',NULL),(629,'','admin.center','admin','',16777215,'settings/module.tpl',NULL),(630,'','crud.settings.footer','admin','',100,'settings/clean_aggregation.tpl',NULL),(631,'','crud.settings.footer','admin','',200,'settings/clean_view_cache.tpl',NULL),(632,'','browseServer.item','admin','',100,'browse_server/parts/item.name.tpl',NULL),(633,'','browseServer','admin','',200,'browse_server/parts/buttons.tpl',NULL),(634,'','browseServer','admin','',100,'browse_server/parts/items.tpl',NULL),(635,'','file-uploader.menu','admin','',10,'file_uploader/parts/menu.message.tpl',NULL),(636,'','file-uploader.menu','admin','',100,'file_uploader/parts/menu.delete.tpl',NULL),(637,'','file-uploader.menu','admin','',30,'file_uploader/parts/menu.upload.tpl',NULL),(638,'','file-uploader.menu','admin','',20,'file_uploader/parts/menu.view.tpl',NULL),(639,'','file-uploader.menu','admin','',50,'file_uploader/parts/menu.alt.tpl',NULL),(640,'','itemsList.notification.cell.enabledForAdmin','admin','',100,'notifications/cell.enabledForAdmin.tpl',NULL),(641,'','itemsList.notification.cell.name','admin','',100,'notifications/cell.name.tpl',NULL),(642,'','admin.main.page.header','admin','',9000,'body/header_right.tpl',NULL),(643,'','profiles.search.dateTypes','admin','',200,'profiles/parts/search_form/date_type.logged.tpl',NULL),(644,'','profiles.search.dateTypes','admin','',100,'profiles/parts/search_form/date_type.registered.tpl',NULL),(645,'','upgrade.install_updates.sections.form','admin','',200,'upgrade/install_updates/parts/form/info.tpl',NULL),(646,'','upgrade.install_updates.sections.form.info','admin','',200,'upgrade/install_updates/parts/form/info/module.tpl',NULL),(647,'','upgrade.install_updates.sections.form.info','admin','',100,'upgrade/install_updates/parts/form/info/name.tpl',NULL),(648,'','upgrade.install_updates.sections.form.info.module','admin','',100,'upgrade/install_updates/parts/form/info/module/author.tpl',NULL),(649,'','upgrade.install_updates.sections.form.info.module','admin','',200,'upgrade/install_updates/parts/form/info/module/status.tpl',NULL),(650,'','upgrade.install_updates.sections.form.info','admin','',300,'upgrade/install_updates/parts/form/info/version.tpl',NULL),(651,'','upgrade.install_updates.sections.form','admin','',100,'upgrade/install_updates/parts/form/icon.tpl',NULL),(652,'','upgrade.install_updates.sections','admin','',100,'upgrade/install_updates/parts/top.tpl',NULL),(653,'','upgrade.install_updates.sections','admin','',300,'upgrade/install_updates/parts/advanced_link.tpl',NULL),(654,'','upgrade.install_updates.sections','admin','',200,'upgrade/install_updates/parts/form.tpl',NULL),(655,'','upgrade.step.prepare.buttons.sections','admin','',50,'upgrade/step/prepare/buttons/parts/expired_keys.tpl',NULL),(656,'','upgrade.step.prepare.buttons.sections','admin','',200,'upgrade/step/prepare/buttons/parts/trial_notice.tpl',NULL),(657,'','upgrade.step.prepare.buttons.sections','admin','',100,'upgrade/step/prepare/buttons/parts/cancel.tpl',NULL),(658,'','upgrade.step.prepare.buttons.sections','admin','',200,'upgrade/step/prepare/buttons/parts/continue.tpl',NULL),(659,'','upgrade.step.prepare.incompatible_entries_upgrade.sections','admin','',100,'upgrade/step/prepare/incompatible_entries_upgrade/parts/description.tpl',NULL),(660,'','upgrade.step.prepare.incompatible_entries_upgrade.sections','admin','',300,'upgrade/step/prepare/incompatible_entries_upgrade/parts/messages.tpl',NULL),(661,'','upgrade.step.prepare.incompatible_entries_upgrade.sections','admin','',200,'upgrade/step/prepare/incompatible_entries_upgrade/parts/table.tpl',NULL),(662,'','upgrade.step.prepare.incompatible_entries_upgrade.sections.table','admin','',200,'upgrade/step/prepare/incompatible_entries_upgrade/parts/table/info.tpl',NULL),(663,'','upgrade.step.prepare.incompatible_entries_upgrade.sections.table.info','admin','',200,'upgrade/step/prepare/incompatible_entries_upgrade/parts/table/info/module.tpl',NULL),(664,'','upgrade.step.prepare.incompatible_entries_upgrade.sections.table.info','admin','',100,'upgrade/step/prepare/incompatible_entries_upgrade/parts/table/info/name.tpl',NULL),(665,'','upgrade.step.prepare.incompatible_entries_upgrade.sections.table.info.module','admin','',200,'upgrade/step/prepare/incompatible_entries_upgrade/parts/table/info/module/author.tpl',NULL),(666,'','upgrade.step.prepare.incompatible_entries_upgrade.sections.table.info.module','admin','',100,'upgrade/step/prepare/incompatible_entries_upgrade/parts/table/info/module/version.tpl',NULL),(667,'','upgrade.step.prepare.incompatible_entries_upgrade.sections.table','admin','',100,'upgrade/step/prepare/incompatible_entries_upgrade/parts/table/icon.tpl',NULL),(668,'','upgrade.step.prepare.entries_list_upgrade.sections','admin','',100,'upgrade/step/prepare/entries_list_upgrade/parts/table.tpl',NULL),(669,'','upgrade.step.prepare.entries_list_upgrade.sections.table','admin','',200,'upgrade/step/prepare/entries_list_upgrade/parts/table/info.tpl',NULL),(670,'','upgrade.step.prepare.entries_list_upgrade.sections.table.info','admin','',200,'upgrade/step/prepare/entries_list_upgrade/parts/table/info/module.tpl',NULL),(671,'','upgrade.step.prepare.entries_list_upgrade.sections.table.info','admin','',100,'upgrade/step/prepare/entries_list_upgrade/parts/table/info/name.tpl',NULL),(672,'','upgrade.step.prepare.entries_list_upgrade.sections.table.info.module','admin','',200,'upgrade/step/prepare/entries_list_upgrade/parts/table/info/module/author.tpl',NULL),(673,'','upgrade.step.prepare.entries_list_upgrade.sections.table.info.module','admin','',300,'upgrade/step/prepare/entries_list_upgrade/parts/table/info/module/status.tpl',NULL),(674,'','upgrade.step.prepare.entries_list_upgrade.sections.table.info.module','admin','',100,'upgrade/step/prepare/entries_list_upgrade/parts/table/info/module/version.tpl',NULL),(675,'','upgrade.step.prepare.entries_list_upgrade.sections.table','admin','',100,'upgrade/step/prepare/entries_list_upgrade/parts/table/icon.tpl',NULL),(676,'','upgrade.step.prepare.incompatible_entries_update.sections','admin','',100,'upgrade/step/prepare/incompatible_entries_update/parts/description.tpl',NULL),(677,'','upgrade.step.prepare.incompatible_entries_update.sections','admin','',300,'upgrade/step/prepare/incompatible_entries_update/parts/messages.tpl',NULL),(678,'','upgrade.step.prepare.incompatible_entries_update.sections','admin','',200,'upgrade/step/prepare/incompatible_entries_update/parts/table.tpl',NULL),(679,'','upgrade.step.prepare.incompatible_entries_update.sections.table.columns','admin','',100,'upgrade/step/prepare/incompatible_entries_update/parts/table/columns/name.tpl',NULL),(680,'','upgrade.step.prepare.incompatible_entries_update.sections.table.columns','admin','',300,'upgrade/step/prepare/incompatible_entries_update/parts/table/columns/checkbox.tpl',NULL),(681,'','upgrade.step.prepare.incompatible_entries_update.sections.table.columns','admin','',200,'upgrade/step/prepare/incompatible_entries_update/parts/table/columns/icon.tpl',NULL),(682,'','upgrade.step.prepare.entries_list_update.sections','admin','',100,'upgrade/step/prepare/entries_list_update/parts/table.tpl',NULL),(683,'','upgrade.step.prepare.entries_list_update.sections.table.columns','admin','',500,'upgrade/step/prepare/entries_list_update/parts/table/columns/version_new.tpl',NULL),(684,'','upgrade.step.prepare.entries_list_update.sections.table.columns','admin','',600,'upgrade/step/prepare/entries_list_update/parts/table/columns/size.tpl',NULL),(685,'','upgrade.step.prepare.entries_list_update.sections.table.columns','admin','',400,'upgrade/step/prepare/entries_list_update/parts/table/columns/version_separator.tpl',NULL),(686,'','upgrade.step.prepare.entries_list_update.sections.table.columns','admin','',100,'upgrade/step/prepare/entries_list_update/parts/table/columns/name.tpl',NULL),(687,'','upgrade.step.prepare.entries_list_update.sections.table.columns','admin','',200,'upgrade/step/prepare/entries_list_update/parts/table/columns/status.tpl',NULL),(688,'','upgrade.step.prepare.entries_list_update.sections.table.columns','admin','',300,'upgrade/step/prepare/entries_list_update/parts/table/columns/version_old.tpl',NULL),(689,'','upgrade.step.prepare.entries_list_update.sections.table.header','admin','',300,'upgrade/step/prepare/entries_list_update/parts/table/header/size.tpl',NULL),(690,'','upgrade.step.prepare.entries_list_update.sections.table.header','admin','',100,'upgrade/step/prepare/entries_list_update/parts/table/header/component.tpl',NULL),(691,'','upgrade.step.prepare.entries_list_update.sections.table.header','admin','',200,'upgrade/step/prepare/entries_list_update/parts/table/header/version.tpl',NULL),(692,'','upgrade.step.ready_to_install.buttons.sections.right','admin','',200,'upgrade/step/ready_to_install/buttons/parts/try_again.tpl',NULL),(693,'','upgrade.step.ready_to_install.buttons.sections.right','admin','',100,'upgrade/step/ready_to_install/buttons/parts/agree.tpl',NULL),(694,'','upgrade.step.ready_to_install.buttons.sections.right','admin','',200,'upgrade/step/ready_to_install/buttons/parts/install.tpl',NULL),(695,'','upgrade.step.ready_to_install.buttons.sections','admin','',100,'upgrade/step/ready_to_install/buttons/parts/left.tpl',NULL),(696,'','upgrade.step.ready_to_install.buttons.sections.left','admin','',100,'upgrade/step/ready_to_install/buttons/parts/cancel.tpl',NULL),(697,'','upgrade.step.ready_to_install.buttons.sections','admin','',200,'upgrade/step/ready_to_install/buttons/parts/right.tpl',NULL),(698,'','upgrade.step.ready_to_install.entries_list.sections','admin','',100,'upgrade/step/ready_to_install/entries_list/parts/table.tpl',NULL),(699,'','upgrade.step.completed.entries_list.sections','admin','',200,'upgrade/step/ready_to_install/entries_list/parts/table.tpl',NULL),(700,'','upgrade.step.ready_to_install.entries_list.sections.table.columns.error','admin','',400,'upgrade/step/ready_to_install/entries_list/parts/table/columns/error.tpl',NULL),(701,'','upgrade.step.ready_to_install.entries_list.sections.table.columns','admin','',200,'upgrade/step/ready_to_install/entries_list/parts/table/columns/status.tpl',NULL),(702,'','upgrade.step.completed.entries_list.sections.table.columns','admin','',200,'upgrade/step/ready_to_install/entries_list/parts/table/columns/status.tpl',NULL),(703,'','upgrade.step.ready_to_install.entries_list.sections.table.columns','admin','',100,'upgrade/step/ready_to_install/entries_list/parts/table/columns/component.tpl',NULL),(704,'','upgrade.step.completed.entries_list.sections.table.columns','admin','',100,'upgrade/step/ready_to_install/entries_list/parts/table/columns/component.tpl',NULL),(705,'','upgrade.step.ready_to_install.entries_list.sections.table.columns','admin','',300,'upgrade/step/ready_to_install/entries_list/parts/table/columns/version.tpl',NULL),(706,'','upgrade.step.completed.entries_list.sections.table.columns','admin','',300,'upgrade/step/ready_to_install/entries_list/parts/table/columns/version.tpl',NULL),(707,'','upgrade.step.ready_to_install.entries_list.sections.table.header','admin','',200,'upgrade/step/ready_to_install/entries_list/parts/table/header/status.tpl',NULL),(708,'','upgrade.step.completed.entries_list.sections.table.header','admin','',200,'upgrade/step/ready_to_install/entries_list/parts/table/header/status.tpl',NULL),(709,'','upgrade.step.ready_to_install.entries_list.sections.table.header','admin','',100,'upgrade/step/ready_to_install/entries_list/parts/table/header/component.tpl',NULL),(710,'','upgrade.step.completed.entries_list.sections.table.header','admin','',100,'upgrade/step/ready_to_install/entries_list/parts/table/header/component.tpl',NULL),(711,'','upgrade.step.ready_to_install.entries_list.sections.table.header','admin','',300,'upgrade/step/ready_to_install/entries_list/parts/table/header/version.tpl',NULL),(712,'','upgrade.step.completed.entries_list.sections.table.header','admin','',300,'upgrade/step/ready_to_install/entries_list/parts/table/header/version.tpl',NULL),(713,'','upgrade.step.completed.backup.sections','admin','',100,'upgrade/step/completed/backup/part/description.tpl',NULL),(714,'','upgrade.step.completed.backup.actions','admin','',100,'upgrade/step/completed/backup/part/actions/soft_reset.tpl',NULL),(715,'','upgrade.step.ready_to_install.create_backup.actions','admin','',100,'upgrade/step/completed/backup/part/actions/soft_reset.tpl',NULL),(716,'','upgrade.step.completed.backup.actions','admin','',300,'upgrade/step/completed/backup/part/actions/restore_backup.tpl',NULL),(717,'','upgrade.step.completed.backup.actions','admin','',200,'upgrade/step/completed/backup/part/actions/hard_reset.tpl',NULL),(718,'','upgrade.step.ready_to_install.create_backup.actions','admin','',200,'upgrade/step/completed/backup/part/actions/hard_reset.tpl',NULL),(719,'','invoice.bottom','mail','',21,'modules/CDev/XPaymentsConnector/kount.tpl',NULL),(720,'','invoice.bottom.address.billing','mail','',30,'modules/CDev/XPaymentsConnector/invoice.tpl',NULL),(721,'','invoice.base','mail','',60,'order/invoice/parts/note.tpl',NULL),(722,'','invoice.items.head','mail','',20,'order/invoice/parts/items.head.price.tpl',NULL),(723,'','invoice.bottom.statuses','mail','',10,'order/invoice/parts/bottom.statuses.shipping.tpl',NULL),(724,'','invoice.bottom','mail','',20,'order/invoice/parts/bottom.methods.tpl',NULL),(725,'','invoice.base.totals','mail','',100,'order/invoice/parts/totals.subtotal.tpl',NULL),(726,'','invoice.bottom.address.shipping','mail','',20,'order/invoice/parts/bottom.methods.shipping.tpl',NULL),(727,'','invoice.item','mail','',20,'order/invoice/parts/item.price.tpl',NULL),(728,'','invoice.bottom.address.billing','mail','',20,'order/invoice/parts/bottom.methods.payment.tpl',NULL),(729,'','invoice.base','mail','',20,'order/invoice/parts/title.tpl',NULL),(730,'','invoice.bottom','mail','',10,'order/invoice/parts/bottom.address.tpl',NULL),(731,'','invoice.base','mail','',70,'order/invoice/parts/footer.tpl',NULL),(732,'','invoice.item','mail','',20,'order/invoice/parts/item.qty.tpl',NULL),(733,'','invoice.base','mail','',50,'order/invoice/parts/bottom.tpl',NULL),(734,'','invoice.items.head','mail','',40,'order/invoice/parts/items.head.total.tpl',NULL),(735,'','invoice.items.head','mail','',10,'order/invoice/parts/items.head.item.tpl',NULL),(736,'','invoice.item','mail','',30,'order/invoice/parts/item.total.tpl',NULL),(737,'','invoice.base','mail','',10,'order/invoice/parts/head.tpl',NULL),(738,'','invoice.base','mail','',55,'order/invoice/parts/instruction.tpl',NULL),(739,'','invoice.bottom','mail','',30,'order/invoice/parts/bottom.statuses.tpl',NULL),(740,'','invoice.item','mail','',10,'order/invoice/parts/item.name.tpl',NULL),(741,'','invoice.bottom.statuses','mail','',20,'order/invoice/parts/bottom.statuses.payment.tpl',NULL),(742,'','invoice.base.totals','mail','',200,'order/invoice/parts/totals.modifiers.tpl',NULL),(743,'','invoice.head','mail','',20,'order/invoice/parts/head.logo.tpl',NULL),(744,'','invoice.bottom.address.shipping','mail','',20,'order/invoice/parts/bottom.address.shipping.tpl',NULL),(745,'','invoice.item.name','mail','',10,'order/invoice/parts/item.sku.tpl',NULL),(746,'','invoice.head','mail','',10,'order/invoice/parts/head.address.tpl',NULL),(747,'','invoice.items.head','mail','',30,'order/invoice/parts/items.head.qty.tpl',NULL),(748,'','invoice.base.totals','mail','',300,'order/invoice/parts/totals.total.tpl',NULL),(749,'','invoice.base','mail','',40,'order/invoice/parts/totals.tpl',NULL),(750,'','invoice.bottom.address.billing','mail','',10,'order/invoice/parts/bottom.address.billing.tpl',NULL),(751,'','invoice.base','mail','',30,'order/invoice/parts/items.tpl',NULL),(752,'','invoice.base.items','mail','',10,'order/invoice/parts/items.tpl',NULL),(753,'','tracking.info','mail','',10,'order_tracking_information/parts/tracking_info.tpl',NULL),(754,'','static_page.info','customer','',100,'modules/CDev/SimpleCMS/page/parts/content.tpl',NULL),(755,'','contact-us.send.fields','customer','',500,'modules/CDev/ContactUs/contact_us/fields/field.captcha.tpl',NULL),(756,'','contact-us.send.fields','customer','',200,'modules/CDev/ContactUs/contact_us/fields/field.email.tpl',NULL),(757,'','contact-us.send.fields','customer','',1000,'modules/CDev/ContactUs/contact_us/fields/action.send.tpl',NULL),(758,'','contact-us.send.fields','customer','',300,'modules/CDev/ContactUs/contact_us/fields/field.subject.tpl',NULL),(759,'','contact-us.send.fields','customer','',400,'modules/CDev/ContactUs/contact_us/fields/field.message.tpl',NULL),(760,'','contact-us.send.fields','customer','',100,'modules/CDev/ContactUs/contact_us/fields/field.name.tpl',NULL),(761,'','cart.panel.totals.modifier','customer','',16777215,'modules/CDev/Coupons/coupons_minilist.tpl',NULL),(762,'','checkout.review.selected.items.modifier','customer','',16777215,'modules/CDev/Coupons/coupons_minilist.tpl',NULL),(763,'','invoice.base.totals.modifier.name','customer','',16777215,'modules/CDev/Coupons/coupons_minilist.tpl',NULL),(764,'','cart.item.info','customer','',1000,'modules/CDev/Coupons/item.freeship.tpl',NULL),(765,'','static_page.info','customer','',100000,'modules/CDev/GoSocial/page/parts/share.tpl',NULL),(766,'','product.plain_price.tail','customer','',40,'modules/CDev/Sale/label.tpl',NULL),(767,'','product.plain_price','customer','',10,'modules/CDev/Sale/details/price.tpl',NULL),(768,'','product.plain_price.tail.sale_price.label','customer','',100,'modules/CDev/Sale/details/label.tpl',NULL),(769,'','product.plain_price.tail.sale_price.text','customer','',100,'modules/CDev/Sale/details/sale_price.tpl',NULL),(770,'','product.plain_price.tail.sale_price.text','customer','',200,'modules/CDev/Sale/details/you_save.tpl',NULL),(771,'','product.details.page.info','customer','',19,'modules/CDev/ProductAdvisor/product/details/parts/common.coming_soon.tpl',NULL),(772,'','product.details.quicklook.info','customer','',19,'modules/CDev/ProductAdvisor/product/details/parts/common.coming_soon.tpl',NULL),(773,'','itemsList.product.table.customer.columns','customer','',50,'modules/CDev/ProductAdvisor/items_list/product/parts/common.button-add2cart.tpl',NULL),(774,'','itemsList.product.grid.customer.info','customer','',0,'modules/CDev/ProductAdvisor/items_list/product/parts/common.drag-n-drop-handle.tpl',NULL),(775,'','itemsList.product.list.customer.info','customer','',0,'modules/CDev/ProductAdvisor/items_list/product/parts/common.drag-n-drop-handle.tpl',NULL),(776,'','itemsList.product.small_thumbnails.customer.info','customer','',0,'modules/CDev/ProductAdvisor/items_list/product/parts/common.drag-n-drop-handle.tpl',NULL),(777,'','itemsList.product.big_thumbnails.customer.info','customer','',0,'modules/CDev/ProductAdvisor/items_list/product/parts/common.drag-n-drop-handle.tpl',NULL),(778,'','itemsList.product.list.customer.info','customer','',1100,'modules/CDev/Paypal/item_list/product/parts/express_checkout.tpl',NULL),(779,'','customer.checkout.signin','customer','',100,'modules/CDev/Paypal/login/signin/signin.checkout.paypal.tpl',NULL),(780,'','customer.signin','customer','',100,'modules/CDev/Paypal/login/signin/signin.paypal.tpl',NULL),(781,'','layout.header.bar.links.newby','customer','',101,'modules/CDev/Paypal/login/signin/layout.header.bar.links.newby.tpl',NULL),(782,'','product.details.page.info','customer','',105,'modules/CDev/Paypal/banner/ProductDetailsPages/nearAddToCartButton.tpl',NULL),(783,'','center.bottom','customer','',99999,'modules/CDev/Paypal/banner/homePage/belowProducts.tpl',NULL),(784,'','center','customer','',10,'modules/CDev/Paypal/banner/homePage/aboveProducts.tpl',NULL),(785,'','center.bottom','customer','',99999,'modules/CDev/Paypal/banner/categoryPages/belowProducts.tpl',NULL),(786,'','center.top','customer','',100,'modules/CDev/Paypal/banner/categoryPages/aboveProducts.tpl',NULL),(787,'','cart.panel','customer','',15,'modules/CDev/Paypal/banner/cartPage/nearCheckoutButton.tpl',NULL),(788,'','product.details.page.info.buttons-added.cart-buttons','customer','',40,'modules/CDev/Paypal/product/details/parts/express_checkout.tpl',NULL),(789,'','product.details.quicklook.info.buttons-added.cart-buttons','customer','',40,'modules/CDev/Paypal/product/details/parts/express_checkout.tpl',NULL),(790,'','product.details.page.info.buttons.cart-buttons','customer','',30,'modules/CDev/Paypal/product/details/parts/express_checkout.tpl',NULL),(791,'','product.details.quicklook.info.buttons.cart-buttons','customer','',30,'modules/CDev/Paypal/product/details/parts/express_checkout.tpl',NULL),(792,'','add2cart_popup.item.buttons','customer','',300,'modules/CDev/Paypal/add2cart_popup/express_checkout.tpl',NULL),(793,'','invoice.bottom.address.billing','customer','',30,'modules/CDev/XPaymentsConnector/invoice/invoice.tpl',NULL),(794,'','customer.account.saved_cards.before','customer','',100,'modules/CDev/XPaymentsConnector/account/saved_cards.header.tpl',NULL),(795,'','customer.account.add_new_card.before','customer','',100,'modules/CDev/XPaymentsConnector/account/saved_cards.header.tpl',NULL),(796,'','customer.account.saved_cards.table','customer','',100,'modules/CDev/XPaymentsConnector/account/saved_cards.table.tpl',NULL),(797,'','customer.account.add_new_card.form','customer','',100,'modules/CDev/XPaymentsConnector/account/add_new_card.form.tpl',NULL),(798,'','customer.account.add_new_card.before','customer','',200,'modules/CDev/XPaymentsConnector/account/add_new_card.header.tpl',NULL),(799,'','customer.account.add_new_card.address','customer','',100,'modules/CDev/XPaymentsConnector/account/add_new_card.address.tpl',NULL),(800,'','checkout.review.selected','customer','',20,'modules/CDev/XPaymentsConnector/checkout/script.tpl',NULL),(801,'','add2cart_popup.item','customer','',1000,'modules/Amazon/PayWithAmazon/add2c_popup_btn.tpl',NULL),(802,'','body','customer','',999000,'modules/Amazon/PayWithAmazon/body_footer.tpl',NULL),(803,'','cart.panel.totals','customer','',1000,'modules/Amazon/PayWithAmazon/cart_btn.tpl',NULL),(804,'','minicart.horizontal.buttons','customer','',1000,'modules/Amazon/PayWithAmazon/mini_cart_btn.tpl',NULL),(805,'','checkout.shipping.selected.sub.payment','customer','',2000,'modules/Amazon/PayWithAmazon/co_btn.tpl',NULL),(806,'','head.css','customer','',0,'modules/XC/ColorSchemes/css.tpl',NULL),(807,'','capost_create_return.form','customer','',300,'modules/XC/CanadaPost/products_return/create/parts/main.form.button.tpl',NULL),(808,'','capost_create_return.form.columns','customer','',10,'modules/XC/CanadaPost/products_return/create/parts/table.common.sku.tpl',NULL),(809,'','capost_create_return.form.captions','customer','',25,'modules/XC/CanadaPost/products_return/create/parts/table.captions.amount.tpl',NULL),(810,'','capost_create_return.form.columns','customer','',15,'modules/XC/CanadaPost/products_return/create/parts/table.common.image.tpl',NULL),(811,'','capost_create_return.form.captions','customer','',5,'modules/XC/CanadaPost/products_return/create/parts/table.captions.field.tpl',NULL),(812,'','capost_create_return.form.captions','customer','',15,'modules/XC/CanadaPost/products_return/create/parts/table.captions.image.tpl',NULL),(813,'','capost_create_return.form.columns','customer','',10,'modules/XC/CanadaPost/products_return/create/parts/table.common.field.tpl',NULL),(814,'','capost_create_return','customer','',100,'modules/XC/CanadaPost/products_return/create/parts/main.info.tpl',NULL),(815,'','capost_create_return.form','customer','',100,'modules/XC/CanadaPost/products_return/create/parts/main.form.products.tpl',NULL),(816,'','capost_create_return.form.columns','customer','',25,'modules/XC/CanadaPost/products_return/create/parts/table.common.amount.tpl',NULL),(817,'','capost_create_return','customer','',200,'modules/XC/CanadaPost/products_return/create/parts/main.form.tpl',NULL),(818,'','capost_create_return.form.captions','customer','',10,'modules/XC/CanadaPost/products_return/create/parts/table.captions.sku.tpl',NULL),(819,'','capost_create_return.form','customer','',200,'modules/XC/CanadaPost/products_return/create/parts/main.form.message.tpl',NULL),(820,'','capost_create_return.form.columns','customer','',20,'modules/XC/CanadaPost/products_return/create/parts/table.common.name.tpl',NULL),(821,'','capost_create_return.form.captions','customer','',20,'modules/XC/CanadaPost/products_return/create/parts/table.captions.name.tpl',NULL),(822,'','capost_create_return.form.columns','customer','',30,'modules/XC/CanadaPost/products_return/create/parts/table.common.ret_amount.tpl',NULL),(823,'','capost_create_return.form.captions','customer','',30,'modules/XC/CanadaPost/products_return/create/parts/table.captions.ret_amount.tpl',NULL),(824,'','order.links','customer','',30,'modules/XC/CanadaPost/order/parts/link.return.tpl',NULL),(825,'','invoice.bottom.d2po','customer','',10,'modules/XC/CanadaPost/order/invoice/parts/bottom.d2po.details.tpl',NULL),(826,'','product.reviews.tab','customer','',200,'modules/XC/Reviews/reviews_tab/parts/tab.reviews_list_header.tpl',NULL),(827,'','product.reviews.tab','customer','',500,'modules/XC/Reviews/reviews_tab/parts/tab.all_reviews_link.tpl',NULL),(828,'','itemsList.product.grid.customer.info','customer','',35,'modules/XC/Reviews/product.items_list.rating.tpl',NULL),(829,'','itemsList.product.list.customer.info','customer','',45,'modules/XC/Reviews/product.items_list.rating.tpl',NULL),(830,'','reviews.product.rating.average','customer','',100,'modules/XC/Reviews/product/details/rating.tpl',NULL),(831,'','reviews.general','customer','',20,'modules/XC/Reviews/button/add_review.tpl',NULL),(832,'','product.details.page.info','customer','',17,'modules/XC/Reviews/product_details.rating.tpl',NULL),(833,'','product.reviews.page','customer','',100,'modules/XC/Reviews/reviews_page/parts/page.product.tpl',NULL),(834,'','reviews.review.title','customer','',100,'modules/XC/Reviews/reviews_page/parts/title.left.tpl',NULL),(835,'','reviews.review','customer','',200,'modules/XC/Reviews/reviews_page/parts/review.rating.tpl',NULL),(836,'','reviews.review.title','customer','',200,'modules/XC/Reviews/reviews_page/parts/title.right.tpl',NULL),(837,'','product.reviews.page','customer','',300,'modules/XC/Reviews/reviews_page/parts/page.reviews_list.tpl',NULL),(838,'','product.reviews.tab','customer','',300,'modules/XC/Reviews/reviews_page/parts/page.reviews_list.tpl',NULL),(839,'','reviews.review','customer','',100,'modules/XC/Reviews/reviews_page/parts/review.title.tpl',NULL),(840,'','product.reviews.page','customer','',200,'modules/XC/Reviews/reviews_page/parts/page.reviews_list_header.tpl',NULL),(841,'','reviews.review','customer','',300,'modules/XC/Reviews/reviews_page/parts/review.review.tpl',NULL),(842,'','reviews','customer','',16777215,'modules/XC/Reviews/reviews_page/reviews.tpl',NULL),(843,'','review.add.fields','customer','',300,'modules/XC/Reviews/review/parts/field.email.tpl',NULL),(844,'','review.add.fields','customer','',100,'modules/XC/Reviews/review/parts/field.rating.tpl',NULL),(845,'','review.add.buttons','customer','',500,'modules/XC/Reviews/review/parts/buttons.tpl',NULL),(846,'','review.add.fields','customer','',400,'modules/XC/Reviews/review/parts/field.review.tpl',NULL),(847,'','review.add.fields','customer','',200,'modules/XC/Reviews/review/parts/field.reviewer_name.tpl',NULL),(848,'','reviews.page.rating','customer','',200,'modules/XC/Reviews/average_rating/text.tpl',NULL),(849,'','reviews.tooltip.rating','customer','',200,'modules/XC/Reviews/average_rating/text.tpl',NULL),(850,'','reviews.product.rating.form.content','customer','',100,'modules/XC/Reviews/average_rating/rating.tpl',NULL),(851,'','reviews.page.rating','customer','',300,'modules/XC/Reviews/average_rating/details.tpl',NULL),(852,'','reviews.rating.details','customer','',200,'modules/XC/Reviews/average_rating/details.tpl',NULL),(853,'','reviews.product.rating','customer','',100,'modules/XC/Reviews/average_rating/form.tpl',NULL),(854,'','reviews.page.rating','customer','',100,'modules/XC/Reviews/average_rating/form.tpl',NULL),(855,'','reviews.tab.rating','customer','',200,'modules/XC/Reviews/average_rating/form.tpl',NULL),(856,'','reviews.page.rating','customer','',200,'modules/XC/Reviews/average_rating/separator.tpl',NULL),(857,'','product.details.page.info','customer','',19,'modules/XC/FreeShipping/free_ship.label.tpl',NULL),(858,'','product.details.quicklook.info','customer','',19,'modules/XC/FreeShipping/free_ship.label.tpl',NULL),(859,'','itemsList.newsMessages.customer.top.row','customer','',250,'modules/XC/News/top_news_messages/list/parts/cell.brief.tpl',NULL),(860,'','itemsList.newsMessages.customer.top.row','customer','',200,'modules/XC/News/top_news_messages/list/parts/cell.name.tpl',NULL),(861,'','itemsList.newsMessages.customer.top.row','customer','',100,'modules/XC/News/top_news_messages/list/parts/cell.date.tpl',NULL),(862,'','itemsList.newsMessages.customer.center.row','customer','',250,'modules/XC/News/news_messages/list/parts/cell.brief.tpl',NULL),(863,'','itemsList.newsMessages.customer.center.row','customer','',200,'modules/XC/News/news_messages/list/parts/cell.name.tpl',NULL),(864,'','itemsList.newsMessages.customer.center.row','customer','',100,'modules/XC/News/news_messages/list/parts/cell.date.tpl',NULL),(865,'','newsMessage.details','customer','',400,'modules/XC/News/page/news_message/parts/link.tpl',NULL),(866,'','newsMessage.details','customer','',200,'modules/XC/News/page/news_message/parts/date.tpl',NULL),(867,'','newsMessage.details','customer','',300,'modules/XC/News/page/news_message/parts/body.tpl',NULL),(868,'','product.details.page.image','customer','',16777215,'modules/XC/ProductVariants/product/default_image.tpl',NULL),(869,'','itemsList.product.grid.customer.info','customer','',20,'modules/XC/NextPreviousProduct/items-list/cookie-data.tpl',NULL),(870,'','itemsList.product.list.customer.info','customer','',20,'modules/XC/NextPreviousProduct/items-list/cookie-data.tpl',NULL),(871,'','itemsList.product.small_thumbnails.customer.details','customer','',20,'modules/XC/NextPreviousProduct/items-list/cookie-data.tpl',NULL),(872,'','itemsList.product.big_thumbnails.customer.info','customer','',200,'modules/XC/NextPreviousProduct/items-list/cookie-data.tpl',NULL),(873,'','itemsList.product.text_links.customer.info','customer','',100,'modules/XC/NextPreviousProduct/items-list/cookie-data.tpl',NULL),(874,'','productBlock.info','customer','',200,'modules/XC/NextPreviousProduct/items-list/cookie-data.tpl',NULL),(875,'','cart.group','customer','',10,'shopping_cart/parts/group.title.tpl',NULL),(876,'','cart.item','customer','',40,'shopping_cart/parts/item.price.tpl',NULL),(877,'','cart.item','customer','',60,'shopping_cart/parts/item.subtotal.tpl',NULL),(878,'','cart.item','customer','',10,'shopping_cart/parts/item.remove.tpl',NULL),(879,'','cart.item','customer','',50,'shopping_cart/parts/item.qty.tpl',NULL),(880,'','cart.item','customer','',30,'shopping_cart/parts/item.info.tpl',NULL),(881,'','cart.panel','customer','',10,'shopping_cart/parts/panel.totals.tpl',NULL),(882,'','cart.item.info','customer','',10,'shopping_cart/parts/item.info.name.tpl',NULL),(883,'','cart.panel.totals','customer','',20,'shopping_cart/parts/total.modifiers.tpl',NULL),(884,'','cart.buttons','customer','',20,'shopping_cart/parts/button.clear.tpl',NULL),(885,'','cart.panel.totals','customer','',50,'shopping_cart/parts/total.disabled.reason.tpl',NULL),(886,'','cart.panel.totals','customer','',30,'shopping_cart/parts/total.total.tpl',NULL),(887,'','cart.children','customer','',20,'shopping_cart/parts/buttons.tpl',NULL),(888,'','cart.item.info','customer','',100,'shopping_cart/parts/item.info.out.tpl',NULL),(889,'','cart.totals','customer','',30,'shopping_cart/parts/total.includedModifiers.tpl',NULL),(890,'','cart.panel.totals','customer','',30,'shopping_cart/parts/total.includedModifiers.tpl',NULL),(891,'','cart.panel','customer','',20,'shopping_cart/parts/panel.box.tpl',NULL),(892,'','cart.panel.totals','customer','',40,'shopping_cart/parts/total.button.tpl',NULL),(893,'','cart.totals','customer','',10,'shopping_cart/parts/total.subtotal.tpl',NULL),(894,'','cart.panel.totals','customer','',10,'shopping_cart/parts/total.subtotal.tpl',NULL),(895,'','cart.item','customer','',20,'shopping_cart/parts/item.image.tpl',NULL),(896,'','cart.item.info','customer','',30,'shopping_cart/parts/item.info.weight.tpl',NULL),(897,'','cart.children','customer','',30,'shopping_cart/parts/totals.tpl',NULL),(898,'','cart.children','customer','',10,'shopping_cart/parts/items.tpl',NULL),(899,'','checkout.cart','customer','',10,'shopping_cart/parts/items.tpl',NULL),(900,'','cart.bottom.right','customer','',20,'shopping_cart/checkout_buttons.tpl',NULL),(901,'','shippingEstimator.main','customer','',10,'shopping_cart/shipping_estimator/parts/main.address.tpl',NULL),(902,'','shippingEstimator.address','customer','',10,'shopping_cart/shipping_estimator/parts/address.country.tpl',NULL),(903,'','shippingEstimator.address','customer','',30,'shopping_cart/shipping_estimator/parts/address.zipcode.tpl',NULL),(904,'','shippingEstimator.address','customer','',40,'shopping_cart/shipping_estimator/parts/address.type.tpl',NULL),(905,'','shippingEstimator.address','customer','',20,'shopping_cart/shipping_estimator/parts/address.state.tpl',NULL),(906,'','shippingEstimator.main','customer','',20,'shopping_cart/shipping_estimator/parts/main.methods.tpl',NULL),(907,'','pager.itemsTotal','customer','',20,'pager/parts/items_total.tpl',NULL),(908,'','minicart.horizontal.children','customer','',5,'mini_cart/horizontal/parts/link.tpl',NULL),(909,'','minicart.horizontal.item','customer','',20,'mini_cart/horizontal/parts/item.price.tpl',NULL),(910,'','minicart.horizontal.buttons','customer','',5,'mini_cart/horizontal/parts/cart.tpl',NULL),(911,'','minicart.horizontal.buttons','customer','',10,'mini_cart/horizontal/parts/checkout.tpl',NULL),(912,'','minicart.horizontal.item','customer','',10,'mini_cart/horizontal/parts/item.name.tpl',NULL),(913,'','minicart.horizontal.buttons','customer','',20,'mini_cart/horizontal/parts/disabled_reason.tpl',NULL),(914,'','minicart.horizontal.children','customer','',10,'mini_cart/horizontal/parts/items.tpl',NULL),(915,'','customer.signin.links','customer','',100,'authentication/parts/link.create.tpl',NULL),(916,'','customer.signin.fields','customer','',200,'authentication/parts/field.password.tpl',NULL),(917,'','customer.signin.popup.fields','customer','',200,'authentication/parts/field.password.tpl',NULL),(918,'','customer.signin.fields','customer','',400,'authentication/parts/field.button.tpl',NULL),(919,'','customer.signin.popup.fields','customer','',400,'authentication/parts/field.button.tpl',NULL),(920,'','customer.signin.fields','customer','',300,'authentication/parts/field.message.tpl',NULL),(921,'','customer.signin.popup.fields','customer','',300,'authentication/parts/field.message.tpl',NULL),(922,'','customer.signin.links','customer','',200,'authentication/parts/link.bullet.tpl',NULL),(923,'','customer.signin.fields','customer','',100,'authentication/parts/field.name.tpl',NULL),(924,'','customer.signin.popup.fields','customer','',100,'authentication/parts/field.name.tpl',NULL),(925,'','customer.signin.popup.links','customer','',100,'authentication/parts/link.forgot.tpl',NULL),(926,'','customer.signin.fields','customer','',500,'authentication/parts/field.links.tpl',NULL),(927,'','product.quantity-box','customer','',20,'product/quantity_box/parts/quantity_box.tpl',NULL),(928,'','product.details.page','customer','',40,'product/details/parts/page.tabs.tpl',NULL),(929,'','product.details.page.image','customer','',15,'product/details/parts/common.loupe.tpl',NULL),(930,'','product.details.page.tab.attributes','customer','',10,'product/details/parts/page.tabs.attributes.tpl',NULL),(931,'','product.details.page.info','customer','',18,'product/details/parts/common.stock-level.tpl',NULL),(932,'','product.details.quicklook.info','customer','',18,'product/details/parts/common.stock-level.tpl',NULL),(933,'','product.details.page.info.buttons','customer','',10,'product/details/parts/common.info.buttons.cart-buttons.tpl',NULL),(934,'','product.details.page.info.buttons-added','customer','',10,'product/details/parts/common.info.buttons.cart-buttons.tpl',NULL),(935,'','product.details.quicklook.info.buttons','customer','',20,'product/details/parts/common.info.buttons.cart-buttons.tpl',NULL),(936,'','product.details.quicklook.info.buttons-added','customer','',20,'product/details/parts/common.info.buttons.cart-buttons.tpl',NULL),(937,'','product.details.page','customer','',30,'product/details/parts/page.info.tpl',NULL),(938,'','product.details.page.info','customer','',18,'product/details/parts/common.briefDescription.tpl',NULL),(939,'','product.details.page.info','customer','',42,'product/details/parts/common.notify-on-price-drop.tpl',NULL),(940,'','product.details.page.tab.description','customer','',100,'product/details/parts/common.product-description.tpl',NULL),(941,'','product.details.page.info','customer','',15,'product/details/parts/common.rate.tpl',NULL),(942,'','product.details.page.info.buttons-added.cart-buttons','customer','',30,'product/details/parts/common.add-button.tpl',NULL),(943,'','product.details.quicklook.info.buttons-added.cart-buttons','customer','',30,'product/details/parts/common.add-button.tpl',NULL),(944,'','product.details.page.info.buttons.cart-buttons','customer','',20,'product/details/parts/common.add-button.tpl',NULL),(945,'','product.details.quicklook.info.buttons.cart-buttons','customer','',20,'product/details/parts/common.add-button.tpl',NULL),(946,'','product.details.quicklook.info','customer','',12,'product/details/parts/common.more-info-link.tpl',NULL),(947,'','product.details.page.info.buttons.cart-buttons','customer','',10,'product/details/parts/common.qty.tpl',NULL),(948,'','product.details.page.info.buttons-added.cart-buttons','customer','',10,'product/details/parts/common.qty.tpl',NULL),(949,'','product.details.quicklook.info.buttons.cart-buttons','customer','',10,'product/details/parts/common.qty.tpl',NULL),(950,'','product.details.quicklook.info.buttons-added.cart-buttons','customer','',10,'product/details/parts/common.qty.tpl',NULL),(951,'','product.details.page.info','customer','',10,'product/details/parts/common.product-title.tpl',NULL),(952,'','product.details.quicklook.info','customer','',10,'product/details/parts/common.product-title.tpl',NULL),(953,'','product.details.page','customer','',20,'product/details/parts/page.image.tpl',NULL),(954,'','product.details.page.image.photo','customer','',5,'product/details/parts/common.image-previous.tpl',NULL),(955,'','product.details.page','customer','',1000,'product/details/parts/common.javascript-add2cart.tpl',NULL),(956,'','product.details.quicklook.rotator','customer','',20,'product/details/parts/quicklook.rotator.tpl',NULL),(957,'','product.details.common.product-attributes.attributes','customer','',10,'product/details/parts/common.product-attributes-list.tpl',NULL),(958,'','product.details.page.info','customer','',100,'product/details/parts/common.info.buttons.tpl',NULL),(959,'','product.details.quicklook.info','customer','',100,'product/details/parts/common.info.buttons.tpl',NULL),(960,'','product.details.page.info','customer','',40,'product/details/parts/common.price.tpl',NULL),(961,'','product.details.quicklook.info','customer','',40,'product/details/parts/common.price.tpl',NULL),(962,'','product.details.page.tab.description','customer','',50,'product/details/parts/common.product-common-attributes.tpl',NULL),(963,'','product.details.quicklook','customer','',30,'product/details/parts/quicklook.info.tpl',NULL),(964,'','product.details.quicklook','customer','',20,'product/details/parts/quicklook.image.tpl',NULL),(965,'','product.details.page.image.photo','customer','',15,'product/details/parts/common.image-next.tpl',NULL),(966,'','product.details.page.tab.description','customer','',100,'product/details/parts/common.product-main-attributes.tpl',NULL),(967,'','product.details.page.info','customer','',55,'product/details/parts/common.product-editable-attributes.tpl',NULL),(968,'','product.details.quicklook.info','customer','',55,'product/details/parts/common.product-editable-attributes.tpl',NULL),(969,'','product.details.page.info','customer','',18,'product/details/parts/common.stock.tpl',NULL),(970,'','product.details.quicklook.info','customer','',18,'product/details/parts/common.stock.tpl',NULL),(971,'','product.details.page.info','customer','',110,'product/details/parts/common.share.tpl',NULL),(972,'','product.details.page.info.buttons-added','customer','',5,'product/details/parts/common.product-added.tpl',NULL),(973,'','product.details.quicklook.info.buttons-added','customer','',5,'product/details/parts/common.product-added.tpl',NULL),(974,'','product.details.common.product-attributes.elements','customer','',200,'product/details/common_attributes/common.product-attributes.sku.tpl',NULL),(975,'','product.details.common.product-attributes.elements','customer','',100,'product/details/common_attributes/common.product-attributes.weight.tpl',NULL),(976,'','products.search.conditions.phrase','customer','',300,'product/search/parts/phrase.phrase.tpl',NULL),(977,'','products.search.conditions.advanced','customer','',200,'product/search/parts/advanced.category.tpl',NULL),(978,'','products.search.conditions.substring','customer','',100,'product/search/parts/substring.input.tpl',NULL),(979,'','products.search.conditions.advanced.options','customer','',300,'product/search/parts/advanced.options.sku.tpl',NULL),(980,'','products.search.conditions.phrase','customer','',100,'product/search/parts/phrase.all.tpl',NULL),(981,'','products.search.conditions.advanced','customer','',100,'product/search/parts/advanced.options.tpl',NULL),(982,'','products.search.conditions.substring','customer','',200,'product/search/parts/substring.button.tpl',NULL),(983,'','products.search.conditions-responsive.substring','customer','',200,'product/search/parts/substring.button.tpl',NULL),(984,'','products.search.conditions.advanced.options','customer','',200,'product/search/parts/advanced.options.descr.tpl',NULL),(985,'','products.search.conditions.phrase','customer','',200,'product/search/parts/phrase.any.tpl',NULL),(986,'','products.search.conditions.advanced.options','customer','',100,'product/search/parts/advanced.options.title.tpl',NULL),(987,'','product.simple-search-form.simple-box','customer','',10,'product/search/simple-search-parts/simple-box.tpl',NULL),(988,'','product.simple-search-form.simple-box.elements','customer','',10,'product/search/simple-search-parts/input.tpl',NULL),(989,'','product.simple-search-form.simple-box.elements','customer','',20,'product/search/simple-search-parts/submit.tpl',NULL),(990,'','layout.header','customer','',300,'layout/header.bar.tpl',NULL),(991,'','layout.main.center','customer','',300,'layout/main.center.right.tpl',NULL),(992,'','layout.header.bar.links.logged','customer','',300,'layout/header.bar.links.logged.logout.tpl',NULL),(993,'','layout.footer','customer','',500,'layout/main.footer.tpl',NULL),(994,'','layout.header.bar.links.logged','customer','',200,'layout/header.bar.links.logged.account.tpl',NULL),(995,'','layout.main','customer','',300,'layout/main.location.tpl',NULL),(996,'','layout.main.center','customer','',100,'layout/main.center.left.tpl',NULL),(997,'','layout.header','customer','',200,'layout/header.right.tpl',NULL),(998,'','layout.header','customer','',100,'layout/header.logo.tpl',NULL),(999,'','layout.main.footer','customer','',1000,'layout/main.footer.section.tpl',NULL),(1000,'','layout.header.bar','customer','',200,'layout/header.bar.search.tpl',NULL),(1001,'','layout.main.center','customer','',200,'layout/main.center.center.tpl',NULL),(1002,'','layout.responsive.search','customer','',200,'layout/header.bar.mobilesearch.tpl',NULL),(1003,'','layout.header.bar.links.newby','customer','',100,'layout/header.bar.links.newby.login.tpl',NULL),(1004,'','layout.main','customer','',400,'layout/main.center.tpl',NULL),(1005,'','layout.header.bar.links.newby','customer','',200,'layout/header.bar.links.newby.register.tpl',NULL),(1006,'','layout.header.bar','customer','',100,'layout/header.bar.links.tpl',NULL),(1007,'','layout.responsive.account','customer','',50,'layout/header.bar.links.tpl',NULL),(1008,'','layout.main','customer','',200,'layout/main.header.tpl',NULL),(1009,'','layout.header.bar','customer','',100,'layout/header.bar.links.logged.tpl',NULL),(1010,'','layout.responsive.account','customer','',50,'layout/header.bar.links.logged.tpl',NULL),(1011,'','recover.password','customer','',100,'recover_password/note.tpl',NULL),(1012,'','recover.password.fields','customer','',200,'recover_password/form.user.tpl',NULL),(1013,'','recover.password','customer','',200,'recover_password/form.tpl',NULL),(1014,'','recover.password.fields','customer','',300,'recover_password/form.button.tpl',NULL),(1015,'','recover.password.fields','customer','',100,'recover_password/form.email.tpl',NULL),(1016,'','itemsList.product.table.customer.captions','customer','',5,'items_list/product/parts/table.captions.field-select-all.tpl',NULL),(1017,'','itemsList.product.table.customer.captions','customer','',50,'items_list/product/parts/table.captions.add2cart-button.tpl',NULL),(1018,'','itemsList.product.cart','customer','',16777215,'items_list/product/parts/common.cart-tray.tpl',NULL),(1019,'','itemsList.product.grid.customer.info','customer','',998,'items_list/product/parts/common.added-mark.tpl',NULL),(1020,'','itemsList.product.list.customer.photo','customer','',998,'items_list/product/parts/common.added-mark.tpl',NULL),(1021,'','itemsList.product.small_thumbnails.customer.info','customer','',998,'items_list/product/parts/common.added-mark.tpl',NULL),(1022,'','itemsList.product.big_thumbnails.customer.info','customer','',16777215,'items_list/product/parts/common.added-mark.tpl',NULL),(1023,'','itemsList.product.table.customer.columns','customer','',5,'items_list/product/parts/common.field-select-product.tpl',NULL),(1024,'','itemsList.product.list.customer.photo','customer','',10,'items_list/product/parts/common.product-thumbnail-aligned-top.tpl',NULL),(1025,'','itemsList.product.grid.customer.header','customer','',20,'items_list/product/parts/common.display-modes.tpl',NULL),(1026,'','itemsList.product.list.customer.header','customer','',20,'items_list/product/parts/common.display-modes.tpl',NULL),(1027,'','itemsList.product.table.customer.header','customer','',20,'items_list/product/parts/common.display-modes.tpl',NULL),(1028,'','itemsList.product.list.customer.info','customer','',1000,'items_list/product/parts/list.button-add2cart.tpl',NULL),(1029,'','itemsList.product.small_thumbnails.customer.info','customer','',20,'items_list/product/parts/small-thumbnails.details.tpl',NULL),(1030,'','itemsList.product.list.customer.info','customer','',30,'items_list/product/parts/common.product-description.tpl',NULL),(1031,'','itemsList.product.table.customer.captions','customer','',25,'items_list/product/parts/table.captions.labels.tpl',NULL),(1032,'','itemsList.product.table.customer.captions','customer','',30,'items_list/product/parts/table.captions.qty.tpl',NULL),(1033,'','itemsList.product.table.customer.columns','customer','',20,'items_list/product/parts/common.product-link.tpl',NULL),(1034,'','itemsList.product.table.customer.captions','customer','',10,'items_list/product/parts/table.captions.sku.tpl',NULL),(1035,'','itemsList.product.grid.customer.info','customer','',30,'items_list/product/parts/common.product-price.tpl',NULL),(1036,'','itemsList.product.small_thumbnails.customer.details','customer','',25,'items_list/product/parts/common.product-price.tpl',NULL),(1037,'','itemsList.product.list.customer.info','customer','',40,'items_list/product/parts/common.product-price.tpl',NULL),(1038,'','itemsList.product.table.customer.columns','customer','',40,'items_list/product/parts/common.product-price.tpl',NULL),(1039,'','productBlock.info','customer','',300,'items_list/product/parts/common.product-price.tpl',NULL),(1040,'','itemsList.product.grid.customer.tail','customer','',600,'items_list/product/parts/grid.button-add2cart-wrapper.tpl',NULL),(1041,'','itemsList.product.grid.customer.info','customer','',20,'items_list/product/parts/common.product-name.tpl',NULL),(1042,'','itemsList.product.list.customer.info','customer','',20,'items_list/product/parts/common.product-name.tpl',NULL),(1043,'','itemsList.product.small_thumbnails.customer.details','customer','',20,'items_list/product/parts/common.product-name.tpl',NULL),(1044,'','itemsList.product.big_thumbnails.customer.info','customer','',200,'items_list/product/parts/common.product-name.tpl',NULL),(1045,'','itemsList.product.text_links.customer.info','customer','',100,'items_list/product/parts/common.product-name.tpl',NULL),(1046,'','productBlock.info','customer','',200,'items_list/product/parts/common.product-name.tpl',NULL),(1047,'','itemsList.product.grid.customer.info','customer','',10,'items_list/product/parts/grid.photo.tpl',NULL),(1048,'','itemsList.product.small_thumbnails.customer.info','customer','',10,'items_list/product/parts/grid.photo.tpl',NULL),(1049,'','itemsList.product.big_thumbnails.customer.info','customer','',100,'items_list/product/parts/grid.photo.tpl',NULL),(1050,'','itemsList.product.grid.customer.header','customer','',16777215,'items_list/product/parts/common.sort-options.tpl',NULL),(1051,'','itemsList.product.list.customer.header','customer','',16777215,'items_list/product/parts/common.sort-options.tpl',NULL),(1052,'','itemsList.product.table.customer.header','customer','',16777215,'items_list/product/parts/common.sort-options.tpl',NULL),(1053,'','itemsList.product.table.customer.captions','customer','',20,'items_list/product/parts/table.captions.name.tpl',NULL),(1054,'','itemsList.product.table.customer.columns','customer','',10,'items_list/product/parts/common.product-sku.tpl',NULL),(1056,'','itemsList.product.grid.customer.info.photo','customer','',10,'items_list/product/parts/common.product-thumbnail.tpl',NULL),(1057,'','itemsList.product.small_thumbnails.customer.info.photo','customer','',10,'items_list/product/parts/common.product-thumbnail.tpl',NULL),(1058,'','itemsList.product.big_thumbnails.customer.info.photo','customer','',10,'items_list/product/parts/common.product-thumbnail.tpl',NULL),(1059,'','productBlock.info.photo','customer','',100,'items_list/product/parts/common.product-thumbnail.tpl',NULL),(1060,'','itemsList.product.table.customer.buttons','customer','',50,'items_list/product/parts/common.button-buy-selected.tpl',NULL),(1061,'','itemsList.product.table.customer.columns','customer','',30,'items_list/product/parts/common.field-product-qty.tpl',NULL),(1062,'','itemsList.product.grid.customer.info','customer','',998,'items_list/product/parts/common.labels.tpl',NULL),(1063,'','itemsList.product.small_thumbnails.customer.details','customer','',30,'items_list/product/parts/common.labels.tpl',NULL),(1064,'','itemsList.product.list.customer.photo','customer','',998,'items_list/product/parts/common.labels.tpl',NULL),(1065,'','itemsList.product.table.customer.columns','customer','',25,'items_list/product/parts/common.labels.tpl',NULL),(1066,'','itemsList.product.big_thumbnails.customer.info','customer','',998,'items_list/product/parts/common.labels.tpl',NULL),(1067,'','productBlock.info.photo','customer','',998,'items_list/product/parts/common.labels.tpl',NULL),(1068,'','itemsList.product.grid.customer.info','customer','',999,'items_list/product/parts/common.quicklook-button.tpl',NULL),(1069,'','itemsList.product.list.customer.quicklook','customer','',999,'items_list/product/parts/common.quicklook-button.tpl',NULL),(1070,'','productBlock.info','customer','',999,'items_list/product/parts/common.quicklook-button.tpl',NULL),(1071,'','itemsList.product.table.customer.captions','customer','',40,'items_list/product/parts/table.captions.price.tpl',NULL),(1072,'','itemsList.product.grid.customer.info','customer','',0,'items_list/product/parts/common.drag-n-drop-handle.tpl',NULL),(1073,'','itemsList.product.list.customer.info','customer','',0,'items_list/product/parts/common.drag-n-drop-handle.tpl',NULL),(1074,'','itemsList.product.small_thumbnails.customer.info','customer','',0,'items_list/product/parts/common.drag-n-drop-handle.tpl',NULL),(1075,'','itemsList.product.big_thumbnails.customer.info','customer','',0,'items_list/product/parts/common.drag-n-drop-handle.tpl',NULL),(1076,'','itemsList.product.list.customer.body','customer','',20,'items_list/product/center/list/parts/body/thumbnail.tpl',NULL),(1077,'','itemsList.product.list.customer.body','customer','',40,'items_list/product/center/list/parts/body/body.tpl',NULL),(1078,'','head','customer','',600,'header/parts/meta_description.tpl',NULL),(1079,'','head','customer','',2,'header/parts/canonical.tpl',NULL),(1080,'','head','customer','',500,'header/parts/meta_generator.tpl',NULL),(1081,'','head','customer','',650,'header/parts/meta_viewport.tpl',NULL),(1082,'','head','customer','',1100,'header/parts/link_css.tpl',NULL),(1083,'','head','customer','',100,'header/parts/title.tpl',NULL),(1084,'','head.css','customer','',100,'header/parts/parts.css/css.tpl',NULL),(1085,'','head.css','customer','',200,'header/parts/parts.css/css_aggregation.tpl',NULL),(1086,'','head','customer','',700,'header/parts/meta_keywords.tpl',NULL),(1087,'','head','customer','',1,'header/parts/base.tpl',NULL),(1088,'','head','customer','',200,'header/parts/meta_content_type.tpl',NULL),(1089,'','head','customer','',1000,'header/parts/link_favicon.tpl',NULL),(1090,'','head','customer','',800,'header/parts/meta_compat_ie.tpl',NULL),(1091,'','head','customer','',1300,'header/parts/script_config.tpl',NULL),(1092,'','head','customer','',16777215,'header/meta.tpl',NULL),(1093,'','productBlock.info','customer','',400,'product_box/parts/add2cart.tpl',NULL),(1094,'','productBlock.info','customer','',100,'product_box/parts/photo.tpl',NULL),(1095,'','jscontainer.js','customer','',100,'jscontainer/parts/js.tpl',NULL),(1096,'','jscontainer.js','customer','',200,'jscontainer/parts/js_aggregation.tpl',NULL),(1097,'','order.status','customer','',10,'order/parts/status.payment.tpl',NULL),(1098,'','invoice.base','customer','',60,'order/parts/note.tpl',NULL),(1099,'','order.links','customer','',20,'order/parts/link.print.tpl',NULL),(1100,'','order.children','customer','',20,'order/parts/links.tpl',NULL),(1101,'','order.children','customer','',10,'order/parts/status.tpl',NULL),(1102,'','order.status','customer','',20,'order/parts/status.shipping.tpl',NULL),(1103,'','order.links','customer','',10,'order/parts/link.back.tpl',NULL),(1104,'','invoice.items.head','customer','',20,'order/invoice/parts/items.head.price.tpl',NULL),(1105,'','invoice.base.totals','customer','',100,'order/invoice/parts/totals.subtotal.tpl',NULL),(1106,'','invoice.bottom.address.shipping','customer','',20,'order/invoice/parts/bottom.methods.shipping.tpl',NULL),(1107,'','invoice.item','customer','',20,'order/invoice/parts/item.price.tpl',NULL),(1108,'','invoice.bottom.address.billing','customer','',20,'order/invoice/parts/bottom.methods.payment.tpl',NULL),(1109,'','invoice.base','customer','',20,'order/invoice/parts/title.tpl',NULL),(1110,'','invoice.base','customer','',70,'order/invoice/parts/footer.tpl',NULL),(1111,'','invoice.item','customer','',20,'order/invoice/parts/item.qty.tpl',NULL),(1112,'','invoice.base','customer','',50,'order/invoice/parts/bottom.tpl',NULL),(1113,'','invoice.items.head','customer','',40,'order/invoice/parts/items.head.total.tpl',NULL),(1114,'','invoice.items.head','customer','',10,'order/invoice/parts/items.head.item.tpl',NULL),(1115,'','invoice.base.totals','customer','',300,'order/invoice/parts/totals.includedModifiers.tpl',NULL),(1116,'','invoice.item','customer','',30,'order/invoice/parts/item.total.tpl',NULL),(1117,'','invoice.base','customer','',10,'order/invoice/parts/head.tpl',NULL),(1118,'','invoice.base','customer','',55,'order/invoice/parts/instruction.tpl',NULL),(1119,'','invoice.item','customer','',10,'order/invoice/parts/item.name.tpl',NULL),(1120,'','invoice.base.totals','customer','',200,'order/invoice/parts/totals.modifiers.tpl',NULL),(1121,'','invoice.head','customer','',20,'order/invoice/parts/head.logo.tpl',NULL),(1122,'','invoice.bottom.address.shipping','customer','',20,'order/invoice/parts/bottom.address.shipping.tpl',NULL),(1123,'','invoice.item.name','customer','',10,'order/invoice/parts/item.sku.tpl',NULL),(1124,'','invoice.head','customer','',10,'order/invoice/parts/head.address.tpl',NULL),(1125,'','invoice.items.head','customer','',30,'order/invoice/parts/items.head.qty.tpl',NULL),(1126,'','invoice.base.totals','customer','',300,'order/invoice/parts/totals.total.tpl',NULL),(1127,'','invoice.base','customer','',40,'order/invoice/parts/totals.tpl',NULL),(1128,'','invoice.bottom.address.billing','customer','',10,'order/invoice/parts/bottom.address.billing.tpl',NULL),(1129,'','invoice.base','customer','',30,'order/invoice/parts/items.tpl',NULL),(1130,'','orders.children.view_all_items_link','customer','',10,'order/list/parts/view_all_items_link.tpl',NULL),(1131,'','orders.children','customer','',20,'order/list/parts/items.tpl',NULL),(1132,'','orders.search.conditions','customer','',35,'order/search/parts/condition.shipping_status.tpl',NULL),(1133,'','orders.search.base','customer','',20,'order/search/parts/conditions.tpl',NULL),(1134,'','orders.search.conditions','customer','',30,'order/search/parts/condition.payment_status.tpl',NULL),(1135,'','orders.search.conditions','customer','',20,'order/search/parts/condition.date.tpl',NULL),(1136,'','orders.search.conditions','customer','',40,'order/search/parts/condition.button.tpl',NULL),(1137,'','orders.search.base','customer','',10,'order/search/parts/summary.tpl',NULL),(1138,'','checkout.cart','customer','',20,'checkout/parts/cart.totals.tpl',NULL),(1139,'','checkout.success.panel','customer','',300,'checkout/success/parts/panel_line.tpl',NULL),(1140,'','checkout.success.panel.buttons','customer','',200,'checkout/success/parts/button.print.tpl',NULL),(1141,'','checkout.success','customer','',100,'checkout/success/parts/panel.tpl',NULL),(1142,'','checkout.success.panel','customer','',200,'checkout/success/parts/buttons.tpl',NULL),(1143,'','checkout.success','customer','',200,'checkout/success/parts/invoice.tpl',NULL),(1144,'','checkout.main','customer','',16777215,'checkout/labels.tpl',NULL),(1145,'','checkout.success.panel','customer','',100,'checkout/success_message.tpl',NULL),(1146,'','signin-anonymous-title','customer','',200,'checkout/parts_signin/signin_anonymous_box.tpl',NULL),(1147,'','customer.checkout.signin','customer','',10,'checkout/parts_signin/signin_login_form.tpl',NULL),(1148,'','signin.main','customer','',10,'checkout/parts_signin/signin.tpl',NULL),(1149,'','checkout.signin.form','customer','',10,'checkout/parts_signin/parts_login_form/email.tpl',NULL),(1150,'','checkout.signin.form','customer','',20,'checkout/parts_signin/parts_login_form/password.tpl',NULL),(1151,'','checkout.signin.form','customer','',30,'checkout/parts_signin/parts_login_form/button.tpl',NULL),(1152,'','signin-anonymous-title','customer','',20,'checkout/parts_signin/signin_title.tpl',NULL),(1153,'','checkout.shipping.selected','customer','',200,'checkout/steps/shipping/parts/subsection.payment.tpl',NULL),(1154,'','checkout.shipping.selected.sub.shipping','customer','',100,'checkout/steps/shipping/parts/address.first.tpl',NULL),(1155,'','checkout.payment.address.after','customer','',200,'checkout/steps/shipping/parts/address.billing.same.tpl',NULL),(1156,'','checkout.payment.address.email','customer','',100,'checkout/steps/shipping/parts/address.billing.create.tpl',NULL),(1157,'','checkout.shipping.selected.sub.payment','customer','',200,'checkout/steps/shipping/parts/shippingMethods.tpl',NULL),(1158,'','checkout.shipping.address.email','customer','',100,'checkout/steps/shipping/parts/address.shipping.create.tpl',NULL),(1159,'','checkout.shipping.selected','customer','',100,'checkout/steps/shipping/parts/subsection.shipping.tpl',NULL),(1160,'','checkout.shipping.selected.sub.payment','customer','',100,'checkout/steps/shipping/parts/address.second.tpl',NULL),(1161,'','checkout.review.selected','customer','',20,'checkout/steps/review/parts/place_order.tpl',NULL),(1162,'','checkout.review.selected.placeOrder','customer','',400,'checkout/steps/review/parts/place_order.button.tpl',NULL),(1163,'','checkout.review.selected.items','customer','',40,'checkout/steps/review/parts/items.includedModifiers.tpl',NULL),(1164,'','checkout.review.selected.items','customer','',50,'checkout/steps/review/parts/items.paid.tpl',NULL),(1165,'','checkout.review.inactive.items','customer','',50,'checkout/steps/review/parts/items.paid.tpl',NULL),(1166,'','checkout.review.selected.items','customer','',40,'checkout/steps/review/parts/items.total.tpl',NULL),(1167,'','checkout.review.inactive.items','customer','',40,'checkout/steps/review/parts/items.total.tpl',NULL),(1168,'','checkout.review.selected.placeOrder','customer','',500,'checkout/steps/review/parts/place_order.agree_note.tpl',NULL),(1169,'','checkout.review.selected.placeOrder','customer','',200,'checkout/steps/review/parts/place_order.note.tpl',NULL),(1170,'','checkout.review.selected.items','customer','',30,'checkout/steps/review/parts/items.modifiers.tpl',NULL),(1171,'','checkout.review.selected.items','customer','',10,'checkout/steps/review/parts/items.subtotal.tpl',NULL),(1172,'','checkout.review.inactive.items','customer','',10,'checkout/steps/review/parts/items.subtotal.tpl',NULL),(1173,'','checkout.review.selected.items','customer','',20,'checkout/steps/review/parts/items.list.tpl',NULL),(1174,'','checkout.review.inactive.items','customer','',20,'checkout/steps/review/parts/items.list.tpl',NULL),(1175,'','product.plain_price','customer','',10,'common/price_parts/price.tpl',NULL),(1176,'','order_status.nowrapper','customer','',10,'common/order_status_nowrapper.tpl',NULL),(1177,'','surcharge.common','customer','',100,'common/surcharge_parts/surcharge.tpl',NULL),(1178,'','order_status.wrapper','customer','',10,'common/order_status_wrapper.tpl',NULL);
CREATE TABLE `xlite_volume_discounts` (
  `id` int(10) unsigned NOT NULL AUTO_INCREMENT,
  `membership_id` int(10) unsigned DEFAULT NULL,
  `value` decimal(14,4) NOT NULL,
  `type` char(1) COLLATE utf8_unicode_ci NOT NULL,
  `subtotalRangeBegin` decimal(14,4) NOT NULL,
  `subtotalRangeEnd` decimal(14,4) NOT NULL,
  PRIMARY KEY (`id`),
  KEY `IDX_3959CFC81FB354CD` (`membership_id`),
  KEY `range` (`subtotalRangeBegin`,`subtotalRangeEnd`),
  CONSTRAINT `FK_3959CFC81FB354CD` FOREIGN KEY (`membership_id`) REFERENCES `xlite_memberships` (`membership_id`) ON DELETE CASCADE
) ENGINE=InnoDB DEFAULT CHARSET=utf8 COLLATE=utf8_unicode_ci;
CREATE TABLE `xlite_xpc_payment_transaction_data` (
  `id` int(10) unsigned NOT NULL AUTO_INCREMENT,
  `transaction_id` int(11) DEFAULT NULL,
  `card_number` varchar(255) COLLATE utf8_unicode_ci NOT NULL,
  `card_type` varchar(255) COLLATE utf8_unicode_ci NOT NULL,
  `card_expire` varchar(255) COLLATE utf8_unicode_ci NOT NULL,
  `use_for_recharges` char(1) COLLATE utf8_unicode_ci NOT NULL,
  PRIMARY KEY (`id`),
  UNIQUE KEY `UNIQ_46DDB2932FC0CB0F` (`transaction_id`),
  CONSTRAINT `FK_46DDB2932FC0CB0F` FOREIGN KEY (`transaction_id`) REFERENCES `xlite_payment_transactions` (`transaction_id`) ON DELETE CASCADE
) ENGINE=InnoDB DEFAULT CHARSET=utf8 COLLATE=utf8_unicode_ci;
CREATE TABLE `xlite_zone_elements` (
  `element_id` int(11) NOT NULL AUTO_INCREMENT,
  `zone_id` int(11) DEFAULT NULL,
  `element_value` varchar(255) COLLATE utf8_unicode_ci NOT NULL,
  `element_type` char(1) COLLATE utf8_unicode_ci NOT NULL,
  PRIMARY KEY (`element_id`),
  KEY `IDX_2AF5A18A9F2C3FAB` (`zone_id`),
  KEY `type_value` (`element_type`,`element_value`),
  KEY `id_type` (`zone_id`,`element_type`),
  CONSTRAINT `FK_2AF5A18A9F2C3FAB` FOREIGN KEY (`zone_id`) REFERENCES `xlite_zones` (`zone_id`) ON DELETE CASCADE
) ENGINE=InnoDB DEFAULT CHARSET=utf8 COLLATE=utf8_unicode_ci;
INSERT INTO `xlite_zone_elements` VALUES (1,2,'US','C'),(2,2,'VI','C'),(3,2,'UM','C'),(4,3,'US','C'),(5,3,'VI','C'),(6,3,'UM','C'),(7,3,'CA','C'),(8,4,'AT','C'),(9,4,'BE','C'),(10,4,'BG','C'),(11,4,'HR','C'),(12,4,'CY','C'),(13,4,'CZ','C'),(14,4,'DK','C'),(15,4,'EE','C'),(16,4,'FL','C'),(17,4,'FR','C'),(18,4,'DE','C'),(19,4,'GR','C'),(20,4,'HU','C'),(21,4,'IE','C'),(22,4,'IT','C'),(23,4,'LV','C'),(24,4,'LT','C'),(25,4,'LU','C'),(26,4,'MT','C'),(27,4,'NL','C'),(28,4,'PL','C'),(29,4,'PT','C'),(30,4,'RO','C'),(31,4,'SK','C'),(32,4,'SI','C'),(33,4,'ES','C'),(34,4,'SE','C'),(35,4,'GB','C');
CREATE TABLE `xlite_zones` (
  `zone_id` int(11) NOT NULL AUTO_INCREMENT,
  `zone_name` varchar(64) COLLATE utf8_unicode_ci NOT NULL,
  `is_default` tinyint(1) NOT NULL,
  PRIMARY KEY (`zone_id`),
  KEY `zone_name` (`zone_name`),
  KEY `zone_default` (`is_default`)
) ENGINE=InnoDB DEFAULT CHARSET=utf8 COLLATE=utf8_unicode_ci;
INSERT INTO `xlite_zones` VALUES (1,'All Addresses (default zone)',1),(2,'United States',0),(3,'United States & Canada',0),(4,'Europe',0);
COMMIT;